{"tokens_per_s":62914.32480087927,"gpu/peak_reserved_gb":52.3671875,"_timestamp":1.7808637253090727e+09,"lr":0.0001,"_runtime":163052,"ms_per_step":4166.682243347168,"_step":38528,"grad_norm":0.5859375,"_wandb":{"runtime":163052},"tokens_processed":9999745024,"val/loss":2.9472708106040955,"gpu/peak_allocated_gb":51.25713539123535,"gpu/peak_memory_gb":51.25713539123535,"model/num_params":513697792,"train/step_loss":2.8388117849826813,"num_params":513697792,"train/loss":3.0403560280799864}