repo_id,label,group,residual_idx,num_sources,distributions,entropy_mean,entropy_std,normalized_entropy_mean,effective_sources_mean,top1_mass_mean,top3_mass_mean,top5_mass_mean,gini_mean,simpson_concentration_mean,js_generalized,mean_weight_cv,contribution_rms_mean
Jonnester/LR-AttnRes-Full,Full,standard_attnres,1,2,1007616,0.148947163083689,0.045163957385141645,0.21488533078170405,1.1618199794273065,0.9649874354765667,1.0,1.0,0.4649874345073855,0.9328609094387148,0.0028105719597799894,0.2182891756283121,0.03351733809321877
Jonnester/LR-AttnRes-Full,Full,standard_attnres,2,3,1007616,0.8994051872230158,0.10368843797574241,0.8186738781812715,2.4711431817310614,0.5975954697384098,1.0,1.0,0.309672447724071,0.46656113984138986,0.09128969662213948,0.4707800129903497,0.17475842484613743
Jonnester/LR-AttnRes-Full,Full,standard_attnres,3,4,1007616,0.6834565672448011,0.12190282883318694,0.49300969180052845,1.9954276143050775,0.7706377603174225,0.9934570629422258,1.0,0.5956978051643061,0.6305213434909417,0.032232903208467834,0.4044958614783576,0.03723800888027602
Jonnester/LR-AttnRes-Full,Full,standard_attnres,4,5,1007616,1.457558862562102,0.05691192383187554,0.9056322017336279,4.302308264786635,0.35208935805452546,0.8034969359878602,1.0,0.2807164129202928,0.2575286941799691,0.030593621275555538,0.25211922971967365,0.08846318731463053
Jonnester/LR-AttnRes-Full,Full,standard_attnres,5,6,1007616,1.521613534873094,0.053534004748734904,0.8492286370052555,4.586092747323882,0.35002084500421354,0.7801199439095288,0.991170975735517,0.3754681586250057,0.24609624188605364,0.045870292986801564,0.2897458103681901,0.06067086041458254
Jonnester/LR-AttnRes-Full,Full,standard_attnres,6,7,1007616,1.7387664182399347,0.08415378381455468,0.893549228102211,5.709328678565297,0.3026327321199867,0.6677493986075487,0.8975035790505448,0.3298543585025198,0.2017876805086446,0.04051369403530036,0.2809839445519443,0.05596161636325956
Jonnester/LR-AttnRes-Full,Full,standard_attnres,7,8,1007616,1.743509475777789,0.09053561185049515,0.8384508287034383,5.740168912623956,0.31423100368763374,0.6990815614297138,0.8996326104412234,0.4282163427612646,0.20805420114742063,0.09374925918820698,0.3889726214029431,0.039632915269310884
Jonnester/LR-AttnRes-Full,Full,standard_attnres,8,9,1007616,1.9426176344476096,0.20318955361693353,0.8841233767145048,7.098955418036236,0.316367930270792,0.5890492879278292,0.7797646328685729,0.35103795320037906,0.1880720094209764,0.07160171925616665,0.3448620390949959,0.040406846068631236
Jonnester/LR-AttnRes-Full,Full,standard_attnres,9,10,1007616,1.9196437170835046,0.06863229635236641,0.8336906336187347,6.83437429211004,0.2790184348094754,0.6299589242392439,0.8440501815904446,0.4644407191412236,0.17614543607564476,0.0567734385233174,0.3357898379019064,0.031950238904332726
Jonnester/LR-AttnRes-Full,Full,standard_attnres,10,11,1007616,2.0395227796663113,0.1169045051247285,0.8505470621876601,7.737994515798925,0.26831261898443953,0.5920473046419097,0.7806897929044274,0.44761837497959295,0.16297153946830006,0.06723185612084759,0.3307201174928079,0.029317536732045617
Jonnester/LR-AttnRes-Full,Full,standard_attnres,11,12,1007616,2.121989364546489,0.07549502770459984,0.8539513519139794,8.370881266710235,0.22184129858889232,0.53139541788799,0.7502150094606043,0.44740174892472057,0.1404911024056799,0.08711111733650156,0.39551007306347846,0.02498046605567622
Jonnester/LR-AttnRes-Full,Full,standard_attnres,12,13,1007616,2.227288288798759,0.1378519927627271,0.8683557180854363,9.355333754686805,0.25771572907281115,0.5194273130680488,0.6872122670576825,0.42453741809216944,0.1405633973881481,0.06735883504050255,0.32378189182632194,0.024626594230187843
Jonnester/LR-AttnRes-Full,Full,standard_attnres,13,14,1007616,2.2249452505654435,0.1487019334387732,0.8430833147793282,9.347355090505708,0.28034392241539996,0.5418857248818002,0.7070580774206456,0.4753923341026151,0.14978219689877054,0.10164992375856663,0.41188427833820557,0.022187710517928713
Jonnester/LR-AttnRes-Full,Full,standard_attnres,14,15,1007616,2.3980577011418536,0.07989564280148873,0.8855292598406473,11.035331346155182,0.20921388849979494,0.4665414705509093,0.6387911797539005,0.4185962003421008,0.1128473506589246,0.05426030649077651,0.3170426883167105,0.021198075961291304
Jonnester/LR-AttnRes-Full,Full,standard_attnres,15,16,1007616,2.44407461135368,0.08742929334754368,0.8815135679593901,11.562276320728829,0.17563479436122306,0.4253293464823467,0.6119702177319101,0.42930532616328415,0.10324232801189268,0.10307976644390449,0.44496768760935285,0.019346697043960658
Jonnester/LR-AttnRes-Full,Full,standard_attnres,16,17,1007616,2.473352595073421,0.13544540147014925,0.872984932690132,11.964563191421632,0.20982750571840178,0.4352597565185733,0.5981329223973965,0.44316712070286757,0.11010679554163925,0.06971628428482202,0.36009805238415515,0.019300091172564492
Jonnester/LR-AttnRes-Full,Full,standard_attnres,17,18,1007616,2.532701366316012,0.10740257333519362,0.8762545634091385,12.658521667728579,0.21778994108118663,0.43577589421737484,0.5879762681519113,0.4452939384836492,0.10554414999678852,0.051531149453811764,0.3241910824759463,0.017695770327207087
Jonnester/LR-AttnRes-Full,Full,standard_attnres,18,19,1007616,2.629672098935135,0.054006313822918234,0.8930978445502801,13.889268448682335,0.1853681434460772,0.4010386372484812,0.5465301091108865,0.4236294610228965,0.09016676780169572,0.029470060858809877,0.26389820658298613,0.017269374521359144
Jonnester/LR-AttnRes-Full,Full,standard_attnres,19,20,1007616,2.5848944807440284,0.09710358826464936,0.8628589321927327,13.322005791392753,0.1768717058305818,0.3998366875377128,0.5637082220093022,0.4811701348157433,0.09478164773161818,0.09504935848225493,0.42781310271573914,0.015685471504684387
Jonnester/LR-AttnRes-Full,Full,standard_attnres,20,21,1007616,2.484791982464674,0.11081533017711954,0.8161516044198013,12.071108670738655,0.2386746299945242,0.5076592646963228,0.6462059650963884,0.553630928683087,0.12193922746956833,0.06958787370711939,0.3461484579989039,0.0157151235612935
Jonnester/LR-AttnRes-Full,Full,standard_attnres,21,22,1007616,2.4662390297990506,0.1017710066325136,0.7978664219864016,11.837960522349288,0.30700982707302743,0.5117854131915704,0.6404722647938302,0.5700390241979584,0.13890804689589556,0.0362222251477351,0.280356972930539,0.01475889203245342
Jonnester/LR-AttnRes-Full,Full,standard_attnres,22,23,1007616,2.1854122886812783,0.17426007432445487,0.6969913263631061,9.02763926498289,0.4172855332130339,0.6051031205712295,0.7237129041819068,0.6700696349143982,0.2130878836643405,0.049650626575906465,0.3806843466563656,0.01371296273182963
Jonnester/LR-AttnRes-Full,Full,standard_attnres,23,24,1007616,2.42003110366139,0.1446025126003675,0.761482114229745,11.361633432589896,0.2868662425657598,0.5693248568511591,0.6941774298505086,0.6204167895200776,0.14672456003301512,0.04640344417812514,0.32821747920926136,0.013182870528804578
Jonnester/LR-AttnRes-Full,Full,standard_attnres,24,25,1007616,2.289844346240284,0.17041505075330615,0.7113801182770148,10.016350242180552,0.36921155598105454,0.6060487007707115,0.7073258999886551,0.6680781327612032,0.18617050325482842,0.041399571670420965,0.35281272760657567,0.012655331652338913
Jonnester/LR-AttnRes-Full,Full,standard_attnres,25,26,1007616,2.5967885381807156,0.1501804388091603,0.7970262833727084,13.565314711594,0.30827237047800204,0.4842873162370387,0.5997005075943179,0.5689844367949943,0.13361232939774428,0.04143712590504256,0.3260522967450988,0.01172017445409201
Jonnester/LR-AttnRes-Full,Full,standard_attnres,26,27,1007616,2.575091462794358,0.11143304596615188,0.7813163913362394,13.212281281385964,0.23815577398470747,0.5048180605337872,0.644449718599397,0.6198923854323907,0.11827491302558077,0.049213255537187806,0.3847129952012331,0.011371598702100198
Jonnester/LR-AttnRes-Full,Full,standard_attnres,27,28,1007616,2.745660159646011,0.14269735126614636,0.8239770245745899,15.730160736456149,0.2061080262670672,0.4420421632324777,0.5693046353696808,0.5625185317140284,0.09781157170853964,0.07022154718425666,0.3754238215623578,0.010834261307732984
Jonnester/LR-AttnRes-Full,Full,standard_attnres,28,29,1007616,2.665819691448677,0.09918397970963386,0.7916797050615636,14.449837661371,0.19756194452444711,0.4748993174331944,0.6352396646166235,0.6174214918438982,0.10402432332436244,0.05110917929575809,0.335269748285707,0.010653902685939682
Jonnester/LR-AttnRes-Full,Full,standard_attnres,29,30,1007616,2.653918415550294,0.12244862546803849,0.7802894270516992,14.315467679403662,0.20706714604928242,0.490537424882253,0.6359355876116248,0.6326863256896414,0.1074365227203059,0.06642538980261659,0.3577255025753447,0.010232707454260125
Jonnester/LR-AttnRes-Full,Full,standard_attnres,30,31,1007616,2.517141495293718,0.08945197997414245,0.7330084384941473,12.442927290753621,0.2565611715966124,0.49781957438321617,0.6595794582754616,0.6907184419593191,0.12394069207877648,0.03868684056437166,0.373375406601856,0.010135839906477909
Jonnester/LR-AttnRes-Full,Full,standard_attnres,31,32,1007616,2.869969259432661,0.16833292998122143,0.828098123635703,17.884638266834788,0.19875867689043525,0.42295826741350373,0.5531594961639342,0.5591438708266592,0.09043640358661248,0.09048214382238529,0.3963628715885902,0.009568670741850284
Jonnester/LR-AttnRes-Full,Full,standard_attnres,32,33,1007616,2.761791157528637,0.10544714644588338,0.7898713229148369,15.91563521749605,0.18635136628054022,0.41637663409961917,0.5769936796126327,0.6352051816335539,0.09205223189863732,0.05297340330649547,0.3564228520804338,0.009625745417302864
Jonnester/LR-AttnRes-Full,Full,standard_attnres,33,34,1007616,2.8009092226261045,0.12789418796493143,0.7942775880418173,16.592949851741636,0.26828995310678716,0.4580994279888587,0.5719967300329751,0.5969820017737102,0.11116251161670297,0.05187262594775399,0.33181438785457074,0.00844460784220228
Jonnester/LR-AttnRes-Full,Full,standard_attnres,34,35,1007616,2.8410679034101283,0.13963650724874857,0.7990970039755348,17.295497118942137,0.1692410134445361,0.3833191828514502,0.5362660976929393,0.6271592102399687,0.08394022098159402,0.05741155108906604,0.39822841869777803,0.0083431653652457
Jonnester/LR-AttnRes-Full,Full,standard_attnres,35,36,1007616,2.8477480295227795,0.1444290480596891,0.7946791765166492,17.424115359298582,0.25378943289198524,0.44576666267906745,0.5637838399507166,0.6059383110302251,0.10563909359336869,0.05967755725401913,0.37485877500257836,0.00857675391860986
Jonnester/LR-AttnRes-Full,Full,standard_attnres,36,37,1007616,3.021046093808926,0.10475744045073748,0.8366421722784275,20.625068587016283,0.156137868519721,0.3692188166021331,0.5089410003123245,0.5721019089706545,0.07224396949376517,0.042991852840423395,0.32076239321855715,0.008988372659033614
Jonnester/LR-AttnRes-Full,Full,standard_attnres,37,38,1007616,3.0193374370171773,0.09555420774070064,0.8300387699429582,20.568240282012194,0.1581672776520737,0.36019859372115715,0.5009901778000158,0.5872219607112853,0.07213717172058617,0.09861961163521071,0.4427674402242438,0.008964678716547325
Jonnester/LR-AttnRes-Full,Full,standard_attnres,38,39,1007616,3.1147469989652556,0.07679350566680493,0.8501964458605138,22.593274604983446,0.13567020053543696,0.3154967049273049,0.4439427653948466,0.5616152465828066,0.06141450198564103,0.05799326659410564,0.35638217961856095,0.008006135846317522
Jonnester/LR-AttnRes-Full,Full,standard_attnres,39,40,1007616,2.807169578908905,0.10492764071725767,0.7609816353495528,16.65387304042413,0.18718980931169618,0.44887599664005806,0.5999455951093658,0.6810507934267928,0.09378326169359005,0.061095563536609276,0.421873964853649,0.008257517775868983
Jonnester/LR-AttnRes-Full,Full,standard_attnres,40,41,1007616,3.4107506779151233,0.039914804250976516,0.9184555396801088,30.31192574849943,0.0904282194569828,0.21833781898021698,0.31925758162165074,0.4250751598094537,0.040562919212308354,0.0449679658819635,0.3017111333375521,0.00787909398966783
Jonnester/LR-AttnRes-Full,Full,standard_attnres,41,42,1007616,2.745195768712982,0.1557793248054791,0.7344672054779239,15.759773688587716,0.24359838276859222,0.49068637785872793,0.6408031030399043,0.695336554593187,0.11369034478334876,0.080393517380148,0.4487833639440942,0.007571120451136333
Jonnester/LR-AttnRes-Full,Full,standard_attnres,42,43,1007616,3.1087526674193096,0.0893147128094983,0.8265320576303373,22.48089399570372,0.14660987379105112,0.3413753950498938,0.47763497461148396,0.601622385707328,0.06580122705639863,0.0993615429984871,0.4377358298164216,0.00753102470016768
Jonnester/LR-AttnRes-Full,Full,standard_attnres,43,44,1007616,3.0255642266777474,0.12844114701800927,0.799527647534037,20.776777763676836,0.2218180977232088,0.4206634507915838,0.5479018794811839,0.605842867517859,0.08932396387908517,0.06190986565845069,0.41253909541607753,0.008078101959082257
Jonnester/LR-AttnRes-Full,Full,standard_attnres,44,45,1007616,3.304594640809346,0.0618843878075584,0.8681081257215361,27.28924672196551,0.12943998360779227,0.278386506607862,0.3876358353025545,0.53544588205291,0.05125378905151918,0.07201557364500344,0.41183795066856316,0.007418070538364883
Jonnester/LR-AttnRes-Full,Full,standard_attnres,45,46,1007616,2.920056327571714,0.14122425886883785,0.7626873264467813,18.716846636640348,0.17778718301920388,0.40502293201966016,0.5599116479478231,0.6861518127162282,0.08557174851497014,0.08043482362048149,0.46623545216573525,0.007132456501957046
Jonnester/LR-AttnRes-Full,Full,standard_attnres,46,47,1007616,3.479779282236487,0.06036772049865702,0.9038041505387159,32.51129886968349,0.08691410568913793,0.22445517911659024,0.33212642916818946,0.4690421204256818,0.039851342032595376,0.05506825937666848,0.33594820618100674,0.007024386291622682
Jonnester/LR-AttnRes-Full,Full,standard_attnres,47,48,1007616,3.132696845667149,0.09766166739590011,0.8092312594739403,23.046502400219925,0.13679433365662894,0.3430021652361242,0.5016720239224473,0.6284415615283376,0.06687861862705975,0.0654128107637253,0.42466222529717745,0.007282117063679346
Jonnester/LR-AttnRes-Full,Full,standard_attnres,48,49,1007616,2.9379515337750193,0.123854913226922,0.7549042551498103,19.01978923828621,0.17830505821763015,0.4087361986559581,0.5674967140686221,0.6939446819507009,0.08612675837627272,0.05662452282087527,0.40105522202149446,0.00603064168779257
Jonnester/LR-AttnRes-n4,n=4,standard_attnres,1,2,1007616,0.2624770631877387,0.07472336332783454,0.3786743544950718,1.3038022392164401,0.92392817890741,1.0,1.0,0.4239281776959334,0.861318907117456,0.006594017152174669,0.21869383667618875,0.03105348640886264
Jonnester/LR-AttnRes-n4,n=4,standard_attnres,2,2,1007616,0.5092082183535506,0.11715171166171565,0.7346321610900445,1.6751317037799494,0.7745699165313225,1.0,1.0,0.2745699143506647,0.6672269382127901,0.02450976502172486,0.25983817678427784,0.07449021462987108
Jonnester/LR-AttnRes-n4,n=4,standard_attnres,3,2,1007616,0.3693186267604673,0.1332848538721588,0.5328141448459005,1.4598829649328215,0.8638834735242332,1.0,1.0,0.3638834736453808,0.7797790731840987,0.04194007122789295,0.4601590539198782,0.0590438415122226
Jonnester/LR-AttnRes-n4,n=4,standard_attnres,4,2,1007616,0.43445798027806165,0.17859475477887468,0.6267903640987428,1.5685464415123793,0.8085627895060593,1.0,1.0,0.30856278805228754,0.7228709464150715,0.05838135577202924,0.43003795231375885,0.08669151850347596
Jonnester/LR-AttnRes-n4,n=4,standard_attnres,5,2,1007616,0.40987507526467487,0.1292653131099591,0.5913247298903581,1.519186836917226,0.8430674730277643,1.0,1.0,0.34306747641989854,0.7486377591040076,0.025822675016340557,0.31715547123424853,0.07527671260683517
Jonnester/LR-AttnRes-n4,n=4,standard_attnres,6,2,1007616,0.538298353673966,0.1421984973152863,0.7766003487555961,1.7298252127034877,0.7307211078279386,1.0,1.0,0.23072110383006617,0.6391892336248383,0.05846527726109074,0.37262218725733054,0.13855637058736833
Jonnester/LR-AttnRes-n4,n=4,standard_attnres,7,2,1007616,0.36747361925559313,0.1297564371548863,0.5301523620520181,1.4564991869577548,0.8667127766260286,1.0,1.0,0.36671277517225687,0.7815672469332935,0.025254803352693755,0.3450159015862917,0.07637503525105918
Jonnester/LR-AttnRes-n4,n=4,standard_attnres,8,2,1007616,0.4988443737592154,0.13078703475705303,0.7196802899120299,1.6607150605054406,0.7739546231138028,1.0,1.0,0.2739546222657692,0.6749437368982206,0.04255929519452417,0.3498787986263695,0.137836455995959
Jonnester/LR-AttnRes-n4,n=4,standard_attnres,9,2,1007616,0.3123612842424129,0.11789174355375653,0.45064207305753134,1.3763882764955846,0.8970143751400274,1.0,1.0,0.3970143753823226,0.8232541932323114,0.019662790558806376,0.34868582443787216,0.07554428854851218
Jonnester/LR-AttnRes-n4,n=4,standard_attnres,10,2,1007616,0.3988544630810497,0.1395606671771832,0.5754253471769938,1.5049163093411826,0.8436915787254892,1.0,1.0,0.3436915806638516,0.7563393828345508,0.04003131419791367,0.412712892133689,0.11384543394897043
Jonnester/LR-AttnRes-n4,n=4,standard_attnres,11,2,1007616,0.01314152692013034,0.0754559884418533,0.01895921547874445,1.0166811041715669,0.9948662146320187,1.0,1.0,0.4948662141474282,0.9922460002627799,0.019358259778163585,3.475290175670833,0.6983133811291641
Jonnester/LR-AttnRes-n4,n=4,standard_attnres,12,2,1007616,0.5369202625460741,0.14543260264944244,0.7746121946389113,1.7280682228445037,0.7326549199538502,1.0,1.0,0.23265491680401126,0.6400123863685422,0.15063804029424555,0.5243751099839729,0.3953079559454104
Jonnester/LR-AttnRes-n4,n=4,standard_attnres,13,3,1007616,0.6943303618004651,0.11001874858212767,0.6320067280676307,2.014222588965563,0.742457001674466,1.0,1.0,0.4535545636483324,0.602432004319943,0.020357608338928634,0.31601809680117143,0.45092798862353894
Jonnester/LR-AttnRes-n4,n=4,standard_attnres,14,3,1007616,0.8316043629878904,0.04804557570648039,0.756958906243487,2.299616604316525,0.5647439132861005,1.0,1.0,0.34268789586982107,0.4769600409317792,0.012012586242223344,0.18676877476237386,0.2873139772311782
Jonnester/LR-AttnRes-n4,n=4,standard_attnres,15,3,1007616,0.7640335840907523,0.13066424258539713,0.6954533317224766,2.1649485991253115,0.6612971880571629,1.0,1.0,0.4002742876366871,0.5395822539562132,0.03920601915765798,0.38206830317710155,0.24484806073713433
Jonnester/LR-AttnRes-n4,n=4,standard_attnres,16,3,1007616,0.6096342971654443,0.0979293686252403,0.5549130468833737,1.8486968976695364,0.779887134466714,1.0,1.0,0.49663726173765294,0.651108394308788,0.014286310902118737,0.2808950664555928,0.2175743096889196
Jonnester/LR-AttnRes-n4,n=4,standard_attnres,17,3,1007616,0.7111346232212656,0.10737863020765831,0.6473026256251141,2.04788182906019,0.6866126317318862,1.0,1.0,0.43396100789550845,0.5645261697652864,0.022918382001963833,0.3102428590292643,0.26537885753119866
Jonnester/LR-AttnRes-n4,n=4,standard_attnres,18,3,1007616,0.5194169304719786,0.11118831405112965,0.47279366123967054,1.691479995967896,0.8141607729400077,1.0,1.0,0.5316421646412796,0.7011689800557083,0.018415414592433454,0.31921064798433396,0.24122992795980397
Jonnester/LR-AttnRes-n4,n=4,standard_attnres,19,3,1007616,0.32186728352453653,0.15285619969688533,0.2929762250524226,1.3966966886830523,0.9094328885155964,1.0,1.0,0.5958127427876481,0.8403854433113966,0.02388145498629124,0.5487942860239403,0.2123563657931196
Jonnester/LR-AttnRes-n4,n=4,standard_attnres,20,3,1007616,0.6074116157322396,0.11049036924134284,0.5528898762493599,1.8467085594084205,0.7477759578363682,1.0,1.0,0.48703320481912876,0.6281751171360171,0.022127422909625882,0.3185851646430628,0.3070605763897986
Jonnester/LR-AttnRes-n4,n=4,standard_attnres,21,3,1007616,0.39944084315765194,0.14415992370954378,0.36358672065463493,1.5067926393291815,0.879251551821949,1.0,1.0,0.5738593117008365,0.7912198387510408,0.020638366316094947,0.4396418759587328,0.2712532543554539
Jonnester/LR-AttnRes-n4,n=4,standard_attnres,22,3,1007616,0.5286626978133752,0.11884480792180092,0.48120952209806056,1.7086262082665917,0.802733192114326,1.0,1.0,0.5258913713742078,0.6886430566873007,0.018417028298185367,0.3272456425972875,0.3528995292619638
Jonnester/LR-AttnRes-n4,n=4,standard_attnres,23,3,1007616,0.7542871125345307,0.1302514383896693,0.6865817119435567,2.1436226251648693,0.6453658938407898,1.0,1.0,0.39932694885788894,0.5368778705596924,0.06354873537635308,0.41850113086499924,0.42766739747065513
Jonnester/LR-AttnRes-n4,n=4,standard_attnres,24,3,1007616,0.5461754188304995,0.10696135043608626,0.49715028691097973,1.7365960725923864,0.7925018285348163,1.0,1.0,0.518478089474081,0.6761948761901235,0.01947505133432148,0.34328234164074295,0.5049318592076703
Jonnester/LR-AttnRes-n4,n=4,standard_attnres,25,4,1007616,1.1389186440444574,0.05850095777397415,0.8215561383138827,3.1286274727767074,0.4463273405544157,0.9724404492029329,1.0,0.33589097348655145,0.3507392588185101,0.052790723361049396,0.3373890199180223,0.2837991440683846
Jonnester/LR-AttnRes-n4,n=4,standard_attnres,26,4,1007616,1.0016976643383988,0.053671778529906115,0.7225721187707854,2.726852622458605,0.5013757423172153,0.9856640250702214,1.0,0.43316689279021287,0.41119667063883647,0.01610723359772659,0.24346086847335247,0.26099048966799326
Jonnester/LR-AttnRes-n4,n=4,standard_attnres,27,4,1007616,0.9050815202356354,0.07372171363847561,0.6528782980228828,2.4788728671345286,0.5493532709959077,0.9795015924345187,1.0,0.47970853879199765,0.46048924593421503,0.03409384974762608,0.36650824657158554,0.24992744879024784
Jonnester/LR-AttnRes-n4,n=4,standard_attnres,28,4,1007616,0.6384110426515098,0.10378853009424943,0.46051621655138525,1.9038833486355418,0.7810512039719558,0.9931573034302006,1.0,0.6159649142404882,0.6490459563286324,0.013371305251225873,0.3286223995105462,0.180221366325045
Jonnester/LR-AttnRes-n4,n=4,standard_attnres,29,4,1007616,0.5612178469091896,0.12484841851225927,0.40483309970638615,1.7663309603202633,0.7693086867409993,0.9969938542784714,1.0,0.6281556661536054,0.6578463151202938,0.030633375483298253,0.45482552327004466,0.1922011938763828
Jonnester/LR-AttnRes-n4,n=4,standard_attnres,30,4,1007616,0.4688357153559119,0.1031695039704694,0.33819347620010376,1.6068794223351208,0.8723601301511129,0.995632710980206,1.0,0.662110672733648,0.7724160280654101,0.009456861334629918,0.3321852253695074,0.1828397053286312
Jonnester/LR-AttnRes-n4,n=4,standard_attnres,31,4,1007616,0.8231987696353013,0.14887086660683146,0.5938123842565025,2.303769233750134,0.7067995178021067,0.9822357001343394,1.0,0.5393684428881823,0.5547026027508868,0.02619733135473379,0.3782777317730771,0.22368930413471005
Jonnester/LR-AttnRes-n4,n=4,standard_attnres,32,4,1007616,0.37145253894774893,0.09024424589142577,0.26794636407034184,1.4559430116560401,0.9019333303459292,0.9950966079060625,1.0,0.6890953653227023,0.8222144124953727,0.008182008204359104,0.3723891050590703,0.19920727247145117
Jonnester/LR-AttnRes-n4,n=4,standard_attnres,33,4,1007616,0.6544012403100486,0.11280301366800026,0.47205070339567295,1.936310761343173,0.7771159764227829,0.9892153434637116,1.0,0.6098797965825089,0.6445768330155349,0.015711522755844087,0.31156128936089394,0.2590866103404906
Jonnester/LR-AttnRes-n4,n=4,standard_attnres,34,4,1007616,0.4175667670684132,0.10638920681265217,0.30121074944007686,1.527150802496003,0.8915714204795961,0.9967019746943218,1.0,0.6733534151945657,0.8034357767764145,0.010993668232804121,0.3761325003417793,0.26159712902414123
Jonnester/LR-AttnRes-n4,n=4,standard_attnres,35,4,1007616,1.0662205054507992,0.09217218006720955,0.7691155100256447,2.9165473565822695,0.48819147329020307,0.9790400906306941,1.0,0.3931210564403999,0.3864503490730999,0.04948191084767961,0.3612204129807505,0.33972710589083227
Jonnester/LR-AttnRes-n4,n=4,standard_attnres,36,4,1007616,0.44483678055003406,0.11064620536438015,0.3208819031715393,1.569824716909145,0.8668456911071529,0.994000022488881,1.0,0.6713220317189287,0.7695325138123055,0.012191467018330404,0.3021137993258738,0.3508381196638433
Jonnester/LR-AttnRes-n4,n=4,standard_attnres,37,5,1007616,1.093405268056606,0.05640032087680001,0.679370866558416,2.989008227014929,0.46238616956927914,0.9898016525477897,1.0,0.4851169835745804,0.3642980909444452,0.024542449312336956,0.3123583238679183,0.17624615537441843
Jonnester/LR-AttnRes-n4,n=4,standard_attnres,38,5,1007616,1.0875243161751973,0.08165740731934426,0.6757168241632663,2.9766844695176538,0.6219016521926818,0.9041797857943589,1.0,0.5223164098049567,0.440238931314732,0.023170955818025973,0.2871163166326712,0.25496364318258397
Jonnester/LR-AttnRes-n4,n=4,standard_attnres,39,5,1007616,0.6364248695412302,0.07589333966909047,0.3954329909832497,1.8951295081192885,0.7109704298701712,0.9951857435024851,1.0,0.6779861891172766,0.5960204722435494,0.01776078992346064,0.3787403579403263,0.14092267364021238
Jonnester/LR-AttnRes-n4,n=4,standard_attnres,40,5,1007616,1.1671881801713773,0.061103995852116115,0.7252147595087687,3.218893231415167,0.5728680583519664,0.8863137000944556,1.0,0.48228809940136547,0.39349580174539145,0.016780935366971006,0.2482394060624525,0.25620667449827117
Jonnester/LR-AttnRes-n4,n=4,standard_attnres,41,5,1007616,0.8891894933654041,0.18672193543023538,0.5524844755002154,2.4755639932989104,0.7071669092023276,0.9563964435724708,1.0,0.6039411275367427,0.5500530508475575,0.036600531612472564,0.4174553241226892,0.17272348151943548
Jonnester/LR-AttnRes-n4,n=4,standard_attnres,42,5,1007616,1.1963455560730725,0.054383716375533755,0.7433312569207292,3.3128920841992384,0.47629604470439074,0.9293210661508203,1.0,0.4706008577249884,0.35326030462737973,0.025161191184907228,0.27836673366984754,0.23848065845365446
Jonnester/LR-AttnRes-n4,n=4,standard_attnres,43,5,1007616,0.20915914999275673,0.07164472069380434,0.12995788140025566,1.2358788503863947,0.9562328782508044,0.99635527579765,1.0,0.775873576722494,0.9161431358112553,0.005777030499242469,0.5702060228836916,0.1567023101860915
Jonnester/LR-AttnRes-n4,n=4,standard_attnres,44,5,1007616,1.1983832779938612,0.05562853615944251,0.7445973681240547,3.3198107064254887,0.4460161350122312,0.9443543868336252,1.0,0.4587257400276215,0.34417317916707296,0.035075984524835846,0.30422882480959124,0.27565373502126556
Jonnester/LR-AttnRes-n4,n=4,standard_attnres,45,5,1007616,0.45961101437971846,0.13309087157019867,0.28557236868191543,1.5979061175168046,0.8566014393558347,0.9944819497868298,1.0,0.7329863857447616,0.7578955055252323,0.017940735384636752,0.44458882837794017,0.20512312563454232
Jonnester/LR-AttnRes-n4,n=4,standard_attnres,46,5,1007616,1.208855166667845,0.06726917643343139,0.7511039124271734,3.357133173361057,0.4554983736053715,0.9368506476161925,1.0,0.4547764906069128,0.34203148639299036,0.03518550390139863,0.3172162353420732,0.27741265335703286
Jonnester/LR-AttnRes-n4,n=4,standard_attnres,47,5,1007616,0.6864026658903293,0.22285513932201542,0.4264859389968035,2.0385280372650643,0.804026132192069,0.9599254087703984,1.0,0.6619428008552489,0.6715651115750879,0.037080078006412664,0.5635287203075884,0.23971607975843476
Jonnester/LR-AttnRes-n4,n=4,standard_attnres,48,5,1007616,0.5140476992459801,0.19054805355249482,0.31939577765581084,1.7039012734482928,0.8579043392243424,0.9784620961522669,1.0,0.7127010013029828,0.7582406629391802,0.032929345638391894,0.5253214619725406,0.18869478741312415
Jonnester/LR-AttnRes-n8,n=8,standard_attnres,1,2,1007616,0.19942538246391264,0.08184546419322415,0.287710004948019,1.224867403022642,0.9467676180164989,1.0,1.0,0.44676761971256596,0.901050984374876,0.008503189028093217,0.30177447606186086,0.028589807571918983
Jonnester/LR-AttnRes-n8,n=8,standard_attnres,2,2,1007616,0.3442852814507678,0.13568471871384277,0.49669866348669783,1.4241729839061334,0.8786473119161963,1.0,1.0,0.3786473203965319,0.7981759804051097,0.025334225362065033,0.3545585298595372,0.058956585854776505
Jonnester/LR-AttnRes-n8,n=8,standard_attnres,3,2,1007616,0.22584887466779568,0.10635221656689106,0.3258310425572279,1.2610794237958707,0.9321628460069982,1.0,1.0,0.4321628469761794,0.8827934546199271,0.023850742568941263,0.56467772534016,0.04359423871931991
Jonnester/LR-AttnRes-n8,n=8,standard_attnres,4,2,1007616,0.3687307102893426,0.1858833228516777,0.531965959847458,1.4713066583726464,0.8501083521338982,1.0,1.0,0.35010835334537477,0.7732634103395105,0.0555051289973143,0.47395309837586885,0.09174919443401863
Jonnester/LR-AttnRes-n8,n=8,standard_attnres,5,2,1007616,0.293843397643508,0.10704507022242608,0.42392640869791914,1.34936250031479,0.9075509871893782,1.0,1.0,0.4075509874316735,0.8372646875497771,0.01440110234967551,0.30153796150293033,0.06586096163203077
Jonnester/LR-AttnRes-n8,n=8,standard_attnres,6,2,1007616,0.55296861543888,0.15566538168193172,0.7977650659840282,1.758181224993574,0.7104494082249277,1.0,1.0,0.21044940204639745,0.6243775971536714,0.12093252294639822,0.47705933361673314,0.26597775191795536
Jonnester/LR-AttnRes-n8,n=8,standard_attnres,7,3,1007616,0.8888826394468788,0.11907717702114855,0.809095844505279,2.448970195723743,0.6170222003285478,1.0,1.0,0.3193943561092625,0.4759481711600854,0.043657583108886455,0.33957756880393014,0.2812908698872822
Jonnester/LR-AttnRes-n8,n=8,standard_attnres,8,3,1007616,0.9056547114519569,0.05240532799616779,0.824362438868701,2.4769008392240943,0.5623457712855765,1.0,1.0,0.30968526126892587,0.45030182963464316,0.02633534131695292,0.22752288488452635,0.24094046890574097
Jonnester/LR-AttnRes-n8,n=8,standard_attnres,9,3,1007616,0.8930287482292671,0.07894123784690847,0.8128697877007771,2.449971121501147,0.5573335726086687,1.0,1.0,0.3101972784937882,0.4553567677493987,0.040506068095771175,0.3000905925096862,0.2673160073556874
Jonnester/LR-AttnRes-n8,n=8,standard_attnres,10,3,1007616,0.3963217764365964,0.11330631512547819,0.3607476251881297,1.4962986930599058,0.8815601875142354,1.0,1.0,0.5764725692873078,0.7945544845689603,0.01593921052735292,0.3576620501329754,0.2593221733886698
Jonnester/LR-AttnRes-n8,n=8,standard_attnres,11,3,1007616,0.7788637566372631,0.12846362601272793,0.7089523391995004,2.1963864303216702,0.661753360818072,1.0,1.0,0.3941263902962692,0.5368278516017324,0.11857852175148975,0.46206752839420123,0.3371880388841396
Jonnester/LR-AttnRes-n8,n=8,standard_attnres,12,3,1007616,0.4844609981145316,0.12778078439113633,0.44097540194426127,1.6369628382892143,0.8414023222962046,1.0,1.0,0.5445824202483263,0.7371438891907048,0.02120224359569678,0.333339507658692,0.40661374598660766
Jonnester/LR-AttnRes-n8,n=8,standard_attnres,13,4,1007616,1.1728463075994475,0.0515042722087226,0.8460297681451813,3.2353703588005005,0.4172001037655807,0.965708438943072,1.0,0.30420100058966537,0.3352390147321592,0.035514614991931204,0.27717717536771747,0.22623929260222891
Jonnester/LR-AttnRes-n8,n=8,standard_attnres,14,4,1007616,1.042376869093112,0.0595366392043773,0.7519159651384121,2.8409972423460426,0.5182579537717308,0.9646437788397316,1.0,0.422451209488923,0.4069373886275098,0.022492000033952353,0.2597811098996937,0.22078088592223036
Jonnester/LR-AttnRes-n8,n=8,standard_attnres,15,4,1007616,0.9709117795393719,0.12248427529380089,0.7003647946729893,2.659721785444554,0.6114566524823507,0.961813590875486,1.0,0.46803010454991967,0.46714555248012385,0.049160456425047516,0.34750268549287383,0.17465359299648098
Jonnester/LR-AttnRes-n8,n=8,standard_attnres,16,4,1007616,0.7752851853525735,0.1114682274761426,0.5592500402675411,2.1847845170556046,0.7053081858448866,0.976454487661036,1.0,0.5612538660444865,0.5652823002357793,0.019618449824495898,0.3267128971149223,0.17470174361535204
Jonnester/LR-AttnRes-n8,n=8,standard_attnres,17,4,1007616,0.8700971317485096,0.18123183164719528,0.6276423960197263,2.426010160911374,0.6702471390003111,0.9626038258637839,1.0,0.509096894322372,0.5301944812138876,0.07047270344101308,0.5137862907182821,0.18903071657428897
Jonnester/LR-AttnRes-n8,n=8,standard_attnres,18,4,1007616,0.8091190147206067,0.07722363017097314,0.5836559863594489,2.2526496309575026,0.6008712135679354,0.9847113654865483,1.0,0.5239840629624157,0.501808247672833,0.020371729466160282,0.35201290684528125,0.2478186708640277
Jonnester/LR-AttnRes-n8,n=8,standard_attnres,19,5,1007616,1.1290551520944612,0.17159423842334562,0.7015213811300635,3.136653774152926,0.5540989046174336,0.9219050150576645,1.0,0.5040522954328274,0.4101065675902173,0.04883890518802847,0.39314433007852506,0.14434026683249124
Jonnester/LR-AttnRes-n8,n=8,standard_attnres,20,5,1007616,1.251263392650015,0.07568257942331769,0.777453629951167,3.50466323092701,0.4184439160474917,0.9382757825580069,1.0,0.4229034144219344,0.32384807452922915,0.04117235413401277,0.3775395731243433,0.1530073059283621
Jonnester/LR-AttnRes-n8,n=8,standard_attnres,21,5,1007616,1.151265258711528,0.13966647328191414,0.7153212922375377,3.1930302313672816,0.5521927233633956,0.9139101471358199,1.0,0.49682695497342244,0.4013211971860591,0.04631971882684982,0.4003685938271288,0.12941796333809208
Jonnester/LR-AttnRes-n8,n=8,standard_attnres,22,5,1007616,0.7274709586205521,0.148524774356855,0.4520031022347086,2.0930354992548623,0.7566168870383162,0.9935226241747538,1.0,0.6584850879219489,0.6121603357113474,0.021035697204242254,0.43190796785843855,0.13378348224531345
Jonnester/LR-AttnRes-n8,n=8,standard_attnres,23,5,1007616,0.8399803105408583,0.23894383646534303,0.5219090876540518,2.3819991883223617,0.7346484186203499,0.9551058823500223,1.0,0.6156743575886983,0.5835666511116958,0.04197146383233985,0.44761327738392936,0.14874653273481664
Jonnester/LR-AttnRes-n8,n=8,standard_attnres,24,5,1007616,1.1142056492285999,0.10010719950257697,0.6922948748115602,3.061967250777454,0.5156908846967588,0.9698126660129889,1.0,0.5009924037669732,0.3850702153957956,0.035077341063195044,0.33959910670907284,0.19236518231833855
Jonnester/LR-AttnRes-n8,n=8,standard_attnres,25,6,1007616,1.4381118092110488,0.19533202230222335,0.80262543321625,4.288597475222455,0.4377634607679476,0.8037714207075476,0.9751571702763318,0.4249993545737693,0.30205153764747994,0.0856871729046016,0.4342171958557243,0.1476772497016886
Jonnester/LR-AttnRes-n8,n=8,standard_attnres,26,6,1007616,1.3291600002505914,0.08090927474404201,0.7418182846007308,3.7902365874468797,0.4643597222440611,0.8728849359644137,0.9869167203825664,0.5033075942741176,0.32380249345205664,0.0343542387489828,0.30251093968077125,0.134969151763089
Jonnester/LR-AttnRes-n8,n=8,standard_attnres,27,6,1007616,1.303987701733907,0.1267416983615071,0.7277693481949287,3.7123854819352067,0.5002710494568677,0.8701846260365432,0.9790776832316949,0.5162163081207896,0.350296330161211,0.056720934830106096,0.38562828892619677,0.1390789251340437
Jonnester/LR-AttnRes-n8,n=8,standard_attnres,28,6,1007616,1.06493033432379,0.14750083566301347,0.5943488948713473,2.9316071591726165,0.6397210853855785,0.9257302303624347,0.9878381655468205,0.6183188591546159,0.46938805439607884,0.024727364903999405,0.3062548563438999,0.12554892186873004
Jonnester/LR-AttnRes-n8,n=8,standard_attnres,29,6,1007616,1.1408120277451306,0.10860683627412132,0.6366992767264203,3.1478695830678554,0.5216000685846902,0.9456112428409297,0.9959961980338988,0.5865805212075148,0.389488096886534,0.043336285114084605,0.3942267835459849,0.14466817729518341
Jonnester/LR-AttnRes-n8,n=8,standard_attnres,30,6,1007616,0.9198807439183802,0.07274803384512471,0.5133951883005902,2.515613007351635,0.581857599863192,0.9775751838839151,0.9969458424948096,0.6579464858140402,0.472245724220586,0.01939803719436639,0.3176566533804342,0.16494444101483519
Jonnester/LR-AttnRes-n8,n=8,standard_attnres,31,7,1007616,1.4039750545005487,0.09753063491633536,0.7215005004309057,4.090826871918469,0.37427925966619474,0.8931939538901414,0.9802629579373492,0.5290478075422892,0.2872146692702441,0.03873082103294756,0.3651654350021767,0.10781785759222494
Jonnester/LR-AttnRes-n8,n=8,standard_attnres,32,7,1007616,1.149432148390669,0.08383238369893589,0.5906913125418066,3.167538607992777,0.481785978243603,0.9480151698841313,0.988883722119215,0.638756005744624,0.38252065288342113,0.023163657135278015,0.3370841399949352,0.10867783036104617
Jonnester/LR-AttnRes-n8,n=8,standard_attnres,33,7,1007616,1.0643626335190564,0.1693151927083835,0.546974225742061,2.941793397190125,0.7006227752057518,0.8839426016419883,0.9625012869757366,0.6515172274132085,0.5193885315239914,0.018979905354406856,0.3248896877422826,0.08464940922047065
Jonnester/LR-AttnRes-n8,n=8,standard_attnres,34,7,1007616,1.2349257585478992,0.182163887172459,0.634626336214019,3.494866411860396,0.571823877774603,0.893514923448485,0.9681097157602387,0.6135165201939219,0.40273891256107547,0.03120068763797379,0.3548426526488499,0.10981168384197558
Jonnester/LR-AttnRes-n8,n=8,standard_attnres,35,7,1007616,1.1440649546258819,0.1930832446732363,0.5879331143890939,3.198364339223722,0.6361980220166649,0.8949861066128181,0.9649767890209104,0.6369471903738937,0.46069162260226115,0.03808676666724553,0.3944412001780472,0.108064659381162
Jonnester/LR-AttnRes-n8,n=8,standard_attnres,36,7,1007616,1.2311406823677746,0.05561547819050956,0.6326811933905129,3.4304952640843585,0.4650488900459879,0.9253120509589591,0.9795041791791839,0.6120646048367508,0.36141494570708854,0.01776203924673636,0.2787339436450821,0.14077378523889733
Jonnester/LR-AttnRes-n8,n=8,standard_attnres,37,8,1007616,1.4341993273758307,0.09479137326352967,0.6897040901145315,4.214916364933417,0.42499459613629476,0.8675356560606298,0.96603533455996,0.5936689420444209,0.3009656200079414,0.031150525694889408,0.3419925541205643,0.08256658136360044
Jonnester/LR-AttnRes-n8,n=8,standard_attnres,38,8,1007616,1.5536174686943613,0.053951488679659695,0.7471320798726586,4.735472438781242,0.3588753587346736,0.8093849502927889,0.966104136734474,0.5379680332129564,0.2531611366969783,0.02588905258641705,0.34057744605992846,0.1107952606266107
Jonnester/LR-AttnRes-n8,n=8,standard_attnres,39,8,1007616,0.6701463446384524,0.1043752848354474,0.3222722723716643,1.9651139964902304,0.7334020554534788,0.9857195077872858,0.9931905090324278,0.7939842164031858,0.6097657787121409,0.017699031810860855,0.44932697731024107,0.08118445383823984
Jonnester/LR-AttnRes-n8,n=8,standard_attnres,40,8,1007616,1.7927997684091088,0.06475971189451114,0.862154447935461,6.018619552860415,0.2706410998735971,0.6669848425601556,0.9037363102765588,0.39648072482124574,0.19028213620185852,0.03415628730771725,0.30097072407488196,0.12037152197302842
Jonnester/LR-AttnRes-n8,n=8,standard_attnres,41,8,1007616,0.9359020440559077,0.2951552803392208,0.4500737510076383,2.6699528132027726,0.7483470943885121,0.897901628560167,0.9670037825902303,0.7176324148488239,0.5927960984105987,0.05863117430170883,0.6228390229800967,0.11077218581505907
Jonnester/LR-AttnRes-n8,n=8,standard_attnres,42,8,1007616,1.7693128207834756,0.06701903549445483,0.8508596177992782,5.879685688794144,0.2746190818829265,0.6657989160801338,0.9228672060540052,0.4059097107832994,0.19415066797074262,0.048380347354393116,0.3208954965924221,0.13686705205014082
Jonnester/LR-AttnRes-n8,n=8,standard_attnres,43,9,1007616,0.8722566540648298,0.3579819764771794,0.3969811084793835,2.5602187703295454,0.7527633289980694,0.9173376875195077,0.972326232165825,0.7619940648233987,0.6187485000951504,0.08992652706443793,0.7159814333530207,0.12639226193027445
Jonnester/LR-AttnRes-n8,n=8,standard_attnres,44,9,1007616,1.8049828502220837,0.06472141181481847,0.8214830887026903,6.0924061953536865,0.3026141022763601,0.6763850591047024,0.8867728632640063,0.4670791829504618,0.19544731504548857,0.06596647851681436,0.36201275589229126,0.10610625705098718
Jonnester/LR-AttnRes-n8,n=8,standard_attnres,45,9,1007616,1.2280579543695218,0.21226998153347046,0.5589132585176607,3.497162124974941,0.4753811785845253,0.9052557906484217,0.9668023150141646,0.6879711548487345,0.37616260943374014,0.05739685510356307,0.6323430307902325,0.100024484737348
Jonnester/LR-AttnRes-n8,n=8,standard_attnres,46,9,1007616,1.7462412138295367,0.0866568109161494,0.7947486164124031,5.754152627495246,0.29315579349432536,0.6893930037816366,0.9136491161051804,0.4871344457312328,0.20243348641608788,0.05492400352558491,0.3760747021785469,0.11862568620528417
Jonnester/LR-AttnRes-n8,n=8,standard_attnres,47,9,1007616,1.2183005509337759,0.19151422670510476,0.55447247794004,3.446015945295008,0.5863096045284737,0.8876257819858023,0.9807658476558158,0.700598016987002,0.4142803949553792,0.06790858833011959,0.5838130087155176,0.11287109950909016
Jonnester/LR-AttnRes-n8,n=8,standard_attnres,48,9,1007616,0.9924687176215939,0.2134979584222888,0.4516919727732496,2.763755057885395,0.6994481169111361,0.9178943338432932,0.9595470108636995,0.7459367242285876,0.5348814115291689,0.03166316251271539,0.5646662129614637,0.08421126877604676
Jonnester/LR-AttnRes-n16,n=16,standard_attnres,1,2,1007616,0.14456647973719652,0.044429886090176514,0.20856534065754434,1.156693512831277,0.9663188137659212,1.0,1.0,0.4663188115852635,0.935294957664924,0.0027525645473693294,0.21484080314440596,0.026160293236011413
Jonnester/LR-AttnRes-n16,n=16,standard_attnres,2,2,1007616,0.41537418549622945,0.1556305647939897,0.5992582711747022,1.533273306319384,0.8322522683841426,1.0,1.0,0.3322522666880755,0.7413041499572072,0.0371832184256084,0.3644031591554227,0.09168635357201584
Jonnester/LR-AttnRes-n16,n=16,standard_attnres,3,2,1007616,0.21530896219296183,0.06542274197400831,0.3106251671546843,1.242979650574971,0.9422375462888702,1.0,1.0,0.4422375496810045,0.892539110125565,0.00545695095381693,0.2422777936700933,0.055037022848439414
Jonnester/LR-AttnRes-n16,n=16,standard_attnres,4,3,1007616,1.022861882923095,0.1448477008906644,0.9310490043182683,2.8051059536817595,0.470913632129266,1.0,1.0,0.16411904578771047,0.38415340582529706,0.07561365479587323,0.38833465755288216,0.18722542708482198
Jonnester/LR-AttnRes-n16,n=16,standard_attnres,5,3,1007616,1.0196382214383382,0.06043589794633345,0.9281146904317344,2.7770598710067875,0.48092339460442707,1.0,1.0,0.1905914780085649,0.3855380214811341,0.03007795920309464,0.24141021141882002,0.2265660444572366
Jonnester/LR-AttnRes-n16,n=16,standard_attnres,6,3,1007616,0.6765050936520585,0.14611111297758053,0.6157814681045408,1.9869293827351515,0.7000642428553201,1.0,1.0,0.44667597805581444,0.5860382371801671,0.03317348600060899,0.3266129978897076,0.2632526477500998
Jonnester/LR-AttnRes-n16,n=16,standard_attnres,7,4,1007616,1.0645103406130783,0.16572555425288818,0.76788188189995,2.937475400242379,0.5708441375716915,0.9231435981223254,1.0,0.404607952610264,0.42538521008762886,0.04357070971990873,0.3453379764108766,0.13534070345444407
Jonnester/LR-AttnRes-n16,n=16,standard_attnres,8,4,1007616,1.0882709142638416,0.10303672863501868,0.785021515881143,2.9851846326657427,0.5056067780265964,0.9408668904769711,1.0,0.3905415522858379,0.39002084659367076,0.03842344415121257,0.36006782318691966,0.1504758437716864
Jonnester/LR-AttnRes-n16,n=16,standard_attnres,9,4,1007616,1.0387411272622706,0.07247834527083008,0.7492933258777712,2.8330661920997184,0.538274053635636,0.9444597315012924,1.0,0.4263435846906367,0.41656672930329797,0.03230962194080256,0.2769684917616954,0.1980515531892699
Jonnester/LR-AttnRes-n16,n=16,standard_attnres,10,5,1007616,0.983334712865876,0.13369412449505474,0.6109801870051438,2.697085415444723,0.6254932211666573,0.9483228558447303,1.0,0.5758972827011977,0.47592709825290896,0.020878471168494395,0.33095165647008135,0.08493698593077621
Jonnester/LR-AttnRes-n16,n=16,standard_attnres,11,5,1007616,1.1876762300972048,0.1264209740762212,0.7379447076378799,3.3052509722670886,0.5137882789945215,0.9147037897652727,1.0,0.47673598174157183,0.3760247237798644,0.050753153353595204,0.3262201907584267,0.10008543274266933
Jonnester/LR-AttnRes-n16,n=16,standard_attnres,12,5,1007616,1.074791171686436,0.18857028677993898,0.6678052796580927,2.9801169333419177,0.6190897129415497,0.9116131202961372,1.0,0.5286968975532346,0.45474737276875876,0.03944062674445403,0.3639130154419916,0.12308415106641568
Jonnester/LR-AttnRes-n16,n=16,standard_attnres,13,6,1007616,1.1718679123777684,0.25035601517963363,0.6540318950404965,3.327505861840597,0.6412937500612522,0.8366367947764513,0.9565342117131241,0.5307453957999625,0.45865599435519394,0.04785136927933853,0.4077406120566703,0.08234266181625324
Jonnester/LR-AttnRes-n16,n=16,standard_attnres,14,6,1007616,1.3276264444599306,0.15723038564908356,0.7409623837083336,3.818130163642449,0.4960951652468705,0.8695259569137077,0.9697641371711483,0.5044006564752842,0.34220398271956093,0.03030545255769379,0.31345522397554465,0.08752289991876297
Jonnester/LR-AttnRes-n16,n=16,standard_attnres,15,6,1007616,1.1584820669840992,0.15375689997141592,0.6465611167070342,3.22258570523766,0.5783757620710668,0.9128900616149592,0.9867078710377701,0.5807965233073971,0.41579849884762027,0.044335906267640945,0.4096253175464008,0.08309299201984716
Jonnester/LR-AttnRes-n16,n=16,standard_attnres,16,7,1007616,1.6331159932826593,0.10724706344244597,0.8392556595608471,5.147895196589028,0.3518757374306035,0.7622213441181959,0.9258324852803859,0.4173379467754829,0.23794006598674186,0.0702180398120198,0.3710985110081758,0.07245901687358453
Jonnester/LR-AttnRes-n16,n=16,standard_attnres,17,7,1007616,1.4369147492618095,0.13310567264417433,0.7384281483122973,4.244670875673371,0.45283647862876336,0.8395053666781603,0.9525610571954308,0.5285447574243313,0.31170509816185243,0.04991874216322367,0.36154645254318246,0.06226552207710851
Jonnester/LR-AttnRes-n16,n=16,standard_attnres,18,7,1007616,1.620990303473744,0.10788072514749239,0.8330242837347636,5.088197056840106,0.381824395278605,0.7482431254735807,0.9329207558942035,0.4254376442451787,0.24219225177435372,0.034516921342491846,0.3500735894544972,0.08638948679801063
Jonnester/LR-AttnRes-n16,n=16,standard_attnres,19,8,1007616,1.7275167587326794,0.07548675238415482,0.8307599599768476,5.6425019473564335,0.3111896735381305,0.7181556413813335,0.9095619083420048,0.4440002518940747,0.2105339420277898,0.05416139130768327,0.3435289804876698,0.06122374234766495
Jonnester/LR-AttnRes-n16,n=16,standard_attnres,20,8,1007616,1.6307253866660885,0.12578707457139837,0.78421315041984,5.146721696465965,0.36930907329892726,0.7399575763601598,0.9470942819990763,0.4928590224041202,0.24311027827301646,0.03828948005563104,0.33383037202318444,0.06627362445602572
Jonnester/LR-AttnRes-n16,n=16,standard_attnres,21,8,1007616,1.6455545687093966,0.11726087336635549,0.7913444773937629,5.219286930270311,0.39332032785183046,0.7514628593514605,0.9160504467119046,0.49253434427385406,0.24954722591531955,0.044966899322639975,0.3423368863704487,0.07704834488591528
Jonnester/LR-AttnRes-n16,n=16,standard_attnres,22,9,1007616,1.5035303637264221,0.13661045019353793,0.6842861509904629,4.539644524333923,0.45012199321413426,0.8138087450004206,0.9247620798707977,0.6086191467153348,0.3026305080913916,0.03194763374596987,0.3288252059493595,0.04778849112093718
Jonnester/LR-AttnRes-n16,n=16,standard_attnres,23,9,1007616,1.6005511720006058,0.18257668924219908,0.7284422259989792,5.0351959747996755,0.45613762736320496,0.7740974949627388,0.9035937282128063,0.5631852188730627,0.2885890026402667,0.05549365134263251,0.36460316019599903,0.0557423182027019
Jonnester/LR-AttnRes-n16,n=16,standard_attnres,24,9,1007616,1.7579725476784436,0.1163967333476755,0.8000877829101997,5.839014378989615,0.34437058223941464,0.7157943883562475,0.8876041915358567,0.4978422842374662,0.21910063340896513,0.03593225197740124,0.31251130050183856,0.06498262854234098
Jonnester/LR-AttnRes-n16,n=16,standard_attnres,25,10,1007616,1.6995518110631926,0.1656731061218956,0.7381059367482256,5.544766833142536,0.39783462615517096,0.7508187516918027,0.8951830059532228,0.5700314074027829,0.25375692570597175,0.06773921237133496,0.3899247108917146,0.05439113092616322
Jonnester/LR-AttnRes-n16,n=16,standard_attnres,26,10,1007616,1.727601753986948,0.1376933917119787,0.750287872019822,5.680114525120433,0.3763385444152646,0.7561744461214639,0.8827673661999587,0.5642670073160311,0.23931023732918064,0.04315471134722815,0.3370059295576425,0.054290294089937595
Jonnester/LR-AttnRes-n16,n=16,standard_attnres,27,10,1007616,1.744136610651404,0.16253727134272528,0.7574688695310577,5.792821232865497,0.4199677007954295,0.7307049055409626,0.8545279057045293,0.5436917393188166,0.2532654924363625,0.029956981589658316,0.2839015712732805,0.05778132337864821
Jonnester/LR-AttnRes-n16,n=16,standard_attnres,28,11,1007616,1.9025843279148504,0.09355094014521055,0.7934392928107967,6.732762014962794,0.3044642883587659,0.6895584003712104,0.8509239588326555,0.5315783845215309,0.1934835535239398,0.02567468464795719,0.2876371674883345,0.04668640365709839
Jonnester/LR-AttnRes-n16,n=16,standard_attnres,29,11,1007616,1.8614085399038423,0.12748834691064845,0.7762676535583124,6.48317502959957,0.35313273590754685,0.6547678709030151,0.8343668962881817,0.5388006320813807,0.20723616725545588,0.046550899244389043,0.2844242928830583,0.04632382613592296
Jonnester/LR-AttnRes-n16,n=16,standard_attnres,30,11,1007616,1.521472706058161,0.13551015484803375,0.6345034009072839,4.621056099248126,0.4819565558336615,0.8221566308804644,0.9304871093936082,0.6754750691778292,0.3114010306393228,0.022614256950190592,0.30592566679205385,0.056163876037287515
Jonnester/LR-AttnRes-n16,n=16,standard_attnres,31,12,1007616,2.0091948935656045,0.13966248182047367,0.808559514642731,7.527786801501018,0.3012973586233651,0.6250570518214528,0.7974247961509519,0.514117819022357,0.17930649620730701,0.05605817671907598,0.31582914231930903,0.04358865409524137
Jonnester/LR-AttnRes-n16,n=16,standard_attnres,32,12,1007616,1.5478083670623903,0.10848307701049842,0.6228839163857747,4.729542115839516,0.41660479098800723,0.8231794572458034,0.9174275892536815,0.6866705606623393,0.30142302096374635,0.01838935546023346,0.3142525465998411,0.045545400562002084
Jonnester/LR-AttnRes-n16,n=16,standard_attnres,33,12,1007616,1.6205820058419453,0.1456504939661805,0.6521701812744141,5.109937179379347,0.5298754635865126,0.7500049224713954,0.8935644946447233,0.6503806206268993,0.325020646903573,0.02440587937327976,0.2931539687961224,0.046891667776637606
Jonnester/LR-AttnRes-n16,n=16,standard_attnres,34,13,1007616,2.1679927004062063,0.09381587973125682,0.8452380633935695,8.778864992343314,0.25118822780081895,0.6040321331683213,0.7475276952836571,0.4748147389268487,0.15053154322190013,0.02617937744342136,0.2746997332127179,0.04519176904375364
Jonnester/LR-AttnRes-n16,n=16,standard_attnres,35,13,1007616,1.9929869979377683,0.06728144873753597,0.7770083706553389,7.353954024431182,0.2996787487006769,0.6475160761577327,0.8305845662830321,0.5707484614558336,0.1790451982883903,0.025647906914131324,0.24489850830523088,0.040111667107909525
Jonnester/LR-AttnRes-n16,n=16,standard_attnres,36,13,1007616,1.6189602826668965,0.0706779960166612,0.6311861058560814,5.060533616600967,0.39030636495691007,0.8390322201620273,0.9158366826491627,0.6946512843535199,0.27473515974796886,0.012678858791768999,0.23028339052521027,0.04946528993001798
Jonnester/LR-AttnRes-n16,n=16,standard_attnres,37,14,1007616,1.8061417874281969,0.08263804061527824,0.684388989355506,6.107236850552443,0.33229656602309005,0.739127604457421,0.8910260026047869,0.6696872793562044,0.21611334431946763,0.027078441319128954,0.31826086165614287,0.03543432349388884
Jonnester/LR-AttnRes-n16,n=16,standard_attnres,38,14,1007616,1.9423340200408687,0.06679903065434263,0.7359953798898836,6.990551987314612,0.2628949895137694,0.6589687423008245,0.8711416018687612,0.6180991515880678,0.1790353722446333,0.03781410012135766,0.32305268742912163,0.04223266385850452
Jonnester/LR-AttnRes-n16,n=16,standard_attnres,39,14,1007616,1.2701151584222066,0.231225321402451,0.48127606947247575,3.657753298922283,0.6248667705349806,0.8870325660317894,0.9397929267185491,0.7880424256247234,0.4401855471172953,0.032774594683768754,0.4506844400569978,0.04487367571438646
Jonnester/LR-AttnRes-n16,n=16,standard_attnres,40,15,1007616,2.393730020135399,0.0760422249434449,0.8839311842026749,10.984927627129283,0.19702769840151313,0.443894556140512,0.6277331738937192,0.4201074186863938,0.11125392212373454,0.06120601917237334,0.33732844811020696,0.042017123208136414
Jonnester/LR-AttnRes-n16,n=16,standard_attnres,41,15,1007616,1.840333670135436,0.2248018046463512,0.6795788543011115,6.456072419639526,0.41632765991900994,0.7243570380094575,0.829945626782208,0.6592968343719234,0.2508838444463606,0.05286376253027436,0.43303414640839805,0.03980905770609372
Jonnester/LR-AttnRes-n16,n=16,standard_attnres,42,15,1007616,2.0113887874091545,0.09274779279995674,0.7427442723173436,7.506053486490638,0.2839527529914205,0.665538258668853,0.8320438193111885,0.6191295458049308,0.17970654562236818,0.0704661748982045,0.3811449947121133,0.04479517578109493
Jonnester/LR-AttnRes-n16,n=16,standard_attnres,43,16,1007616,1.713394315262151,0.22310867393649683,0.6179763611739244,5.6972332737310145,0.44660123867717216,0.781088378371262,0.8647856571810032,0.7128837651353541,0.28577461136065846,0.041734359223227324,0.5034627669694229,0.04174124146622371
Jonnester/LR-AttnRes-n16,n=16,standard_attnres,44,16,1007616,2.4217564962743743,0.043324651014362045,0.8734640164103934,11.276122744490461,0.17888451906723704,0.4443184171265703,0.6361686010670856,0.45439481686770433,0.10633786828295003,0.04676776302756602,0.32987861407780505,0.04364780100380502
Jonnester/LR-AttnRes-n16,n=16,standard_attnres,45,16,1007616,1.861284909209585,0.18834156090586665,0.6713166236877441,6.550137566357124,0.3198716880344763,0.7572161661900156,0.8628180385605106,0.6838170837580673,0.21515948367797263,0.04403388460131308,0.4813713313480901,0.03746006649926426
Jonnester/LR-AttnRes-n16,n=16,standard_attnres,46,17,1007616,2.113824551667624,0.1604416660010594,0.7460873044603239,8.38272479297669,0.2861331318452106,0.5902992016900845,0.7633457280756012,0.6228046053793372,0.16486947311133873,0.06753437013653985,0.43231094568274214,0.03798072712094176
Jonnester/LR-AttnRes-n16,n=16,standard_attnres,47,17,1007616,2.1381785617611273,0.19074628514088773,0.7546832028443251,8.642306599190565,0.3564412329739671,0.6251903864426341,0.7441134079685056,0.5958511461087359,0.18815082505466493,0.06121872590328081,0.4071771575628056,0.03667517049867875
Jonnester/LR-AttnRes-n16,n=16,standard_attnres,48,17,1007616,1.8058478871012122,0.13412338203350044,0.6373850557862258,6.141070067397947,0.38105318362150736,0.7722433732777108,0.8826411652371167,0.7172492359711872,0.24072694221163185,0.036707256582466874,0.37821843245748715,0.0319126865500072
Jonnester/LR-AttnRes-tail-r16,Full r=16,sliced_lr_attnres,1,2,1007616,0.5109903863290461,0.08997775092055875,0.7372032859461094,1.6737647134114086,0.7781540911372115,1.0,1.0,0.27815408241458056,0.6678540779323112,0.018255494185532406,0.23462439591322856,0.05808144910791056
Jonnester/LR-AttnRes-tail-r16,Full r=16,sliced_lr_attnres,2,3,1007616,1.0516157024274997,0.024230056294946067,0.9572218700153071,2.8631103503994826,0.45299295390524513,1.0,1.0,0.15548714547137904,0.36449010682299854,0.009992832006321617,0.13809091841768564,0.08630228607958249
Jonnester/LR-AttnRes-tail-r16,Full r=16,sliced_lr_attnres,3,4,1007616,1.2911023948250748,0.04733640153609188,0.9313334968031907,3.6408842152696317,0.40154905023613596,0.8622283315270897,1.0,0.2251206457130308,0.2985318034160428,0.01732689969751311,0.18521440788816823,0.05439792128234375
Jonnester/LR-AttnRes-tail-r16,Full r=16,sliced_lr_attnres,4,5,1007616,1.4819282264244267,0.08331007283977244,0.920773738283452,4.416664142918781,0.3867267052817151,0.7538840436353916,1.0,0.2464385879475896,0.25952549751211956,0.029323883626326985,0.22500868993400744,0.04623095681512259
Jonnester/LR-AttnRes-tail-r16,Full r=16,sliced_lr_attnres,5,6,1007616,1.6842397180030015,0.05069185809777902,0.9399920285232668,5.3952785817588245,0.30545802741515926,0.6798457188334891,0.9114873680641981,0.24433669823456586,0.20536888408951642,0.025190406215702454,0.20548138734705615,0.038656341694396364
Jonnester/LR-AttnRes-tail-r16,Full r=16,sliced_lr_attnres,6,7,1007616,1.8383888897857046,0.05066746520285028,0.944745057966651,6.294457044058699,0.2747206237257981,0.614113218900634,0.8426023668389979,0.24522520638093714,0.17681732059009675,0.027382313931841873,0.20662330010697497,0.03591669130200709
Jonnester/LR-AttnRes-tail-r16,Full r=16,sliced_lr_attnres,7,8,1007616,1.9325528949256834,0.07530769526981368,0.9293615042678709,6.926599669262646,0.27443395131002596,0.5900052306128711,0.7954757775717635,0.2820638708951997,0.1675945606415834,0.04062451531540767,0.25609644071725296,0.029354478421855748
Jonnester/LR-AttnRes-tail-r16,Full r=16,sliced_lr_attnres,8,9,1007616,2.0811041545092577,0.052659110877156017,0.9471513134677235,8.024368824997568,0.23637424276127078,0.5208301330969586,0.7270284726367733,0.25379031339311986,0.14084924563644377,0.02722653402232167,0.20439590138438554,0.02866906592624082
Jonnester/LR-AttnRes-tail-r16,Full r=16,sliced_lr_attnres,9,10,1007616,2.1652460389020964,0.05905124092371282,0.9403543627359033,8.73184758473218,0.22582340422199992,0.5048303541129198,0.6978622873624166,0.27812664125993,0.13165859696341725,0.03366566851494879,0.2320697850804168,0.02500019765239421
Jonnester/LR-AttnRes-tail-r16,Full r=16,sliced_lr_attnres,10,11,1007616,2.287366204145478,0.03191891482765432,0.9539058000091615,9.853965689496297,0.19080426937680903,0.45458248378784677,0.6440265483972503,0.256522632711302,0.11305362276914643,0.0231648838999452,0.18824140244630908,0.024729355762203975
Jonnester/LR-AttnRes-tail-r16,Full r=16,sliced_lr_attnres,11,12,1007616,2.3659303420927467,0.035133196831769735,0.9521204310704053,10.660497006362046,0.1837080479637394,0.4325972717951953,0.6158912356306867,0.2644416842518783,0.1055943601863171,0.027283206330442678,0.20928542950177167,0.022201108819423974
Jonnester/LR-AttnRes-tail-r16,Full r=16,sliced_lr_attnres,12,13,1007616,2.465837441808809,0.021164271002240113,0.9613591650637184,11.775969520816957,0.15765331794575946,0.3941373471322098,0.5722455731252345,0.2451511822580322,0.09358248920217763,0.01700965882243244,0.16111342342099855,0.02171676079879484
Jonnester/LR-AttnRes-tail-r16,Full r=16,sliced_lr_attnres,13,14,1007616,2.5272619549821065,0.022418362464596376,0.9576381294707942,12.522324189907167,0.1545625566467037,0.38397388947688466,0.5555419791035536,0.25939157120580597,0.08909860816670627,0.021487222602313505,0.19067956054068438,0.019864851260572913
Jonnester/LR-AttnRes-tail-r16,Full r=16,sliced_lr_attnres,14,15,1007616,2.6262980573545627,0.01098087794480293,0.969811427399395,13.823338942799142,0.12451900196511571,0.336249080615315,0.5048709947888445,0.2248142768697041,0.07827013603797774,0.010529582094438439,0.1295263176061582,0.019654681382140493
Jonnester/LR-AttnRes-tail-r16,Full r=16,sliced_lr_attnres,15,16,1007616,2.706391898597159,0.011803373041785888,0.9761245294315058,14.976188124679938,0.11623628564724107,0.30540979780801913,0.45832402725529864,0.20170871562104883,0.07135754175544755,0.013008912411874629,0.14992522984383466,0.01873375622298175
Jonnester/LR-AttnRes-tail-r16,Full r=16,sliced_lr_attnres,16,17,1007616,2.68362490917609,0.021478778707546883,0.9472018339769627,14.641435274263708,0.1397196380345802,0.36050103544219725,0.5210788695792842,0.3012160753331533,0.07855313761932094,0.017211626486184795,0.17169396181339217,0.01845625074271207
Jonnester/LR-AttnRes-tail-r16,Full r=16,sliced_lr_attnres,17,18,1007616,2.7700638402768267,0.015885712416206968,0.9583763465648745,15.961665231037916,0.12082464054105728,0.3189690544353268,0.4750517592197511,0.2726505565934065,0.07010423228508089,0.015501296589703006,0.16826230253916163,0.016960623060784687
Jonnester/LR-AttnRes-tail-r16,Full r=16,sliced_lr_attnres,18,19,1007616,2.8393609969596554,0.011672784293473596,0.964313070948531,17.105997473243775,0.10278933792094874,0.28634061367531133,0.4424118460193882,0.25694774999851133,0.06427660160432987,0.01235464058936131,0.14452266251776694,0.015853797096343034
Jonnester/LR-AttnRes-tail-r16,Full r=16,sliced_lr_attnres,19,20,1007616,2.8981546677225003,0.011652911151368527,0.9674277484901552,18.14187097937111,0.10210969801840743,0.2748849328940477,0.41763627335308046,0.24715058408617005,0.060441266139590645,0.013115113342144546,0.1540815872761315,0.014993156371562462
Jonnester/LR-AttnRes-tail-r16,Full r=16,sliced_lr_attnres,20,21,1007616,2.9480694425784475,0.010442196597227074,0.96831913498359,19.070144141592632,0.08902578449588482,0.2461452795480325,0.38687503604384943,0.24730634822593472,0.05694268755917627,0.011678201061976257,0.13894640336601716,0.014194095257036547
Jonnester/LR-AttnRes-tail-r16,Full r=16,sliced_lr_attnres,21,22,1007616,3.0067761932931294,0.010188342293038844,0.9727385397849044,20.22315251730322,0.08728481920027151,0.23626494419768573,0.3679679845406757,0.23109099765618643,0.05342159323333725,0.011670572708540217,0.14691227091993844,0.013441814111059715
Jonnester/LR-AttnRes-tail-r16,Full r=16,sliced_lr_attnres,22,23,1007616,3.073357746853092,0.00739259659900469,0.9801828730397109,21.614947869525693,0.07334784109417986,0.20547796967552928,0.3275341226802609,0.1995874024261304,0.048917405004423806,0.007496809952850292,0.11557374793289894,0.012816874656040115
Jonnester/LR-AttnRes-tail-r16,Full r=16,sliced_lr_attnres,23,24,1007616,3.105088158351619,0.008844488423183855,0.9770407904454363,22.312057820762075,0.07658604187209432,0.20840723824694873,0.32772808322092384,0.21560272671342864,0.0478853232613424,0.011883662074481549,0.14916953345439157,0.012301608243689628
Jonnester/LR-AttnRes-tail-r16,Full r=16,sliced_lr_attnres,24,25,1007616,3.1570180954971936,0.008484325107006325,0.9807827807054287,23.501260586870394,0.06831934848209707,0.19264889138985455,0.30505556061985045,0.19921275149515974,0.04498899246497852,0.00793595822911275,0.11863929795553117,0.011777479241533977
Jonnester/LR-AttnRes-tail-r16,Full r=16,sliced_lr_attnres,25,26,1007616,3.197937911118918,0.008917664725728842,0.981535666357211,24.482967562791778,0.07316677811426844,0.19395960419158625,0.2990500655600695,0.19420483017840037,0.0433284097570714,0.01222530807047617,0.15084788769664403,0.011326893232180373
Jonnester/LR-AttnRes-tail-r16,Full r=16,sliced_lr_attnres,26,27,1007616,3.2371671703772815,0.007259410879900134,0.9821988135818543,25.462163196346623,0.062305397134486254,0.17655417662325915,0.28149958306211764,0.19424549423582185,0.04140777713278445,0.008031299406530579,0.1205425023808771,0.010857169714651707
Jonnester/LR-AttnRes-tail-r16,Full r=16,sliced_lr_attnres,27,28,1007616,3.2682662126494617,0.009554516974967604,0.9808119380377173,26.266958670887522,0.074110051904752,0.19214726633172693,0.29076841909710954,0.19783319387494064,0.040695575497499324,0.013064822600430848,0.1554183831851237,0.010489486928047066
Jonnester/LR-AttnRes-tail-r16,Full r=16,sliced_lr_attnres,28,29,1007616,3.313562125694461,0.0059930307884816965,0.9840425000927313,27.483342969320653,0.05649468763087823,0.16003835831231217,0.2557121083988407,0.1851825846162269,0.03814435438290844,0.007804124802175405,0.11881660884931579,0.010105944796038971
Jonnester/LR-AttnRes-tail-r16,Full r=16,sliced_lr_attnres,29,30,1007616,3.34559113029542,0.00875432450147083,0.9836509508815238,28.378432576249285,0.06559941529985366,0.17537636497641,0.2675805079743145,0.18491163219862838,0.037334203750379685,0.013407629183176617,0.15525167723033997,0.009757185555732024
Jonnester/LR-AttnRes-tail-r16,Full r=16,sliced_lr_attnres,30,31,1007616,3.393980859740963,0.006269591648323343,0.988349924727184,29.784869387867005,0.05543829270494663,0.15503028156311532,0.24466724548397994,0.15812308020223448,0.03498059020536702,0.008802709637621753,0.12738779237652156,0.00949830811792179
Jonnester/LR-AttnRes-tail-r16,Full r=16,sliced_lr_attnres,31,32,1007616,3.405328486993061,0.010238384563399133,0.9825701510033956,30.12576511041905,0.06336227092679923,0.16936071762224522,0.25936920880302183,0.1925390511751175,0.03534915080157722,0.014828235975368198,0.1645738545549783,0.009154044076558052
Jonnester/LR-AttnRes-tail-r16,Full r=16,sliced_lr_attnres,32,33,1007616,3.4530186594986336,0.007909399912482061,0.9875621466132684,31.5966116432252,0.05284645008604701,0.14717641048799684,0.23209080972322604,0.16573375851158204,0.03306323471592694,0.009246184763165743,0.13099450841180532,0.008917252978951979
Jonnester/LR-AttnRes-tail-r16,Full r=16,sliced_lr_attnres,33,34,1007616,3.451142946879069,0.011740080189287641,0.9786698890895378,31.53858784931462,0.06337462008241715,0.17046838962450261,0.2611748481669077,0.2147399032019018,0.03427946746228187,0.015981066106479425,0.17161586313250887,0.00856981547981401
Jonnester/LR-AttnRes-tail-r16,Full r=16,sliced_lr_attnres,34,35,1007616,3.5208988848740495,0.005145687041398167,0.9903106243629766,33.81525979390958,0.046936416347336966,0.13181160220770333,0.20942314041823876,0.1481846913816483,0.03059797160085139,0.008549249076935439,0.12765728300683238,0.008395386586759703
Jonnester/LR-AttnRes-tail-r16,Full r=16,sliced_lr_attnres,35,36,1007616,3.494291592419632,0.014620950534030572,0.975100576877594,32.93047397892649,0.06267080943637747,0.16983882731538477,0.2609233386148282,0.2336263565755472,0.033285343489511225,0.017245776685890224,0.179262558494057,0.008110406599070644
Jonnester/LR-AttnRes-tail-r16,Full r=16,sliced_lr_attnres,36,37,1007616,3.5823610061552467,0.0077430209737412966,0.9920915428215895,35.95941469145984,0.04316784771598452,0.12125003913311454,0.19300987480617152,0.13244705410992227,0.0286006969740478,0.009522336421486699,0.13249326060872682,0.00795797952267658
Jonnester/LR-AttnRes-tail-r16,Full r=16,sliced_lr_attnres,37,38,1007616,3.5388113483180845,0.016088362926094574,0.9728460937011533,34.43042482205523,0.06462560209438084,0.17104214526773467,0.26023214183202603,0.24312737608343604,0.032253729134071166,0.018925734660777405,0.18533703720852884,0.007715738426685129
Jonnester/LR-AttnRes-tail-r16,Full r=16,sliced_lr_attnres,38,39,1007616,3.645417858914631,0.0035740431523804982,0.9950475276001101,38.299017650325126,0.037611444397428175,0.10741451285718902,0.1726330171028773,0.10704401941076527,0.026591363673408825,0.006619449622832896,0.11156792933804492,0.0075609130811661466
Jonnester/LR-AttnRes-tail-r16,Full r=16,sliced_lr_attnres,39,40,1007616,3.5929516563570596,0.015964138470017316,0.9739953880387593,36.345806556019355,0.05990189516810867,0.1610437277855912,0.24774686786217417,0.24025200113532988,0.030440434086613538,0.018112284217741248,0.18149841813671325,0.0074533161290777404
Jonnester/LR-AttnRes-tail-r16,Full r=16,sliced_lr_attnres,40,41,1007616,3.687253461620672,0.008842219902966277,0.9929129030646348,39.936572656398866,0.03909036187015898,0.10932828619228147,0.17388016058177483,0.1264413383191194,0.025704552411911934,0.0099997639603977,0.1351249351509583,0.0073068597747909395
Jonnester/LR-AttnRes-tail-r16,Full r=16,sliced_lr_attnres,41,42,1007616,3.645027178089793,0.015164019294991768,0.975213847024654,38.28820062652836,0.05573100133276567,0.15144407506880722,0.23529032211962755,0.23646972128530827,0.028785397805939843,0.017104627654313642,0.17459863463405428,0.007255094841936047
Jonnester/LR-AttnRes-tail-r16,Full r=16,sliced_lr_attnres,42,43,1007616,3.71709949989629,0.015733196167709466,0.988274789438015,41.14995177974546,0.04144036161099992,0.11561980050026886,0.18211919226782108,0.16369722662417868,0.025361391602129472,0.012763280094683527,0.15358750180035,0.007122665919795968
Jonnester/LR-AttnRes-tail-r16,Full r=16,sliced_lr_attnres,43,44,1007616,3.686612908433123,0.014597188980782229,0.9742146299137333,39.91367892133511,0.054147945520112185,0.14454197071916688,0.22419823778838646,0.24484614894642093,0.02766419165745014,0.017806815772000828,0.17705633682045116,0.006992747149507998
Jonnester/LR-AttnRes-tail-r16,Full r=16,sliced_lr_attnres,44,45,1007616,3.7567234640198994,0.01841513123640199,0.9868811475552195,42.81515837878716,0.040260645886504555,0.11263955045279449,0.17779942947189983,0.17475166771470046,0.024493520049666002,0.013328148146333874,0.1559830885954758,0.006843951045659176
Jonnester/LR-AttnRes-tail-r16,Full r=16,sliced_lr_attnres,45,46,1007616,3.7329557891783676,0.013193336948610012,0.9750079294530357,41.80611128148025,0.0504323477909817,0.1350355468145231,0.2107111058099483,0.2440790242053629,0.026296109445695954,0.017075016678710586,0.1710488249062725,0.0067972250101042955
Jonnester/LR-AttnRes-tail-r16,Full r=16,sliced_lr_attnres,46,47,1007616,3.8114227279414976,0.013765819368163774,0.9899420074331082,45.21898492952673,0.03763558830672163,0.10494503469728841,0.16550760625339137,0.15373889471941848,0.022984073853226213,0.01159525372540049,0.14589790727769503,0.006663028183661413
Jonnester/LR-AttnRes-tail-r16,Full r=16,sliced_lr_attnres,47,48,1007616,3.8001457617534853,0.010017312012314305,0.9816451746273817,44.70994018926853,0.04221170026112378,0.1169739795046124,0.1858536206125244,0.21163032488609718,0.024000024725872326,0.01282512932965707,0.14701268529694736,0.006633591547931436
Jonnester/LR-AttnRes-tail-r16,Full r=16,sliced_lr_attnres,48,49,1007616,3.796983918523401,0.016400305705065225,0.9756319227257395,44.5725552008404,0.04989036006050381,0.13613758654129215,0.2094704874647342,0.2393248061823651,0.02479775826923731,0.017053275788927014,0.17195475298370122,0.006812886849987738
Jonnester/LR-AttnRes-tail-r32,Full r=32,sliced_lr_attnres,1,2,1007616,0.3522343146122568,0.12989175818906468,0.5081666930904233,1.4346243676131334,0.8747062702489093,1.0,1.0,0.3747062654030032,0.793074097575211,0.025133923298832683,0.35753176722713176,0.03969853780255085
Jonnester/LR-AttnRes-tail-r32,Full r=32,sliced_lr_attnres,2,3,1007616,1.0115088389171818,0.03317058865411337,0.9207150180165361,2.7512545740701317,0.4768819905878083,1.0,1.0,0.20394595742710236,0.3875393666387574,0.016733041413741212,0.18883281797858734,0.13656671761174188
Jonnester/LR-AttnRes-tail-r32,Full r=32,sliced_lr_attnres,3,4,1007616,1.1520074441180965,0.13088832614812038,0.8309976943140107,3.191383916188062,0.5136672900459631,0.9178354614149264,1.0,0.344743576960835,0.3754795162173791,0.03908095335847528,0.30592219725339537,0.05242039447998613
Jonnester/LR-AttnRes-tail-r32,Full r=32,sliced_lr_attnres,4,5,1007616,1.4393829136359981,0.11033804689284099,0.8943388534755241,4.243163298785202,0.40369620798079947,0.7872291158854476,1.0,0.2919294931055085,0.2764046473231742,0.04774421644718663,0.2906432062355224,0.05163567478094644
Jonnester/LR-AttnRes-tail-r32,Full r=32,sliced_lr_attnres,5,6,1007616,1.5946173503146908,0.11448622414737573,0.8899728369906665,4.9580200900876426,0.37123202962603996,0.7279291371019875,0.9419162898528867,0.3218463470296162,0.24221068911436128,0.048150673775947395,0.29535066586576914,0.03783037921358253
Jonnester/LR-AttnRes-tail-r32,Full r=32,sliced_lr_attnres,6,7,1007616,1.7566141617007371,0.09594401429750687,0.9027211515884089,5.81907533630123,0.3201161441279621,0.6758214884657201,0.8781433793587413,0.3233564900673502,0.20400331514637646,0.04413801638583914,0.261778663300579,0.03492871645089503
Jonnester/LR-AttnRes-tail-r32,Full r=32,sliced_lr_attnres,7,8,1007616,1.800654685594202,0.16494777349290501,0.8659318666147992,6.133870012391873,0.3561603068336239,0.6559601227442423,0.8390086695430724,0.37611586291615556,0.21509213539643016,0.06427222057348603,0.33308926524943433,0.027250936451723905
Jonnester/LR-AttnRes-tail-r32,Full r=32,sliced_lr_attnres,8,9,1007616,2.0359813372294107,0.06283373903370207,0.9266150327232795,7.674714088439941,0.2501738503938768,0.5624599674852883,0.7668024970263969,0.3065085713940907,0.1511469428859106,0.032205157065634094,0.2163227293141108,0.02877749625152581
Jonnester/LR-AttnRes-tail-r32,Full r=32,sliced_lr_attnres,9,10,1007616,2.0333081008942147,0.11352179815626069,0.8830544483370897,7.687522508264557,0.2921775337157211,0.5941259618697128,0.7675067283273712,0.3850533155406394,0.1673411954709185,0.05962070451223278,0.30742185486609297,0.023379966871040624
Jonnester/LR-AttnRes-tail-r32,Full r=32,sliced_lr_attnres,10,11,1007616,2.1658011703956417,0.09000575179464768,0.9032092365792127,8.755891086609383,0.24762111538793982,0.5459122536628227,0.7186059525342492,0.36171726022309403,0.1420950088801423,0.045510281142808306,0.25031281676257816,0.02318207023105001
Jonnester/LR-AttnRes-tail-r32,Full r=32,sliced_lr_attnres,11,12,1007616,2.2096922765902387,0.1173490142127065,0.8892456021735339,9.174211432294149,0.2577699833526844,0.5358974114666141,0.7105054176919828,0.388671104985524,0.14203752456157187,0.052283421886920145,0.28851826376860024,0.019846799967654028
Jonnester/LR-AttnRes-tail-r32,Full r=32,sliced_lr_attnres,12,13,1007616,2.3271582359220924,0.0682767323531467,0.9072921373010651,10.272247516042817,0.2119102187272979,0.4923677679484453,0.6772732637762054,0.37284970428885483,0.11954149955171879,0.03862518614530153,0.23303693260355107,0.020204254692237477
Jonnester/LR-AttnRes-tail-r32,Full r=32,sliced_lr_attnres,13,14,1007616,2.387019795130908,0.08123300457275158,0.9044971238306867,10.916366220489751,0.2132394780230716,0.46768142852356764,0.6481425999625912,0.3812126253193956,0.11476724843184154,0.04748235494234443,0.2707076151510777,0.017923126661334443
Jonnester/LR-AttnRes-tail-r32,Full r=32,sliced_lr_attnres,14,15,1007616,2.509671480675054,0.03434254313783105,0.926744807541855,12.308125557938242,0.16591357288321829,0.4176457909549155,0.6027849869030278,0.3463059547470837,0.09580276397670187,0.025162918903084197,0.19431856764579516,0.018434744201055387
Jonnester/LR-AttnRes-tail-r32,Full r=32,sliced_lr_attnres,15,16,1007616,2.6053943634033203,0.037661249752379375,0.9396973707811619,13.546117526728933,0.15283557639373996,0.3697674017611558,0.5401921999163743,0.31775178269642157,0.08535668090349291,0.034980786237263306,0.24190598404683578,0.01693768232939689
Jonnester/LR-AttnRes-tail-r32,Full r=32,sliced_lr_attnres,16,17,1007616,2.576512472416327,0.03583495807819307,0.9093958386560765,13.159616873516299,0.16376089795333584,0.4054073252813603,0.5854693680274777,0.3944472692361692,0.09208364657512526,0.032215847969857325,0.2182383783089937,0.01652534955258235
Jonnester/LR-AttnRes-tail-r32,Full r=32,sliced_lr_attnres,17,18,1007616,2.6841752296540795,0.03275057650257642,0.9286609195112213,14.653949326615992,0.1471115980691057,0.36862688166339225,0.5350099055747676,0.35545190514587777,0.0809565390634343,0.0322085847506437,0.23189898331320652,0.015545590460138915
Jonnester/LR-AttnRes-tail-r32,Full r=32,sliced_lr_attnres,18,19,1007616,2.76625686544713,0.02274073241236047,0.9394852116825135,15.903116513073929,0.11793319020814043,0.3140087689810652,0.48049687636577015,0.3317824582743451,0.07174307677319379,0.025866667139911925,0.2069146001958729,0.014829904147075903
Jonnester/LR-AttnRes-tail-r32,Full r=32,sliced_lr_attnres,19,20,1007616,2.818778359793066,0.027292809084815708,0.9409312857844965,16.762599727971768,0.12148564490603238,0.32107923040545083,0.4764094672551969,0.33140737690576694,0.06914633197513054,0.027228605516386395,0.21388312087648478,0.013782156991764782
Jonnester/LR-AttnRes-tail-r32,Full r=32,sliced_lr_attnres,20,21,1007616,2.8867204324985907,0.02097067438779724,0.9481685151898764,17.938333883518126,0.10380139426002657,0.2812259560678063,0.43269920979088883,0.3140683433389276,0.0629317237715411,0.02101479828562791,0.1907373913982774,0.013230278043842943
Jonnester/LR-AttnRes-tail-r32,Full r=32,sliced_lr_attnres,21,22,1007616,2.9334629454263825,0.023689741242771314,0.949020565525303,18.79786688331666,0.112285098772708,0.2830840722332156,0.4266075424062527,0.31348139144540804,0.06086027879661661,0.02320245778604413,0.20075243290509254,0.012369871690197513
Jonnester/LR-AttnRes-tail-r32,Full r=32,sliced_lr_attnres,22,23,1007616,2.997843856733989,0.022190731960225942,0.9560993066648158,20.047202676292358,0.0993694757542959,0.25840134252377644,0.38993217959636595,0.2935333193802252,0.05592249067333656,0.020426781225952872,0.1890761185781862,0.011924892347918336
Jonnester/LR-AttnRes-tail-r32,Full r=32,sliced_lr_attnres,23,24,1007616,3.0508614536223373,0.018423026384592103,0.9599779204624456,21.137121402151216,0.08947781673291834,0.23961823052022516,0.36947685722413104,0.28290818571075194,0.05259360545655576,0.02450226278955192,0.20746739106578418,0.011590023300431285
Jonnester/LR-AttnRes-tail-r32,Full r=32,sliced_lr_attnres,24,25,1007616,3.1239625205838584,0.015367791698899376,0.9705134857960833,22.73897763384067,0.07872604790741836,0.21393863675070973,0.33327513521279745,0.2452788334794161,0.04776217185748302,0.014398090442926836,0.1605008239169636,0.011189378771355481
Jonnester/LR-AttnRes-tail-r32,Full r=32,sliced_lr_attnres,25,26,1007616,3.1338614409532006,0.020593358824843592,0.961868831781837,22.967320480966954,0.09050298258056486,0.2307781063444246,0.3471136439621933,0.2776554827767659,0.04859244569045741,0.027093417761320904,0.22176199730965293,0.010786396142018446
Jonnester/LR-AttnRes-tail-r32,Full r=32,sliced_lr_attnres,26,27,1007616,3.179445958719021,0.01829663308504773,0.9646854376405235,24.03745409337486,0.07992347765986513,0.21527675399935342,0.3298086162989702,0.2709160774219327,0.045953556955829866,0.018318509146269868,0.1820174295963652,0.010316941212976025
Jonnester/LR-AttnRes-tail-r32,Full r=32,sliced_lr_attnres,27,28,1007616,3.1996003321515833,0.020942955029798215,0.960205207995283,24.528102052890187,0.10228837923548086,0.2367482845618473,0.3436361888075263,0.2803416528352877,0.046767964353406334,0.02438252724587553,0.20603648994992915,0.009846073643463413
Jonnester/LR-AttnRes-tail-r32,Full r=32,sliced_lr_attnres,28,29,1007616,3.26956247314205,0.010906246454259057,0.9709757391999407,26.301393400362837,0.0701211404388513,0.19149863017283805,0.2954602054948729,0.24858107993273232,0.04129682129960719,0.016954139961250725,0.17380483070096953,0.009486771954987474
Jonnester/LR-AttnRes-tail-r32,Full r=32,sliced_lr_attnres,29,30,1007616,3.280954000426502,0.024398016357641116,0.9646467212739029,26.609031878835786,0.08676907504961742,0.21931227314762952,0.32383347575257465,0.26758277270852066,0.04254272365109707,0.028331148561799857,0.224437789675307,0.00927810765055783
Jonnester/LR-AttnRes-tail-r32,Full r=32,sliced_lr_attnres,30,31,1007616,3.3640105045907864,0.013407371465349396,0.9796223553215585,28.90747490549475,0.07638762624767738,0.1839788921964847,0.27537471128673086,0.20275716011117145,0.03738315615469847,0.01608769219921946,0.17538362425676263,0.00912841369778723
Jonnester/LR-AttnRes-tail-r32,Full r=32,sliced_lr_attnres,31,32,1007616,3.322492174985932,0.03040966032513081,0.958668643866128,27.742140793218844,0.08745663304154466,0.22167348449792318,0.3280388010226614,0.29093725531081843,0.04177150287763859,0.03693696570268523,0.24773059346898288,0.008532981229264562
Jonnester/LR-AttnRes-tail-r32,Full r=32,sliced_lr_attnres,32,33,1007616,3.4234277174724794,0.014873621123344958,0.9790991476880826,30.677767668313127,0.06449607453816306,0.16755355155564905,0.2575084491958463,0.21269495118924273,0.03506138045492211,0.01963667882504616,0.18905272233705378,0.008487643962659457
Jonnester/LR-AttnRes-tail-r32,Full r=32,sliced_lr_attnres,33,34,1007616,3.374050111305423,0.027928002376892545,0.956808018490551,29.20789023918834,0.08813240984833337,0.2158711691939734,0.3185541465030453,0.30048404597654577,0.04002198934312758,0.03178979717293595,0.235453078617599,0.008044629106106569
Jonnester/LR-AttnRes-tail-r32,Full r=32,sliced_lr_attnres,34,35,1007616,3.4840007099678845,0.012470828193178178,0.9799324085072774,32.592375468432415,0.0616183336369875,0.16178199709430943,0.24655181181624652,0.20953995667821992,0.03296957252834871,0.01772281015283239,0.17886064319982628,0.008063972660888779
Jonnester/LR-AttnRes-tail-r32,Full r=32,sliced_lr_attnres,35,36,1007616,3.4069934957395724,0.03020263541937924,0.9507395809258872,30.188130603573185,0.09586553523937862,0.22516392377333913,0.3246327095884618,0.31868508191612677,0.04006534842092816,0.03209261569118871,0.2358526341365596,0.00752688319756302
Jonnester/LR-AttnRes-tail-r32,Full r=32,sliced_lr_attnres,36,37,1007616,3.546313582397089,0.01314241110751065,0.9821086458074368,34.68821083627096,0.05626480596336892,0.15107790338314644,0.23296884392819753,0.19876394766133007,0.030829593160651564,0.020893167804379775,0.19784251813977063,0.007761315405172349
Jonnester/LR-AttnRes-tail-r32,Full r=32,sliced_lr_attnres,37,38,1007616,3.4616207863257182,0.031191693819417825,0.9516258293051061,31.884042398716375,0.08639971778644778,0.2142934198301982,0.3143845202961588,0.3195037597078618,0.03773919938177597,0.0335886184246359,0.23833364147520406,0.007177139876691715
Jonnester/LR-AttnRes-tail-r32,Full r=32,sliced_lr_attnres,38,39,1007616,3.620471514337431,0.007404642279311855,0.9882382135081097,37.356201916206174,0.047614941025167945,0.12913198381420074,0.2021588417814999,0.16317330034283117,0.027978087707263666,0.014682724658154012,0.16642729848668766,0.007330745477241006
Jonnester/LR-AttnRes-tail-r32,Full r=32,sliced_lr_attnres,39,40,1007616,3.5257858338394787,0.027127597301564024,0.9557877410718096,33.99294408162435,0.07664080551727032,0.19604610282231152,0.2912502412388964,0.31104614603810193,0.03474367337255943,0.031276394084390535,0.23307544680402564,0.007080526486402605
Jonnester/LR-AttnRes-tail-r32,Full r=32,sliced_lr_attnres,40,41,1007616,3.6576033704649142,0.009359575021815147,0.9849286534921909,38.770012522131445,0.047081780990933984,0.12926696979902624,0.2027753881080364,0.18729558817254818,0.027272829028770207,0.01976644762663815,0.19178877163391528,0.007263243623888967
Jonnester/LR-AttnRes-tail-r32,Full r=32,sliced_lr_attnres,41,42,1007616,3.5736795072633076,0.02626058062057502,0.956125034549372,35.65977124470036,0.07129710555318894,0.18540934903350303,0.2781150004243463,0.31379181098162645,0.03299555615559826,0.030789504499515008,0.23145526010743217,0.00689036576520829
Jonnester/LR-AttnRes-tail-r32,Full r=32,sliced_lr_attnres,42,43,1007616,3.65758752047531,0.023382269692541823,0.9724521893795913,38.77826213061325,0.06372423288298816,0.16054923602235996,0.23776681151816514,0.24607129467696678,0.02885278930690715,0.024628383436107626,0.21791748629242955,0.007098401780614422
Jonnester/LR-AttnRes-tail-r32,Full r=32,sliced_lr_attnres,43,44,1007616,3.598025527426867,0.029596340894969566,0.9508047695082378,36.54201011347577,0.0709461798755134,0.18323545703073826,0.2757542685764592,0.3343813722211171,0.03269463862345471,0.03226184108489427,0.23640404342494883,0.006585542610946269
Jonnester/LR-AttnRes-tail-r32,Full r=32,sliced_lr_attnres,44,45,1007616,3.706321954727173,0.022011977832968273,0.9736408164830712,40.71363753031909,0.06027729121771285,0.15329581644476914,0.2283468824334261,0.24224716606663493,0.027392435213172337,0.024648278128700074,0.2183105423715383,0.006844885465575427
Jonnester/LR-AttnRes-tail-r32,Full r=32,sliced_lr_attnres,45,46,1007616,3.6362095441275497,0.030934265910572994,0.949738848984726,37.965863049514894,0.06848081292175665,0.17704572389280893,0.2679070416020184,0.3406814981282242,0.03156711813819602,0.02980803170396662,0.22834854188763334,0.006345041873135639
Jonnester/LR-AttnRes-tail-r32,Full r=32,sliced_lr_attnres,46,47,1007616,3.7475074830094006,0.02261569566508672,0.9733412808519069,42.42603038384662,0.0606186010730945,0.15080430691804342,0.22393625768704142,0.24330274954559358,0.026429009782831844,0.024312941843799507,0.21696258009727526,0.006681679153376396
Jonnester/LR-AttnRes-tail-r32,Full r=32,sliced_lr_attnres,47,48,1007616,3.6983104372412208,0.02940872079736051,0.9553393004386406,40.39647994002676,0.06235374431542265,0.16662902354709502,0.2556814848165202,0.32278811180494665,0.02928658630850354,0.02538825636435904,0.21410612053481484,0.006188982926046622
Jonnester/LR-AttnRes-tail-r32,Full r=32,sliced_lr_attnres,48,49,1007616,3.683927037851597,0.041974790161589975,0.9465820522812324,39.837423991381634,0.06705607564710989,0.18311448952531426,0.28155622710057393,0.34695338863667435,0.030949730047486662,0.026184986321513115,0.2139999842597972,0.006246048131945597
Jonnester/LR-AttnRes-tail-r64,Full r=64,sliced_lr_attnres,1,2,1007616,0.26897901538910907,0.11466372223335906,0.3880546853794315,1.3176187470676453,0.9165256822981486,1.0,1.0,0.4165256844788063,0.8537111141817356,0.018213825775772463,0.3792739932716606,0.032315955020305584
Jonnester/LR-AttnRes-tail-r64,Full r=64,sliced_lr_attnres,2,3,1007616,0.8917864236405225,0.059667557211956435,0.8117389775873199,2.443797303409111,0.5542693472490078,1.0,1.0,0.3108863576156337,0.4536675374682357,0.03790649080973496,0.2938549119003339,0.12927902237509648
Jonnester/LR-AttnRes-tail-r64,Full r=64,sliced_lr_attnres,3,4,1007616,1.0404569269195805,0.17881099151060426,0.7505310129343978,2.874844537517889,0.5770739370245275,0.9545330880134086,1.0,0.41223058637564747,0.4337541657250102,0.05105908187260155,0.39025421477943045,0.053566808138436416
Jonnester/LR-AttnRes-tail-r64,Full r=64,sliced_lr_attnres,4,5,1007616,1.3451463846656364,0.1617111330585368,0.8357864099789442,3.8863319555918374,0.4535354773203532,0.8334487841381291,1.0,0.3660059086675566,0.3172318203662469,0.07171870085030352,0.3682222542289241,0.053528279405299244
Jonnester/LR-AttnRes-tail-r64,Full r=64,sliced_lr_attnres,5,6,1007616,1.485396007212197,0.18138937808157263,0.8290152481900968,4.486465132333399,0.4409908955174733,0.7641618600705775,0.9637425953779764,0.38976663060304595,0.29128886117198605,0.06742869327179557,0.36141953392666554,0.038634998607764724
Jonnester/LR-AttnRes-tail-r64,Full r=64,sliced_lr_attnres,6,7,1007616,1.6573758251298734,0.1506562661361416,0.8517227376379618,5.302231141222202,0.3614486346884472,0.7276988494686965,0.9110218829255763,0.3959066814523402,0.23686480328319517,0.07766391739890999,0.3585006687870891,0.0380190139794322
Jonnester/LR-AttnRes-tail-r64,Full r=64,sliced_lr_attnres,7,8,1007616,1.6630781055465946,0.22742049390058963,0.7997715119423905,5.403598196138211,0.40753751338982,0.7287652972267895,0.8817498112112526,0.46308906703460506,0.2607350569914996,0.09477144722644537,0.40979577696654945,0.02669832184607905
Jonnester/LR-AttnRes-tail-r64,Full r=64,sliced_lr_attnres,8,9,1007616,1.9265068149178979,0.12117250592158169,0.8767910371950971,6.913806899776303,0.2936866600823596,0.6264975642770286,0.815900624282961,0.38992336101648284,0.1803580801176831,0.07048103006890627,0.3187323614864619,0.02900141908332046
Jonnester/LR-AttnRes-tail-r64,Full r=64,sliced_lr_attnres,9,10,1007616,1.8589605936189977,0.2019215751948724,0.8073362897082073,6.541369725049027,0.34785184409560227,0.6725620680708226,0.8414302201775031,0.48941104974203964,0.21281027781769513,0.09385605593949897,0.4102632755548373,0.022316000168401053
Jonnester/LR-AttnRes-tail-r64,Full r=64,sliced_lr_attnres,10,11,1007616,2.0451090917354677,0.14055784501127289,0.852876731050693,7.802994960691871,0.2893440909986574,0.6082786554243507,0.7720688348863183,0.44246636924704885,0.1700286776796589,0.08482504623979725,0.3448191416249826,0.023233855081238926
Jonnester/LR-AttnRes-tail-r64,Full r=64,sliced_lr_attnres,11,12,1007616,2.0356208405843597,0.217791576642108,0.8191941012211932,7.829432095938582,0.3305983177530087,0.6053120421200264,0.7703185478846232,0.48531227819318695,0.18914955418284346,0.08410449436476464,0.38258336232636375,0.018455573334926513
Jonnester/LR-AttnRes-tail-r64,Full r=64,sliced_lr_attnres,12,13,1007616,2.164789153308403,0.11754614962693162,0.8439891008826775,8.770971344738472,0.2594255613602274,0.5781276696096591,0.758303291429349,0.47779219010011936,0.15073357461913814,0.06808495294754824,0.3271098979363004,0.01961395912352318
Jonnester/LR-AttnRes-tail-r64,Full r=64,sliced_lr_attnres,13,14,1007616,2.10924214463893,0.26382075808266037,0.7992407374265718,8.508420416979286,0.33526622885611,0.5821928750208722,0.742677235991005,0.5185819539597364,0.1885550704186525,0.09494737607012205,0.4151554037534865,0.014932313949112
Jonnester/LR-AttnRes-tail-r64,Full r=64,sliced_lr_attnres,14,15,1007616,2.4017627956421395,0.07291923619288848,0.886897433094862,11.07153661464288,0.2036765257759792,0.47471953141010875,0.6625012842620291,0.4255786610812676,0.11348553226003802,0.03864528838777748,0.2557548008735503,0.01809056239722544
Jonnester/LR-AttnRes-tail-r64,Full r=64,sliced_lr_attnres,15,16,1007616,2.4697413308833673,0.08673186660575953,0.89077088018743,11.86255589927115,0.19589305420716605,0.4448887485314191,0.619561084402286,0.4217215333043075,0.10609748220540643,0.054428339977854456,0.29622099608602337,0.01618703908279417
Jonnester/LR-AttnRes-tail-r64,Full r=64,sliced_lr_attnres,16,17,1007616,2.4783056421977716,0.05084309580181037,0.8747331344984411,11.936432706631296,0.18180367556529317,0.44943650708935123,0.640277734132317,0.4606503027725995,0.10467333643417048,0.037519026384527976,0.25594952702881324,0.016487187215553294
Jonnester/LR-AttnRes-tail-r64,Full r=64,sliced_lr_attnres,17,18,1007616,2.6110540211685307,0.050258463484863417,0.9033627122398314,13.630226515172943,0.18269883047759047,0.41606884152908635,0.5749563681400889,0.40632076500877135,0.09261884352540582,0.03669927773700232,0.24996316102563534,0.015553288101180783
Jonnester/LR-AttnRes-tail-r64,Full r=64,sliced_lr_attnres,18,19,1007616,2.707340273430677,0.03623924450536886,0.9194757681551987,14.999149353523565,0.13371562594320716,0.343909094731013,0.5116788299103093,0.37985322412436573,0.07801546053430898,0.03279620987415477,0.24062293054976946,0.014750811576231147
Jonnester/LR-AttnRes-tail-r64,Full r=64,sliced_lr_attnres,19,20,1007616,2.7779367590338233,0.0437944310236975,0.927298023448727,16.100902883017934,0.13512190304151395,0.33855214521167726,0.4930150596106925,0.36407471817683396,0.07371056861266857,0.03519491602280267,0.24449997627425796,0.01376879882764041
Jonnester/LR-AttnRes-tail-r64,Full r=64,sliced_lr_attnres,20,21,1007616,2.826283138941943,0.027940619906163217,0.9283173593079171,16.88916815781012,0.11888594531673725,0.31240631215940645,0.46837359981808235,0.3663706134974472,0.06877091636018055,0.02984000587254476,0.2379206249786645,0.013183529172532557
Jonnester/LR-AttnRes-tail-r64,Full r=64,sliced_lr_attnres,21,22,1007616,2.870431940730025,0.036211582613638826,0.928629064947609,17.656155857613417,0.13589706241599914,0.32144706302542025,0.4636779272459387,0.3660263954623928,0.06794493978585654,0.03029015368717447,0.22811179932298262,0.01222570422219067
Jonnester/LR-AttnRes-tail-r64,Full r=64,sliced_lr_attnres,22,23,1007616,2.9250044202416894,0.03832115699471816,0.9328687035940527,18.64793307606767,0.1279295919145026,0.30837873860103326,0.4452496066810639,0.35760362555341024,0.06409788807112027,0.026120893010108226,0.21977752387769783,0.011802780813612926
Jonnester/LR-AttnRes-tail-r64,Full r=64,sliced_lr_attnres,23,24,1007616,3.0039106035620216,0.02954271153090413,0.945204460523962,20.172947937880107,0.10572527809356286,0.27101661155863505,0.4066118777282839,0.3277663760553531,0.05711189103199214,0.031272081964191845,0.23520233242620917,0.011627418188464028
Jonnester/LR-AttnRes-tail-r64,Full r=64,sliced_lr_attnres,24,25,1007616,3.061559657740399,0.024860628961755945,0.9511269505431013,21.367422662130217,0.09945729635353011,0.2550577199071403,0.3842129598303539,0.31313941173437165,0.05346282102107033,0.023028113932495042,0.20615136629500927,0.01123569198740207
Jonnester/LR-AttnRes-tail-r64,Full r=64,sliced_lr_attnres,25,26,1007616,3.069457711243048,0.04455521551156862,0.9421015376967143,21.551067352294922,0.1118288593200164,0.2742008903646857,0.39704498600184435,0.3366702521234993,0.05494743743078495,0.039173122226901835,0.26941766744714457,0.010931540208357881
Jonnester/LR-AttnRes-tail-r64,Full r=64,sliced_lr_attnres,26,27,1007616,3.166159242149291,0.019097728761183635,0.9606540784603212,23.72054065921442,0.0881579375363947,0.22581340675431538,0.3400625722195075,0.2844252152656152,0.047113340135996905,0.023924912376711127,0.20619394654623027,0.010357513956476572
Jonnester/LR-AttnRes-tail-r64,Full r=64,sliced_lr_attnres,27,28,1007616,3.158319707808456,0.040653837708361666,0.9478168206486276,23.549981729771062,0.10623551511425312,0.25139213892502515,0.3649901558713215,0.32160154493843635,0.05005099863661983,0.03637997494540324,0.2526478231734629,0.009971404870005019
Jonnester/LR-AttnRes-tail-r64,Full r=64,sliced_lr_attnres,28,29,1007616,3.2568659763026044,0.01572400254976264,0.9672052050993695,25.97122947568816,0.0757964912468825,0.1991839078141422,0.30551234493410684,0.2623426478083541,0.042286895518380455,0.023296482065571666,0.2007166075895394,0.009557843826583763
Jonnester/LR-AttnRes-tail-r64,Full r=64,sliced_lr_attnres,29,30,1007616,3.2188082632979724,0.04895031779541806,0.9463750041597258,25.027396380416747,0.10242034591794984,0.24907421132897942,0.35871511043571846,0.32693205495190814,0.04780448921691111,0.04058584575230384,0.26704439264939867,0.0095845563221107
Jonnester/LR-AttnRes-tail-r64,Full r=64,sliced_lr_attnres,30,31,1007616,3.3324200874421654,0.019223974558158594,0.9704230107912203,28.011137815025762,0.08097737839793771,0.2077531792768618,0.3014019105007978,0.24349407476138293,0.03979326539286753,0.025759902208630336,0.2205268747243945,0.009111970131584206
Jonnester/LR-AttnRes-tail-r64,Full r=64,sliced_lr_attnres,31,32,1007616,3.2835825284322104,0.04935478754060671,0.9474416898518074,26.702525239649827,0.09484809915709301,0.23550898224357666,0.347772916642631,0.3273151730134235,0.04493534568000615,0.04342010177134581,0.26892340374314216,0.00876884391092188
Jonnester/LR-AttnRes-tail-r64,Full r=64,sliced_lr_attnres,32,33,1007616,3.3977167722655506,0.01739068278578184,0.971745829756667,29.900264414345347,0.06969948646014298,0.17941866269925746,0.2738893376133306,0.24766017763110681,0.03667649926572311,0.022202086924544506,0.1984913946049954,0.008460253513807968
Jonnester/LR-AttnRes-tail-r64,Full r=64,sliced_lr_attnres,33,34,1007616,3.286747645556442,0.05257702022522985,0.9320509205988752,26.792072730335764,0.11795181217716962,0.26075310363032955,0.3680197305795623,0.3693353155764138,0.04782898236459833,0.042174529329786825,0.2724231423804532,0.008151164427150213
Jonnester/LR-AttnRes-tail-r64,Full r=64,sliced_lr_attnres,34,35,1007616,3.4275758363367097,0.03163259568598873,0.9640619861401194,30.81715909446158,0.07833603836171996,0.18992282062526641,0.28314644800938243,0.2775040506347408,0.03679704172461013,0.027194117822741504,0.22539153015905292,0.008037381159719274
Jonnester/LR-AttnRes-tail-r64,Full r=64,sliced_lr_attnres,35,36,1007616,3.284754251076923,0.051640765081369125,0.9166280758090135,26.737778516319707,0.12311128726819666,0.286480507230371,0.3961291938293271,0.4082682004304436,0.0504810245238184,0.039698406053480184,0.268770329686054,0.0074557624252508
Jonnester/LR-AttnRes-tail-r64,Full r=64,sliced_lr_attnres,36,37,1007616,3.494303554054198,0.029941691400164644,0.9677050971403355,32.941960528614075,0.07475067081490183,0.1782458927330932,0.2655466591439596,0.2622839365063644,0.03421569479311385,0.03175865968001901,0.24099267970515958,0.007635692572022658
Jonnester/LR-AttnRes-tail-r64,Full r=64,sliced_lr_attnres,37,38,1007616,3.34033295584888,0.05026612370698715,0.9182828819848657,28.263727978962223,0.0993140681487758,0.2556524758901053,0.3771513530878517,0.4159503974081055,0.04611384069047323,0.044959335594312755,0.27872270990390846,0.007027127540514517
Jonnester/LR-AttnRes-tail-r64,Full r=64,sliced_lr_attnres,38,39,1007616,3.5754806355732245,0.018930659715668867,0.9759575637375436,35.71814368023136,0.05789591290238427,0.1519080428330879,0.23234206765163234,0.2323838217956264,0.030440522660690594,0.02500890928836741,0.21603774088727704,0.007400504053446659
Jonnester/LR-AttnRes-tail-r64,Full r=64,sliced_lr_attnres,39,40,1007616,3.4089722051853086,0.04927614146480656,0.9241213091020661,30.27012826562897,0.09021201887266422,0.23181834829047443,0.34704276168249487,0.4069408645959404,0.04221992031103227,0.045801778006438365,0.27999163459736537,0.006860410749185376
Jonnester/LR-AttnRes-tail-r64,Full r=64,sliced_lr_attnres,40,41,1007616,3.6318363290492113,0.01601637646648032,0.9779900389958204,37.786955918723,0.053242242978355746,0.14155082877089337,0.21805512796087964,0.2248371789852778,0.028583881801100282,0.022863130289445532,0.20728995133408876,0.007198554749009441
Jonnester/LR-AttnRes-tail-r64,Full r=64,sliced_lr_attnres,41,42,1007616,3.488594318793072,0.044317049830631894,0.9333608005104995,32.77132967817105,0.08258734467795224,0.21109866938455318,0.31595600135927276,0.3864374923996809,0.038068937788891595,0.04281268132677729,0.2750518198447148,0.006876415163105512
Jonnester/LR-AttnRes-tail-r64,Full r=64,sliced_lr_attnres,42,43,1007616,3.560094571695095,0.03889231849608243,0.9465314823437513,35.19302855080706,0.07985272700709056,0.1967882765987055,0.288324638595426,0.3440341171694965,0.034261417461604604,0.04334415977412842,0.28788213271892205,0.00717701163515519
Jonnester/LR-AttnRes-tail-r64,Full r=64,sliced_lr_attnres,43,44,1007616,3.5230529366469963,0.0432520046510386,0.9309927060352108,33.91902086211414,0.07902603723653932,0.20149874553932406,0.3047872759946963,0.39581542916414214,0.036877500665623966,0.04242315233939964,0.2779259728676038,0.0066147211495806175
Jonnester/LR-AttnRes-tail-r64,Full r=64,sliced_lr_attnres,44,45,1007616,3.635415548231544,0.03057062695909339,0.9550138784617912,37.93526281961581,0.07016556370791381,0.17652477069598874,0.2614951913918906,0.32080627045011134,0.030962008331728175,0.03900651656197063,0.2737339349237303,0.006779312893627136
Jonnester/LR-AttnRes-tail-r64,Full r=64,sliced_lr_attnres,45,46,1007616,3.515883027053461,0.05314668074288918,0.9183108617619771,33.69270985300948,0.08529286019928087,0.21288794170065625,0.3201777057919076,0.4286576017616241,0.038668678452571235,0.04461189800801835,0.28111627061964006,0.006307975953650922
Jonnester/LR-AttnRes-tail-r64,Full r=64,sliced_lr_attnres,46,47,1007616,3.6352935728988025,0.03964998715468456,0.944195923281879,37.94270045582841,0.07921327602087967,0.19197234790015028,0.27932857352543655,0.3555891574398289,0.03234440382055151,0.04066649097859454,0.2817455554207297,0.006554865905146062
Jonnester/LR-AttnRes-tail-r64,Full r=64,sliced_lr_attnres,47,48,1007616,3.5671780303241762,0.051691800179355644,0.9214654642391981,35.46368792774231,0.08438896181864466,0.21230145125854305,0.31639565684931065,0.42136989061425373,0.03690102705504836,0.03840049954631386,0.2661195675361916,0.006106232189469867
Jonnester/LR-AttnRes-tail-r64,Full r=64,sliced_lr_attnres,48,49,1007616,3.6066801586771398,0.052975745996489354,0.9267335349951333,36.89506291955467,0.07760836002303333,0.20729696593148922,0.3054909286944847,0.4095302793553205,0.03496253529820985,0.03366626164883302,0.24302988923978028,0.0061513731901733084
Jonnester/LR-AttnRes-tail-r128,Full r=128,sliced_lr_attnres,1,2,1007616,0.2232771981053236,0.08725721986663808,0.322120902257237,1.2551245989838267,0.9376618338794243,1.0,1.0,0.43766183121417596,0.8859829563435501,0.010082505317826507,0.32523239308439134,0.029849984963250354
Jonnester/LR-AttnRes-tail-r128,Full r=128,sliced_lr_attnres,2,3,1007616,0.7965029696138893,0.10553043042086396,0.7250082439523402,2.2297532306454046,0.6195764216950269,1.0,1.0,0.3756400177149269,0.5114578008651733,0.06944619428277643,0.38306698685939056,0.10418247368923694
Jonnester/LR-AttnRes-tail-r128,Full r=128,sliced_lr_attnres,3,4,1007616,0.9484437534479591,0.17863379727658665,0.6841575411277089,2.622205133360576,0.6260130337583341,0.9746640174369502,1.0,0.46617744632852753,0.4798001865061318,0.04952317308858545,0.4341770734996806,0.04701355796277038
Jonnester/LR-AttnRes-tail-r128,Full r=128,sliced_lr_attnres,4,5,1007616,1.3691645569917632,0.11187643514888648,0.8507097373163797,3.955112077356354,0.4022050587142386,0.8386522793188328,1.0,0.34482694277918435,0.2919914848436185,0.0680804288008654,0.36558092253241015,0.0596225556319322
Jonnester/LR-AttnRes-tail-r128,Full r=128,sliced_lr_attnres,5,6,1007616,1.513389206514126,0.14797047955855855,0.8446385516383783,4.5895901695499575,0.41668527446142056,0.7570524690597038,0.9675771133686469,0.3756232322231541,0.2743286803001311,0.056729061246841184,0.3342414697495261,0.04186252001824418
Jonnester/LR-AttnRes-tail-r128,Full r=128,sliced_lr_attnres,6,7,1007616,1.6793134212493896,0.12538375339666205,0.8629964338085516,5.400460851870902,0.33350512264220694,0.7130045730893205,0.9161640972625918,0.3795049713879097,0.22382853283145562,0.07997923028317855,0.367673252671632,0.042708767450368085
Jonnester/LR-AttnRes-tail-r128,Full r=128,sliced_lr_attnres,7,8,1007616,1.6641115841826772,0.17313427421516403,0.8002685114620177,5.355397298084042,0.3919069270292918,0.7327941399279648,0.9004988243909386,0.4737874264639568,0.25003113821754613,0.08163392890572374,0.3975887782056059,0.028603863031641256
Jonnester/LR-AttnRes-tail-r128,Full r=128,sliced_lr_attnres,8,9,1007616,1.8107165359869235,0.2030182990889704,0.8240925994345812,6.22788072989239,0.34342402122854215,0.6741096387064553,0.852908304067162,0.4535554470570107,0.2158462859508468,0.12175336787317947,0.46167239071640764,0.02887213682417624
Jonnester/LR-AttnRes-tail-r128,Full r=128,sliced_lr_attnres,9,10,1007616,1.7807907970940196,0.2093111307631616,0.7733875779601617,6.058286593212345,0.3825096715756548,0.6978683331148411,0.857292632261912,0.5265083545591773,0.23661325145058515,0.1018131988744051,0.4704149718692068,0.022929985312426963
Jonnester/LR-AttnRes-tail-r128,Full r=128,sliced_lr_attnres,10,11,1007616,2.0301362867277812,0.1410815013439542,0.8466325935309496,7.686167391335092,0.27729360165634775,0.60748880083968,0.7891611132195325,0.454662624413405,0.16795722788911524,0.10411915698735053,0.4306954107903522,0.023823325689510337
Jonnester/LR-AttnRes-tail-r128,Full r=128,sliced_lr_attnres,11,12,1007616,2.071395625913046,0.16922091627719277,0.8335909387929653,8.04257019942369,0.3046673204356093,0.5776667672444166,0.7595867718138346,0.47256805596312856,0.17227940685380766,0.08818107366023176,0.4065772516365414,0.01944685014605845
Jonnester/LR-AttnRes-tail-r128,Full r=128,sliced_lr_attnres,12,13,1007616,2.172999174614263,0.13225479136210438,0.8471899429957072,8.85753028373408,0.2598974181384575,0.5587945173426372,0.7411967108889324,0.47122999492699535,0.14909163735261777,0.09177083216581661,0.40585272216325685,0.019995402849935756
Jonnester/LR-AttnRes-tail-r128,Full r=128,sliced_lr_attnres,13,14,1007616,1.9390517880276936,0.3223852266089459,0.7347516606493694,7.284736133203274,0.39177670759883354,0.6476364247198028,0.7925705575361485,0.5873109964820428,0.23470892799579032,0.12834698803541467,0.5320896995176179,0.014744588886750008
Jonnester/LR-AttnRes-tail-r128,Full r=128,sliced_lr_attnres,14,15,1007616,2.354369289506742,0.10250149354016928,0.8693964607347318,10.585235898087664,0.21687019174176503,0.5007072590230927,0.6765854077610544,0.45207704131196186,0.12164434808783414,0.06889412124292305,0.3631873721161635,0.01832015751823177
Jonnester/LR-AttnRes-tail-r128,Full r=128,sliced_lr_attnres,15,16,1007616,2.366625181058558,0.12022628279811276,0.8535795899910655,10.735315648520865,0.225280990082074,0.49854408580113235,0.6685323661904994,0.48146613487383216,0.12346200626797793,0.07649977624539472,0.36946215053341136,0.0164804735743418
Jonnester/LR-AttnRes-tail-r128,Full r=128,sliced_lr_attnres,16,17,1007616,2.3993825098363364,0.07557561348707928,0.8468767273716811,11.047726693192148,0.2219339960474309,0.5131832836120109,0.6801223507741603,0.5016076579326536,0.1209522539037999,0.04296306015089124,0.29369727954180486,0.017530806195160124
Jonnester/LR-AttnRes-tail-r128,Full r=128,sliced_lr_attnres,17,18,1007616,2.5419625596302313,0.06152155101782567,0.8794587026766645,12.728193655246642,0.21173168549208138,0.44791702647519305,0.6052555485469538,0.4478409171589022,0.1041944715671423,0.041756038868917766,0.2718563018943905,0.01565649962791367
Jonnester/LR-AttnRes-tail-r128,Full r=128,sliced_lr_attnres,18,19,1007616,2.687417255184515,0.040047351380280184,0.9127094343425782,14.705423541185333,0.14145826190952362,0.36576214771929794,0.536198308312796,0.39577586839838724,0.08094870299100876,0.03412683360268298,0.2588069566802481,0.01539557032162785
Jonnester/LR-AttnRes-tail-r128,Full r=128,sliced_lr_attnres,19,20,1007616,2.725523843997862,0.06834588852593512,0.9098021659424634,15.297871845524485,0.15156784508286453,0.3581623388984339,0.5154909002102488,0.40025012182995556,0.08025423243520706,0.04868317705913894,0.2963609380283435,0.014477920023406424
Jonnester/LR-AttnRes-tail-r128,Full r=128,sliced_lr_attnres,20,21,1007616,2.7575936530663716,0.03684112267115348,0.9057556967425152,15.77255690970072,0.17251626008409796,0.36949534605189066,0.5113499944772177,0.4106463736634913,0.07995678629817032,0.032354110264431135,0.26093567444202054,0.013683713963915108
Jonnester/LR-AttnRes-tail-r128,Full r=128,sliced_lr_attnres,21,22,1007616,2.851428314922302,0.035864750575040134,0.922481102187459,17.323583788988067,0.13255110831280065,0.330550040655989,0.4748993077413823,0.3815764418947018,0.069312821740542,0.029119950506096615,0.23504593082245825,0.01269068936242585
Jonnester/LR-AttnRes-tail-r128,Full r=128,sliced_lr_attnres,22,23,1007616,2.847909933183251,0.05401783983555371,0.908281023909406,17.27681516631832,0.1539882782513533,0.3710168755151392,0.4996241820536978,0.40697792196661475,0.07418497118765746,0.031265516056373954,0.2445050614878018,0.012103026096118807
Jonnester/LR-AttnRes-tail-r128,Full r=128,sliced_lr_attnres,23,24,1007616,2.9390086100353456,0.03607177238691428,0.9247825291098618,18.90917312808153,0.11586096894934894,0.29290461830976533,0.43499983011222465,0.3811457234669507,0.06249985598572871,0.03939212729163177,0.27289766837965496,0.011859883995963952
Jonnester/LR-AttnRes-tail-r128,Full r=128,sliced_lr_attnres,24,25,1007616,2.9587979316711426,0.04869479320727082,0.9192022240258814,19.29758045537685,0.12008987936547132,0.3146224218170817,0.46836120011360666,0.39457775010326046,0.06381394980641884,0.030622276882032118,0.24883634381333997,0.011177975792225783
Jonnester/LR-AttnRes-tail-r128,Full r=128,sliced_lr_attnres,25,26,1007616,2.9940285275622114,0.05688106936733062,0.9189502325484423,19.997389770135648,0.13266410817944907,0.311829440719713,0.4414418218581657,0.3946559889529779,0.062487938963785405,0.048542570609696245,0.3036114410279904,0.011122326251862569
Jonnester/LR-AttnRes-tail-r128,Full r=128,sliced_lr_attnres,26,27,1007616,3.064892929743945,0.04186343493372698,0.9299285513598744,21.45093792240794,0.11017291720320539,0.28502154471428415,0.41737626141648954,0.37470535219200257,0.05636488161678237,0.03247434068255517,0.25533258357503846,0.010434449257458667
Jonnester/LR-AttnRes-tail-r128,Full r=128,sliced_lr_attnres,27,28,1007616,3.077996901380337,0.06629022960532302,0.9237118188927813,21.76103146870931,0.12921804456206842,0.29465450358584644,0.41175768603154317,0.38251898783009225,0.0580655870338281,0.052741475324801446,0.30611894909458487,0.010333212713400522
Jonnester/LR-AttnRes-tail-r128,Full r=128,sliced_lr_attnres,28,29,1007616,3.166314183211908,0.025677747451367756,0.9403136571248373,23.727716569978046,0.10484744305533122,0.2546408595592995,0.3740377934967599,0.34960229004301674,0.049886229077005774,0.0305413887067556,0.23927783356865948,0.009857898320608991
Jonnester/LR-AttnRes-tail-r128,Full r=128,sliced_lr_attnres,29,30,1007616,3.153604650885109,0.08192973575988774,0.9272042226985218,23.494867169760106,0.11720154422327755,0.2715764048138285,0.3924312186919577,0.3779798501390752,0.053726121207805184,0.05784938966413833,0.32916458286051625,0.009831839396055475
Jonnester/LR-AttnRes-tail-r128,Full r=128,sliced_lr_attnres,30,31,1007616,3.2118930487128776,0.0374736541604724,0.9353247372115531,24.843308456544953,0.1122253021089042,0.26077167144635827,0.37183805985179375,0.3616722095303419,0.04917918633275885,0.04140012567128881,0.28252579940359024,0.00946174324762468
Jonnester/LR-AttnRes-tail-r128,Full r=128,sliced_lr_attnres,31,32,1007616,3.242528487027176,0.07084804931823191,0.9355960018266507,25.658741772659425,0.10218910394403023,0.2455673002130617,0.3611569663858026,0.36149336942812293,0.04809480999422267,0.056701143694055656,0.3146980045512818,0.009041617011151663
Jonnester/LR-AttnRes-tail-r128,Full r=128,sliced_lr_attnres,32,33,1007616,3.3464201814760037,0.02103457985924748,0.9570750216158425,28.407160890780812,0.07935907988528895,0.21024771095291386,0.31345354977662,0.3035522919844806,0.04022219719562104,0.03060671272985216,0.2326329971275526,0.008703071169736908
Jonnester/LR-AttnRes-tail-r128,Full r=128,sliced_lr_attnres,33,34,1007616,3.2661705172158837,0.06856995475378742,0.9262156849954186,26.269899833493117,0.11402396597271043,0.26391217984804294,0.3724788294090488,0.38749301191267926,0.048796655080182764,0.055459605858088956,0.3173581028147515,0.008491280979941417
Jonnester/LR-AttnRes-tail-r128,Full r=128,sliced_lr_attnres,34,35,1007616,3.319934484435291,0.04990071942902365,0.9337860854660592,27.692656013054577,0.1010014453554541,0.2520580972597851,0.3613070247134542,0.37061768237168224,0.045008887907838434,0.04133653616133115,0.27871804984794313,0.008115495483495909
Jonnester/LR-AttnRes-tail-r128,Full r=128,sliced_lr_attnres,35,36,1007616,3.191215926069554,0.0725394079220845,0.8905257054460727,24.381300794399852,0.170745467388533,0.3324529843601754,0.4342236799922416,0.4514353946457064,0.06258892158909542,0.049809277085099524,0.3109537167551884,0.007536782986587948
Jonnester/LR-AttnRes-tail-r128,Full r=128,sliced_lr_attnres,36,37,1007616,3.39787519075037,0.04139113614901,0.9410004276570266,29.92600810043211,0.09384258224712155,0.23249870599285374,0.33486418341233476,0.35088006655375165,0.041080191761739854,0.03638335248497304,0.25967570111462274,0.007886365203379642
Jonnester/LR-AttnRes-tail-r128,Full r=128,sliced_lr_attnres,37,38,1007616,3.2798491338404214,0.06917048754646123,0.9016554176322813,26.633817672729492,0.1196923854389811,0.2949073913136149,0.4126600749124356,0.44794664004953894,0.05214992919709624,0.05423206625225818,0.32105376935639407,0.007197171660075598
Jonnester/LR-AttnRes-tail-r128,Full r=128,sliced_lr_attnres,38,39,1007616,3.521160083088448,0.018722357862918718,0.9611303171491236,33.829554208895054,0.0702510695995354,0.1774660800772954,0.2651225226681407,0.2949545960116193,0.03351511127822768,0.0307006844249611,0.23735616818144067,0.007580399233673124
Jonnester/LR-AttnRes-tail-r128,Full r=128,sliced_lr_attnres,39,40,1007616,3.3129568584566194,0.07198319551290233,0.8980929870915607,27.535026007551487,0.10743660606989046,0.27002085636301737,0.3985904365535674,0.46293986279789995,0.04985243602981412,0.06189580178158138,0.3328555797802425,0.0068235171216774766
Jonnester/LR-AttnRes-tail-r128,Full r=128,sliced_lr_attnres,40,41,1007616,3.5772217231068186,0.02646959872807728,0.9632832815007466,35.786464505079316,0.07471964950483989,0.1748427185343533,0.2568140281894343,0.28434494161993507,0.03195155493733359,0.03803865209720447,0.26666249485497995,0.00720543909139064
Jonnester/LR-AttnRes-tail-r128,Full r=128,sliced_lr_attnres,41,42,1007616,3.4139928119938547,0.06734411406759237,0.9134014355457896,30.452172411166554,0.09506387475544845,0.2380120273285765,0.35461809795077254,0.4339795812843292,0.043518986613527544,0.05654103117619291,0.3209818943482201,0.006878935213103758
Jonnester/LR-AttnRes-tail-r128,Full r=128,sliced_lr_attnres,42,43,1007616,3.488596576985305,0.0810932573456594,0.9275221257674985,32.844419184739024,0.10031278685825627,0.22301032351769082,0.3184830083595059,0.39177818681166426,0.039943829966269856,0.06363960739527696,0.35126503074180565,0.007632748664586209
Jonnester/LR-AttnRes-tail-r128,Full r=128,sliced_lr_attnres,43,44,1007616,3.464386901235193,0.06344847039711496,0.9154897782860733,32.01862198744363,0.09042486499964707,0.22608435747584676,0.33603969579789694,0.4332653364030326,0.040986594630450734,0.0548363340511524,0.3225156556045243,0.006692595856989743
Jonnester/LR-AttnRes-tail-r128,Full r=128,sliced_lr_attnres,44,45,1007616,3.5521585611793083,0.048699209452074156,0.9331424982567144,34.92954880629129,0.08324176703042131,0.20212752244821408,0.29642953014955287,0.3869412488084498,0.03551670921042683,0.06123331161564005,0.34460338405790186,0.007199202492738911
Jonnester/LR-AttnRes-tail-r128,Full r=128,sliced_lr_attnres,45,46,1007616,3.4523233727711005,0.0786358061209786,0.9017097634997794,31.6680027876443,0.09825169107293695,0.240960963979,0.3571646293488944,0.46336473803210065,0.04362132170093738,0.05671814047956625,0.3210022759658791,0.006350895675006542
Jonnester/LR-AttnRes-tail-r128,Full r=128,sliced_lr_attnres,46,47,1007616,3.614470774565286,0.04324693481099239,0.9387876163653242,37.16607262836239,0.07399372332464389,0.18640510156387236,0.27894979473051984,0.3750198420470323,0.032762601577896414,0.05381317573274336,0.32884180457032314,0.006949327490441508
Jonnester/LR-AttnRes-tail-r128,Full r=128,sliced_lr_attnres,47,48,1007616,3.5129291061463395,0.06876731784658939,0.9074520081039367,33.62368879860979,0.09408573442842902,0.23337134137386228,0.34275903885926656,0.45417628709862873,0.040626322108555615,0.050275998906170294,0.30682990981445196,0.006091834204952891
Jonnester/LR-AttnRes-tail-r128,Full r=128,sliced_lr_attnres,48,49,1007616,3.5432240284555325,0.06068914855347355,0.9104285269248776,34.6415022873297,0.0874322362668146,0.2233462034444499,0.3302029778317707,0.4500029906024778,0.03870820332833422,0.0440828636737054,0.28877366452037856,0.006029382953798868
Jonnester/LR-AttnRes-tail-r256,Full r=256,sliced_lr_attnres,1,2,1007616,0.1828779503097379,0.07585768177761194,0.2638371096151631,1.2042161517026948,0.9527104109283385,1.0,1.0,0.4527104102014526,0.9114618800519928,0.007581821908030667,0.31101019629634674,0.02808933547599529
Jonnester/LR-AttnRes-tail-r256,Full r=256,sliced_lr_attnres,2,3,1007616,0.8361153985426678,0.07774026929456741,0.761065024185956,2.3142632061873023,0.5814611131582803,1.0,1.0,0.3465941250324249,0.48152815205294913,0.04460293709499219,0.3315175380823383,0.1124716300951433
Jonnester/LR-AttnRes-tail-r256,Full r=256,sliced_lr_attnres,3,4,1007616,0.9512814104072447,0.16826440351445904,0.6862044804464511,2.6249573424579653,0.6292836021601669,0.9740819364059262,1.0,0.46643180430420045,0.4798215630093241,0.04274602994594989,0.37782775454655343,0.04959133470324966
Jonnester/LR-AttnRes-tail-r256,Full r=256,sliced_lr_attnres,4,5,1007616,1.2737631332583543,0.1487406527989855,0.7914334991113926,3.61177907726629,0.4578495061979061,0.8843029790777501,1.0,0.41525956431055455,0.3336095383496788,0.08242337178927683,0.41698705228496724,0.057890170134179963
Jonnester/LR-AttnRes-tail-r256,Full r=256,sliced_lr_attnres,5,6,1007616,1.5519059692941062,0.08040589863410881,0.8661351552823695,4.7351528570904,0.3594939110240316,0.7714163239409284,0.9652636661762144,0.3654517303637373,0.24711712710256498,0.03964465300069753,0.2788908172096723,0.04424422099015254
Jonnester/LR-AttnRes-tail-r256,Full r=256,sliced_lr_attnres,6,7,1007616,1.6948952054589745,0.08661073476226883,0.8710038894560279,5.465481824021999,0.32145735887977167,0.7035535258975455,0.9191005700002841,0.3705922520257593,0.21463927420658793,0.07065671583476596,0.35824310431665396,0.042349234967558505
Jonnester/LR-AttnRes-tail-r256,Full r=256,sliced_lr_attnres,7,8,1007616,1.6784073007785207,0.18047181356567385,0.8071433014985991,5.4398732844407,0.3860635205012996,0.7145361178289584,0.8916834277835318,0.45661972862918204,0.24550944469808564,0.08119806297276178,0.40061479303183467,0.02898724031884496
Jonnester/LR-AttnRes-tail-r256,Full r=256,sliced_lr_attnres,8,9,1007616,1.8124479045712851,0.16767856850147303,0.8248805781690086,6.207841307167115,0.3507762342933717,0.677375361202209,0.8436474620811338,0.4529121539941648,0.2150325019185136,0.09853486360853192,0.42089730486873767,0.03178055984217946
Jonnester/LR-AttnRes-tail-r256,Full r=256,sliced_lr_attnres,9,10,1007616,1.707140237335267,0.23219616044252928,0.7414015526694011,5.650984903661216,0.3919173147135634,0.7364808141700621,0.8820877845694379,0.5607838398072778,0.253567729660166,0.13340499637066894,0.5216123750558953,0.02543026520227029
Jonnester/LR-AttnRes-tail-r256,Full r=256,sliced_lr_attnres,10,11,1007616,1.9838924863474157,0.10012588479196385,0.8273474249413343,7.306799597856475,0.30511620301541276,0.6345175315694112,0.8113674317918173,0.48470853838494155,0.17953882457279577,0.11089222714353397,0.43800507723280374,0.025275313977567868
Jonnester/LR-AttnRes-tail-r256,Full r=256,sliced_lr_attnres,11,12,1007616,2.0942763700717832,0.1798369334738004,0.8427988256865401,8.2399505056986,0.28592579418081576,0.5606559544074826,0.7423291002831808,0.4535029084701848,0.16429792429373516,0.10542845548188184,0.4407960081841893,0.021750763179810065
Jonnester/LR-AttnRes-tail-r256,Full r=256,sliced_lr_attnres,12,13,1007616,2.143600374702516,0.11006710953064817,0.8357282048318444,8.579736484744684,0.25004259454525585,0.5659382958722309,0.7656211329669487,0.4913674651122675,0.14926818110109344,0.08423472379596797,0.4002916537367373,0.02177793540531132
Jonnester/LR-AttnRes-tail-r256,Full r=256,sliced_lr_attnres,13,14,1007616,1.8665452555912296,0.3436306656549562,0.7072772587217936,6.805337832226017,0.4008639466956379,0.6774789332374325,0.8169891160678088,0.617388263950503,0.24948537834291537,0.14868341218890824,0.5883122937861059,0.01477219312344694
Jonnester/LR-AttnRes-tail-r256,Full r=256,sliced_lr_attnres,14,15,1007616,2.2739169965914594,0.12786224296494003,0.8396879046913085,9.792881950130308,0.2613681399725317,0.5306581321770583,0.702033259035126,0.49461273376534626,0.13928977175941312,0.06947618382079934,0.37922576407200853,0.01948453089409081
Jonnester/LR-AttnRes-tail-r256,Full r=256,sliced_lr_attnres,15,16,1007616,2.303259122662428,0.14603095620592357,0.8307251145200032,10.10520275240022,0.24281889272899163,0.5407571933133816,0.7028691153216168,0.5113699499184523,0.13669247452805683,0.09456439900159275,0.41873294242603887,0.01682255580657866
Jonnester/LR-AttnRes-tail-r256,Full r=256,sliced_lr_attnres,16,17,1007616,2.3473862050994625,0.08419739363541091,0.8285243113835653,10.495073566591836,0.2274614734862878,0.5515875927801055,0.7008019361069532,0.5251983888750154,0.1298496707425854,0.047512571142761306,0.3184663280187409,0.01803315810356797
Jonnester/LR-AttnRes-tail-r256,Full r=256,sliced_lr_attnres,17,18,1007616,2.4809647207337666,0.08106950170143241,0.8583549072102803,11.991319811441064,0.25681718469150666,0.47259531418482464,0.6198740940753037,0.4722949973936003,0.11984314260686316,0.04749832635510831,0.2945323270168055,0.016113213313088938
Jonnester/LR-AttnRes-tail-r256,Full r=256,sliced_lr_attnres,18,19,1007616,2.621066046924126,0.05110757264051745,0.890175024183785,13.76827446231997,0.1592870520624688,0.3915173614897379,0.5664437432599262,0.4401257951569751,0.08838482219271543,0.04175036383717057,0.30183199343590317,0.01566978141340273
Jonnester/LR-AttnRes-tail-r256,Full r=256,sliced_lr_attnres,19,20,1007616,2.6622588169283983,0.07990303616005247,0.8886837789682838,14.371774456365321,0.1708849687886432,0.39305826997369286,0.5496866988941906,0.44007462141959647,0.08883897378677275,0.05370289183728216,0.3124507152141838,0.014362430330214462
Jonnester/LR-AttnRes-tail-r256,Full r=256,sliced_lr_attnres,20,21,1007616,2.735523813139132,0.04653722396667557,0.8985066685250135,15.434431665311983,0.15094906309755837,0.3539983327311229,0.5093221872802672,0.4288620360013915,0.07859777386595564,0.03992436010931,0.28759299276392347,0.01369741969776855
Jonnester/LR-AttnRes-tail-r256,Full r=256,sliced_lr_attnres,21,22,1007616,2.8187299026706354,0.059125767776931765,0.9119026636689659,16.783314464538076,0.13207700473021686,0.3253740847595339,0.4791713310935633,0.4023413730830681,0.07199157501866178,0.050463702013843204,0.3005852049089301,0.013191098924134276
Jonnester/LR-AttnRes-tail-r256,Full r=256,sliced_lr_attnres,22,23,1007616,2.8682221455302663,0.045482540119829586,0.9147591910711149,17.623795532598727,0.12432706156154959,0.32628979842837263,0.4789638783388991,0.4018551559467626,0.0683166786907165,0.03457913491978459,0.266797387555199,0.012476757447936165
Jonnester/LR-AttnRes-tail-r256,Full r=256,sliced_lr_attnres,23,24,1007616,2.9084723422197793,0.038921909834047,0.915174052482698,18.342605358216822,0.13110718112893222,0.320287408382912,0.46398382749014755,0.4024116837881445,0.0663411699659456,0.031123960786657356,0.24540305855075192,0.011955285348947133
Jonnester/LR-AttnRes-tail-r256,Full r=256,sliced_lr_attnres,24,25,1007616,2.9069473724055097,0.09201856294780704,0.9030939452047271,18.37765861139065,0.17620049671428958,0.35425421668262014,0.4723479587857316,0.41134742411171515,0.07465725258840777,0.03810654103100397,0.26323518400915424,0.011878745003444392
Jonnester/LR-AttnRes-tail-r256,Full r=256,sliced_lr_attnres,25,26,1007616,2.8758483301333295,0.08065144640091026,0.8826774538047915,17.79688143536327,0.16081689201234803,0.37913136511314205,0.5175228816706959,0.46636628208121633,0.07680508779074119,0.06256108442604047,0.34933736873826604,0.011359929339523386
Jonnester/LR-AttnRes-tail-r256,Full r=256,sliced_lr_attnres,26,27,1007616,2.9965453787547784,0.0681360375570218,0.9091910186821852,20.062086213894975,0.13512646213052718,0.3238310542533068,0.4547576349440629,0.4173227216654677,0.06403718622234779,0.04265775416490891,0.2743107329021005,0.010831414217404736
Jonnester/LR-AttnRes-tail-r256,Full r=256,sliced_lr_attnres,27,28,1007616,3.030870991993726,0.05344985956029219,0.909569254735621,20.74444380039122,0.13202031392876695,0.3196585292254037,0.44588928687863233,0.4191063281481828,0.0619213082259748,0.04750993902520939,0.29407708449536996,0.010582776400547271
Jonnester/LR-AttnRes-tail-r256,Full r=256,sliced_lr_attnres,28,29,1007616,3.115744557807116,0.04297767319708709,0.9252957842214321,22.570993407955015,0.11846375907581996,0.287042826171813,0.40569064166487717,0.3868586723882008,0.054950670528460324,0.03352754496275212,0.24488563220440146,0.010244044964808793
Jonnester/LR-AttnRes-tail-r256,Full r=256,sliced_lr_attnres,29,30,1007616,3.006380621979876,0.07795503976284616,0.8839182834315106,20.274768193562824,0.16354725491709826,0.3598545411737954,0.48375224097957453,0.46547445146048944,0.07068277429032131,0.058817083032542516,0.3359385591971242,0.009948440312046992
Jonnester/LR-AttnRes-tail-r256,Full r=256,sliced_lr_attnres,30,31,1007616,3.105483047361296,0.06432012118847483,0.9043374328109307,22.365256937538707,0.12455791586298283,0.2869196812796399,0.4057610541339812,0.43792788963007734,0.0564746672242153,0.05583868887575072,0.3396181173949583,0.010019214196121352
Jonnester/LR-AttnRes-tail-r256,Full r=256,sliced_lr_attnres,31,32,1007616,3.1346895559047296,0.07698019851594647,0.9044802581391683,23.046262198347385,0.12869543255102345,0.30769119878125384,0.4318580990884362,0.4345380642065188,0.05830997043872267,0.06296560714752575,0.32972989461330404,0.00905751779948066
Jonnester/LR-AttnRes-tail-r256,Full r=256,sliced_lr_attnres,32,33,1007616,3.3025242429438646,0.025475994485477063,0.9445207947637977,27.189957921097918,0.0823033621034971,0.21185822990851674,0.32113565904338187,0.34616997813790795,0.04261400053898493,0.03658367895425396,0.2582693592124518,0.008961495660919073
Jonnester/LR-AttnRes-tail-r256,Full r=256,sliced_lr_attnres,33,34,1007616,3.1299987556488533,0.09025786470999678,0.8876003046345905,22.965751694469915,0.1712400409264293,0.33473867420258563,0.4429469348453894,0.4580202611481271,0.06583711620026488,0.05845612619250051,0.3264323950673984,0.00844292278525819
Jonnester/LR-AttnRes-tail-r256,Full r=256,sliced_lr_attnres,34,35,1007616,3.3011699478800702,0.035789170373763536,0.9285082531169178,27.16172982812897,0.09274825786914283,0.23156412381951402,0.3441446256346819,0.39406129693597314,0.044547099589816924,0.04454661771442314,0.28896242897744984,0.008319648709169802
Jonnester/LR-AttnRes-tail-r256,Full r=256,sliced_lr_attnres,35,36,1007616,3.037624739049896,0.09194163613341544,0.8476652687158042,20.943050958276764,0.18571277629069197,0.40152938458008497,0.5145285531757323,0.529018420998643,0.07822458670149005,0.05058594404723493,0.31691133863078785,0.007501977145025724
Jonnester/LR-AttnRes-tail-r256,Full r=256,sliced_lr_attnres,36,37,1007616,3.363942468069433,0.0347577869181374,0.9316031603309197,28.920316665153194,0.09174677753836159,0.22015476796200606,0.32265357903348724,0.38430880991424005,0.04186202697758752,0.05545370103807379,0.3295922511053687,0.00815002350093663
Jonnester/LR-AttnRes-tail-r256,Full r=256,sliced_lr_attnres,37,38,1007616,3.2289471471212745,0.08278481752080502,0.8876620802452894,25.335909044839504,0.12212436052599573,0.2942599341636751,0.42289331337300745,0.4825527500815508,0.055080315022449186,0.0658907413007852,0.35175893780906103,0.007599770085496376
Jonnester/LR-AttnRes-tail-r256,Full r=256,sliced_lr_attnres,38,39,1007616,3.4007268998681046,0.05159883250193316,0.9282570699366127,30.02508713947079,0.0824310695373915,0.20734168988902393,0.3099699187569502,0.3976933110535629,0.03997721253492968,0.05792088984012045,0.3508998685850277,0.00831095024101531
Jonnester/LR-AttnRes-tail-r256,Full r=256,sliced_lr_attnres,39,40,1007616,3.2122150242813237,0.08940162080067265,0.8707833823149767,24.931514181741854,0.1270596228115927,0.3117013743253258,0.44873314829376654,0.5143710127690944,0.05825441415474667,0.06780617090294827,0.3602639149350895,0.00702078274595059
Jonnester/LR-AttnRes-tail-r256,Full r=256,sliced_lr_attnres,40,41,1007616,3.4372770030324054,0.050524049564037804,0.9255986150687303,31.14132223672014,0.08420523449899704,0.20965749933952238,0.3096947866242106,0.40762597225545866,0.03909245036481842,0.06170498859736151,0.35260936749088717,0.007730658638697164
Jonnester/LR-AttnRes-tail-r256,Full r=256,sliced_lr_attnres,41,42,1007616,3.32915535205748,0.08419650540904706,0.8907034881715852,28.01029054905341,0.1114300502751901,0.2723457524931528,0.39985767636841874,0.48045424087260796,0.05001737077425166,0.06450487720011555,0.35320465326588596,0.0067945206599137695
Jonnester/LR-AttnRes-tail-r256,Full r=256,sliced_lr_attnres,42,43,1007616,3.5099090735117593,0.05774624495783225,0.933188542602508,33.49973861570281,0.08392976266824133,0.19927035223662368,0.29176469522763077,0.38726824013198297,0.03659554622401067,0.05487985780795501,0.3353948916857726,0.007673984198021199
Jonnester/LR-AttnRes-tail-r256,Full r=256,sliced_lr_attnres,43,44,1007616,3.450311532834681,0.06252405293933441,0.9117702565542082,31.570631709525255,0.09593857043400043,0.23791643565263204,0.35195444657550595,0.4398586347820313,0.04218729839819234,0.051961120576462516,0.32474347053118363,0.006749991787334592
Jonnester/LR-AttnRes-tail-r256,Full r=256,sliced_lr_attnres,44,45,1007616,3.4808513594836725,0.07235166066416315,0.9144102882563583,32.5709994091251,0.09926465256669657,0.23098379022222224,0.32364041267371757,0.4343297714140357,0.040074587383163655,0.07446339905979427,0.3967850988790237,0.007175885123396738
Jonnester/LR-AttnRes-tail-r256,Full r=256,sliced_lr_attnres,45,46,1007616,3.4555415932725118,0.07477170128380183,0.9025503237073015,31.761483991049168,0.09649397826533977,0.2360747230004489,0.34741463651502036,0.4649622893430353,0.04278860392609263,0.055916744172193056,0.32543342376581114,0.006194907475293167
Jonnester/LR-AttnRes-tail-r256,Full r=256,sliced_lr_attnres,46,47,1007616,3.663560217958156,0.028727398265726404,0.9515376260610131,39.01598035610788,0.06341878906255816,0.1622353450554173,0.24521894934700755,0.33806952785670275,0.0298059750196895,0.04984299669684544,0.3099186081763409,0.006712522567133037
Jonnester/LR-AttnRes-tail-r256,Full r=256,sliced_lr_attnres,47,48,1007616,3.4791942166119085,0.07830722491487571,0.8987376937052098,32.530498814776664,0.10214713361205124,0.23640904339348398,0.34354797902146006,0.4759035178316318,0.04247111545466795,0.05461987487198705,0.32391904310705627,0.005951646407485654
Jonnester/LR-AttnRes-tail-r256,Full r=256,sliced_lr_attnres,48,49,1007616,3.4644377037761656,0.06482830298419083,0.8901844552861966,32.02450190908541,0.08762297524911601,0.22640203145461354,0.3453731943921345,0.49910224719745355,0.04217521370789869,0.0481374434558286,0.31283499907412243,0.0059697103921663355
Jonnester/LR-AttnRes-tail-r512,Full r=512,sliced_lr_attnres,1,2,1007616,0.1603660794293008,0.07549799918403084,0.23135934406664313,1.1773310696206443,0.9599601616704367,1.0,1.0,0.4599601623973226,0.9243558931156872,0.007706237889142348,0.32260920982785574,0.026343182092759668
Jonnester/LR-AttnRes-tail-r512,Full r=512,sliced_lr_attnres,2,3,1007616,0.8000454238759793,0.09186241520193797,0.7282327219722716,2.234829315325109,0.6158756143678494,1.0,1.0,0.3732477506486381,0.5089662307646217,0.05274529758566593,0.3450209583748385,0.09460900130310679
Jonnester/LR-AttnRes-tail-r512,Full r=512,sliced_lr_attnres,3,4,1007616,0.7554327186530199,0.13773474512655345,0.5449295131171622,2.148916715528907,0.7579600108348257,0.978968185137927,1.0,0.5651570485859383,0.6083713963748963,0.01869841162402819,0.3180011128344755,0.03803071949055525
Jonnester/LR-AttnRes-tail-r512,Full r=512,sliced_lr_attnres,4,5,1007616,1.3193023136960782,0.07827123757580641,0.8197285886702499,3.7520075755390696,0.4088073552139406,0.8804152099097647,1.0,0.38771941676372434,0.30409556942257454,0.06259036516459071,0.3461915979653883,0.06585070171007296
Jonnester/LR-AttnRes-tail-r512,Full r=512,sliced_lr_attnres,5,6,1007616,1.5195452837440055,0.06865736656142471,0.8480743261856761,4.580645514697563,0.3789045396374493,0.7945947341802644,0.9613685767825056,0.3938410948447096,0.2599462391884346,0.03472970709180356,0.28116901263229255,0.043978302903614715
Jonnester/LR-AttnRes-tail-r512,Full r=512,sliced_lr_attnres,6,7,1007616,1.62844380324449,0.09650324829076458,0.8368546235852126,5.118940578243596,0.3615229396316094,0.7401564954742184,0.9357840312205679,0.41851083873733275,0.23688995159738432,0.07126762594909541,0.3932634593123493,0.04375594657057254
Jonnester/LR-AttnRes-tail-r512,Full r=512,sliced_lr_attnres,7,8,1007616,1.6760406348763444,0.12821299183859675,0.8060051774590965,5.3861891506164055,0.3586518289597054,0.7246840082532992,0.9154070514004405,0.46642848340476434,0.23353139462509775,0.06847277804978003,0.38863864806839454,0.032871382780433674
Jonnester/LR-AttnRes-tail-r512,Full r=512,sliced_lr_attnres,8,9,1007616,1.7854124453009628,0.13652885879944443,0.8125762173799964,6.01593299803695,0.36104464458256236,0.6941692688600803,0.863203207651774,0.47578114368082064,0.22145220176960395,0.07057828254205867,0.3992040818730202,0.034693538765704836
Jonnester/LR-AttnRes-tail-r512,Full r=512,sliced_lr_attnres,9,10,1007616,1.8016435537881,0.16300017332809216,0.7824438136767565,6.134481088901923,0.33439817855028603,0.6831526513991317,0.8787600703355742,0.5213599839830786,0.21409326755419011,0.08703220762171271,0.40339985964673375,0.027914251641529362
Jonnester/LR-AttnRes-tail-r512,Full r=512,sliced_lr_attnres,10,11,1007616,1.9863865724424037,0.0861003962485439,0.8283875429533362,7.315878015223557,0.27884574488895697,0.6349971958292209,0.8240094272101798,0.4871570923464085,0.17308540242474255,0.08832382076348688,0.42599264343182597,0.02666779764475685
Jonnester/LR-AttnRes-tail-r512,Full r=512,sliced_lr_attnres,11,12,1007616,1.8480535474249986,0.2465328641084425,0.7437114608966238,6.52106208723735,0.3776956360514571,0.6698395154340481,0.8262639040869426,0.5726077207704869,0.2306613610769675,0.1348587083420647,0.4978695544077274,0.019375334375192156
Jonnester/LR-AttnRes-tail-r512,Full r=512,sliced_lr_attnres,12,13,1007616,2.0931595360360493,0.13720787452512842,0.8160627624852871,8.182781452085914,0.28718768241928844,0.5850797804390512,0.7689690982423177,0.5131830672423044,0.16465699042731186,0.10442131560389223,0.4477505885828406,0.021674929092346393
Jonnester/LR-AttnRes-tail-r512,Full r=512,sliced_lr_attnres,13,14,1007616,1.8302068952622452,0.37000959044926923,0.6935078133412493,6.608205423122499,0.40624613853974073,0.6695676281200191,0.8265364858193126,0.6262292546954581,0.25967063954690606,0.1573378087965711,0.6048068470814344,0.016222779880278895
Jonnester/LR-AttnRes-tail-r512,Full r=512,sliced_lr_attnres,14,15,1007616,2.32680948769174,0.10800404886118642,0.8592194735519285,10.303144036269769,0.22401663479281636,0.5047430919437874,0.6807650371295649,0.4669095231750147,0.12512115316420067,0.09115047330752368,0.4297761178463221,0.01942805538009499
Jonnester/LR-AttnRes-tail-r512,Full r=512,sliced_lr_attnres,15,16,1007616,2.426509688540203,0.0988456356587695,0.8751783637496514,11.370709124619399,0.1923969962247988,0.4544478938346956,0.6428985532706346,0.44646166664798087,0.11055426051219304,0.06728158273311902,0.3748216502038526,0.016533446717795316
Jonnester/LR-AttnRes-tail-r512,Full r=512,sliced_lr_attnres,16,17,1007616,2.322209995936572,0.08962408505856556,0.8196382299671329,10.238586076876013,0.25927445050177533,0.5372456859766952,0.6951311085282302,0.5382473657770854,0.13578154631261904,0.050208594768931025,0.33972163775240855,0.01906233333275684
Jonnester/LR-AttnRes-tail-r512,Full r=512,sliced_lr_attnres,17,18,1007616,2.4557125083799285,0.13169649749133266,0.8496182391314002,11.747384257432891,0.22526229712052073,0.4786560700191715,0.6399565203403069,0.49453601846850015,0.11789350569005905,0.066277796070489,0.34714073343700935,0.01624626571408455
Jonnester/LR-AttnRes-tail-r512,Full r=512,sliced_lr_attnres,18,19,1007616,2.5409803429270177,0.059469559403087284,0.8629760538659444,12.714436453532397,0.18715133705759437,0.4510981450235941,0.6149961749712626,0.4861301404189288,0.10105003858727168,0.040578295180068835,0.3105232699219752,0.015918921661723817
Jonnester/LR-AttnRes-tail-r512,Full r=512,sliced_lr_attnres,19,20,1007616,2.6205708418435196,0.060994434675502085,0.8747679930392319,13.768386755532365,0.18250269594231272,0.42463844045390925,0.5812704926583825,0.46815076421916,0.09389672767582947,0.04378875430589835,0.2955556069554879,0.014563627359343738
Jonnester/LR-AttnRes-tail-r512,Full r=512,sliced_lr_attnres,20,21,1007616,2.7523909099702912,0.04078737547749613,0.904046810254818,15.69308288698274,0.13915142126199675,0.3605616586964305,0.5286586740152622,0.4185256361961365,0.07729935888352434,0.029819038386921015,0.2581229596214097,0.014350571583464679
Jonnester/LR-AttnRes-tail-r512,Full r=512,sliced_lr_attnres,21,22,1007616,2.7313134360119578,0.08618564450184074,0.883622080329957,15.405851581232335,0.1601186468591535,0.37403354145647066,0.5320284492601224,0.45854211968135056,0.08306924574743442,0.062480640047989144,0.34553595368028533,0.013396912429919527
Jonnester/LR-AttnRes-tail-r512,Full r=512,sliced_lr_attnres,22,23,1007616,2.8493716891218974,0.04807263881538063,0.9087472286650805,17.29690227663614,0.1389055780278958,0.34452381996604486,0.494205284651702,0.41260699770314907,0.07131917956398755,0.027221605927267856,0.23701340686697825,0.0128853819044962
Jonnester/LR-AttnRes-tail-r512,Full r=512,sliced_lr_attnres,23,24,1007616,2.8171235797851066,0.04583051301856447,0.8864304399102684,16.746149621358732,0.15668494296752342,0.3565586708425506,0.510972976442275,0.46239166385759184,0.07619530495589341,0.03780053815968554,0.27672280581955344,0.012814131502294282
Jonnester/LR-AttnRes-tail-r512,Full r=512,sliced_lr_attnres,24,25,1007616,2.8200851378402088,0.09205280129945705,0.8761086725607151,16.848439534505207,0.18992351334754046,0.41289929548899335,0.5321312440120107,0.45866004310972325,0.08585143749549137,0.033893376412223564,0.26061597021690774,0.012392157800798494
Jonnester/LR-AttnRes-tail-r512,Full r=512,sliced_lr_attnres,25,26,1007616,2.8333188673345053,0.09813697219517747,0.8696239837786046,17.08046818554886,0.17310063116918734,0.3899385379097326,0.5266287951934628,0.49010064107615775,0.08144978524708166,0.06648790607735755,0.3593284428182002,0.011895852723741919
Jonnester/LR-AttnRes-tail-r512,Full r=512,sliced_lr_attnres,26,27,1007616,2.862326530906243,0.08617860848893767,0.868467255821073,17.566226400980135,0.17782473794328488,0.4287078017141761,0.5354673833381839,0.4770184348269207,0.08350947287266816,0.03660049872501592,0.2885751917567026,0.011079530612204097
Jonnester/LR-AttnRes-tail-r512,Full r=512,sliced_lr_attnres,27,28,1007616,3.0117663988252965,0.0706347281566054,0.9038359377442337,20.372778217966964,0.1407067052474836,0.3140915748549671,0.4428605386396734,0.43070354791191534,0.0633809793043912,0.06356705564539578,0.3242792937253754,0.011159603154063917
Jonnester/LR-AttnRes-tail-r512,Full r=512,sliced_lr_attnres,28,29,1007616,2.97756327070841,0.08462763014971489,0.8842595054851314,19.709907392176188,0.15212038280518075,0.3491337546488134,0.4901691360202262,0.46979360706437895,0.06962616341870005,0.0505492999212267,0.3048879552825664,0.010262119434178627
Jonnester/LR-AttnRes-tail-r512,Full r=512,sliced_lr_attnres,29,30,1007616,3.0044311973137585,0.09869597496298871,0.8833451164447195,20.272319638632176,0.18833307861312618,0.3582720056297333,0.4696655532693475,0.4533986924140434,0.0749058737381687,0.06785582476648777,0.33931878516375485,0.009991257349003944
Jonnester/LR-AttnRes-tail-r512,Full r=512,sliced_lr_attnres,30,31,1007616,2.997772325345171,0.07984220369330162,0.8729713544612978,20.104483084950022,0.12443768239118219,0.3209411373467949,0.4698054029689572,0.5069213095234661,0.06498363608024954,0.06939439397920566,0.3952921647613295,0.009677919469541245
Jonnester/LR-AttnRes-tail-r512,Full r=512,sliced_lr_attnres,31,32,1007616,3.04292233397321,0.07897507513634842,0.8780018372264334,21.03063736892328,0.1508221422753683,0.3501294587201219,0.47966197011916617,0.4874000229486605,0.06722769141197205,0.06958970551798549,0.35537886783169664,0.009153472630655378
Jonnester/LR-AttnRes-tail-r512,Full r=512,sliced_lr_attnres,32,33,1007616,3.0898834244022524,0.06791069909360424,0.8837055898294216,22.025786174991268,0.13793688988297936,0.3281732388143617,0.4677860201374302,0.48007633773291986,0.06302155548237204,0.04435162281623306,0.30172244116937535,0.00901155068416788
Jonnester/LR-AttnRes-tail-r512,Full r=512,sliced_lr_attnres,33,34,1007616,2.921904220813658,0.12357094194785055,0.8285891709288931,18.716707322655655,0.2449169786480384,0.4444614246608765,0.5326812378759307,0.5257275676339622,0.1005649052378608,0.056457165604709036,0.3331797449795681,0.009027657206408548
Jonnester/LR-AttnRes-tail-r512,Full r=512,sliced_lr_attnres,34,35,1007616,3.1779710606830878,0.0687485269989254,0.8938565501352636,24.05455548976495,0.12417840915239924,0.2924337149635563,0.4115777020531941,0.47033923791676036,0.054942000293877066,0.056439168743593005,0.33346444615839016,0.008482730312491405
Jonnester/LR-AttnRes-tail-r512,Full r=512,sliced_lr_attnres,35,36,1007616,3.0558767396260085,0.10262074801019763,0.8527585951293387,21.35124262367807,0.1866773237300113,0.3819148976628373,0.4936974962067798,0.5251021385192871,0.07549234473608374,0.06569748067231806,0.37202770659763373,0.008247031556827697
Jonnester/LR-AttnRes-tail-r512,Full r=512,sliced_lr_attnres,36,37,1007616,3.2508979832253804,0.07535825072695468,0.9002968664091777,25.88647524515788,0.13312137417676972,0.3017519908707316,0.4111090876707217,0.44573308224600505,0.054618159112164645,0.0584695601570111,0.3243404381031274,0.00846093361311183
Jonnester/LR-AttnRes-tail-r512,Full r=512,sliced_lr_attnres,37,38,1007616,3.2057957687998204,0.1089702684025975,0.8812975931942948,24.813103125347354,0.13370926448000156,0.3066360545836813,0.42970554639653463,0.4929902572941974,0.05811200409037311,0.07883137390844386,0.3849069384423144,0.008219598582477512
Jonnester/LR-AttnRes-tail-r512,Full r=512,sliced_lr_attnres,38,39,1007616,3.3463615246904577,0.04700622766220619,0.9134175762897585,28.43010145668092,0.10030468583591585,0.2453264472930412,0.3566585376979859,0.4342441214778559,0.04501383242810645,0.06335339433865927,0.3480026169031384,0.008611812041356014
Jonnester/LR-AttnRes-tail-r512,Full r=512,sliced_lr_attnres,39,40,1007616,3.1582028768896087,0.08601461081934146,0.8561415052026268,23.61443922771671,0.13735300472112205,0.33950409511240515,0.4847190765345969,0.5371652022609866,0.06351818913609032,0.05832115680709604,0.36150509270857467,0.007360858258193101
Jonnester/LR-AttnRes-tail-r512,Full r=512,sliced_lr_attnres,40,41,1007616,3.356053181780063,0.07689771428467619,0.9037264546727747,28.758755614117877,0.11365385111269911,0.26069944515460874,0.3695478470829444,0.45469829755100777,0.047015262358799215,0.07458314455314241,0.3622184194246237,0.007997992680277495
Jonnester/LR-AttnRes-tail-r512,Full r=512,sliced_lr_attnres,41,42,1007616,3.1427631804613565,0.15070451773511506,0.8408349262989634,23.415713100898557,0.16639651176406117,0.3573885138441877,0.48114104387236806,0.5601344864542891,0.07035356366295155,0.08901716533066173,0.40596978405124207,0.006806084566738455
Jonnester/LR-AttnRes-tail-r512,Full r=512,sliced_lr_attnres,42,43,1007616,3.4843468569158538,0.047240835195909665,0.9263922465525991,32.637432749678446,0.09042718400800132,0.22360978863103603,0.32474996088966124,0.40456966219878776,0.03880235092426703,0.053911290571300174,0.3127654212156956,0.0078078928224124
Jonnester/LR-AttnRes-tail-r512,Full r=512,sliced_lr_attnres,43,44,1007616,3.386907414692204,0.07619728513075051,0.8950152532841132,29.65857014229627,0.10990094211770267,0.27440736109648295,0.3930594967148168,0.4735068802426501,0.04754537219802538,0.05712146254692296,0.34310393338571893,0.007155323779679895
Jonnester/LR-AttnRes-tail-r512,Full r=512,sliced_lr_attnres,44,45,1007616,3.3534047409770933,0.0976772614942204,0.8809304033837667,28.733992754928465,0.13053147531137232,0.28403783086838763,0.3922219290965941,0.503146495760941,0.050812387763242414,0.08974226356104342,0.41018939406003097,0.0073503044078020545
Jonnester/LR-AttnRes-tail-r512,Full r=512,sliced_lr_attnres,45,46,1007616,3.418955481149317,0.06989787559085708,0.8929944304915948,30.610019435727498,0.09806842883912528,0.2476326212650392,0.3703882895349487,0.4861441135891085,0.04498363031846721,0.06336522716527071,0.35975482791105884,0.006715698323725137
Jonnester/LR-AttnRes-tail-r512,Full r=512,sliced_lr_attnres,46,47,1007616,3.5225120966996606,0.05434727525644733,0.9149031595485967,33.91903388790968,0.11626387405686262,0.24141466242026507,0.3340737737291227,0.427159177820857,0.04067002591199991,0.07215789835910957,0.3634814790084449,0.007026270209784079
Jonnester/LR-AttnRes-tail-r512,Full r=512,sliced_lr_attnres,47,48,1007616,3.4596986363573774,0.05978117079465612,0.8937016342713581,31.863362599194534,0.09934821373563472,0.2453906422223502,0.35403833907794174,0.4906682919680588,0.042865213097595584,0.05458485814272285,0.33573896416543353,0.0064709707791727735
Jonnester/LR-AttnRes-tail-r512,Full r=512,sliced_lr_attnres,48,49,1007616,3.3942135582125283,0.06607515915182935,0.8721404080468464,29.85473375397969,0.1001848352512693,0.25090737168381855,0.37260313392654665,0.5327043659318753,0.046847185922589726,0.05260062213338301,0.33951767347371786,0.006127051904028637
Jonnester/LR-AttnRes-tail-r64-n4,n=4 r=64,sliced_lr_attnres,1,2,1007616,0.3495227190537181,0.06124420697839972,0.5042546878500682,1.421031952873478,0.8864412399811473,1.0,1.0,0.38644124095032856,0.8003826907010583,0.0043689822952754365,0.1451972169842044,0.04068013041363499
Jonnester/LR-AttnRes-tail-r64-n4,n=4 r=64,sliced_lr_attnres,2,2,1007616,0.5986432631810507,0.04742924058511768,0.8636596619598265,1.821680259898426,0.7060401982408229,1.0,1.0,0.20604019654475578,0.5907018141048711,0.007016155152848258,0.12969802034868871,0.09084032706128872
Jonnester/LR-AttnRes-tail-r64-n4,n=4 r=64,sliced_lr_attnres,3,2,1007616,0.43657425579016773,0.08835812779595738,0.6298435078403815,1.5533701171719931,0.835432083141513,1.0,1.0,0.33543208047626466,0.7306963907993906,0.010593234202865232,0.19358705292256106,0.06021432248436338
Jonnester/LR-AttnRes-tail-r64-n4,n=4 r=64,sliced_lr_attnres,4,2,1007616,0.6771214696449962,0.01919331699219082,0.9768797731011863,1.9685623888077775,0.5737252162724007,1.0,1.0,0.07372521321342243,0.5158157023957105,0.0074259946802684995,0.12243819218569438,0.14950840005545113
Jonnester/LR-AttnRes-tail-r64-n4,n=4 r=64,sliced_lr_attnres,5,2,1007616,0.46189002486748426,0.08979102490023014,0.6663664346787987,1.5933879575109093,0.8184249347787562,1.0,1.0,0.3184249316289173,0.7097057612930856,0.011884850731109176,0.19788435055984022,0.07155998705363856
Jonnester/LR-AttnRes-tail-r64-n4,n=4 r=64,sliced_lr_attnres,6,2,1007616,0.6847229784097129,0.012317761334790008,0.9878464268475045,1.9833707509002065,0.551747815880349,1.0,1.0,0.051747813972273494,0.508349471460513,0.00809331439942329,0.12672204068643503,0.18761425023156453
Jonnester/LR-AttnRes-tail-r64-n4,n=4 r=64,sliced_lr_attnres,7,2,1007616,0.44970298201088016,0.09876606578145039,0.648784251717048,1.5754288667585792,0.8246671954790751,1.0,1.0,0.3246671949944845,0.7191767954244846,0.014550747231643513,0.22368382087997077,0.07748249560836853
Jonnester/LR-AttnRes-tail-r64-n4,n=4 r=64,sliced_lr_attnres,8,2,1007616,0.6822208161276531,0.015061677190727145,0.9842365805695696,1.9784877532865943,0.5586872750181493,1.0,1.0,0.05868727323122141,0.5108101426101312,0.007825983562960603,0.12497530651299583,0.2073475884470513
Jonnester/LR-AttnRes-tail-r64-n4,n=4 r=64,sliced_lr_attnres,9,2,1007616,0.41478834840340345,0.09934282094884508,0.5984130855498275,1.5214770276372025,0.8467969182060986,1.0,1.0,0.34679691675232677,0.7474667647989784,0.013442418987746951,0.22694855794416585,0.08095355180463171
Jonnester/LR-AttnRes-tail-r64-n4,n=4 r=64,sliced_lr_attnres,10,2,1007616,0.6642535576006261,0.031015873144037864,0.9583152997784499,1.9439603264738874,0.6000526528048321,1.0,1.0,0.10005265141163415,0.5282874921473061,0.015020738908595566,0.17500288337527226,0.31324962266092377
Jonnester/LR-AttnRes-tail-r64-n4,n=4 r=64,sliced_lr_attnres,11,2,1007616,0.5052354236443838,0.08305103883207976,0.7289006206078258,1.663008105464098,0.7875504706933246,1.0,1.0,0.28755047214709645,0.6732483263907394,0.011979666422385016,0.1878609857080306,0.13253727373553487
Jonnester/LR-AttnRes-tail-r64-n4,n=4 r=64,sliced_lr_attnres,12,2,1007616,0.6707116026219314,0.028001872887650395,0.9676322961241249,1.9563830635411952,0.5846995202506461,1.0,1.0,0.08469952224958234,0.5220016056929178,0.010077007658537362,0.14275500163762916,0.3134430436099448
Jonnester/LR-AttnRes-tail-r64-n4,n=4 r=64,sliced_lr_attnres,13,3,1007616,0.8721172858059891,0.07007309291705376,0.7938353574372888,2.3978223645590186,0.6552256510509709,1.0,1.0,0.3370276449657068,0.49483117897336076,0.010921155002880933,0.17813173798969362,0.15003614309357433
Jonnester/LR-AttnRes-tail-r64-n4,n=4 r=64,sliced_lr_attnres,14,3,1007616,0.7526397690540407,0.09304210608414834,0.6850822340182172,2.131798577502491,0.7199289285070528,1.0,1.0,0.42330591925760597,0.5700057194969519,0.012350253812577372,0.22042712963211586,0.12596219769984404
Jonnester/LR-AttnRes-tail-r64-n4,n=4 r=64,sliced_lr_attnres,15,3,1007616,0.8054997804688244,0.08491033607836711,0.73319750055065,2.245914290590984,0.693961831127725,1.0,1.0,0.3885944325749467,0.5380114452625678,0.011214685489376208,0.19608241318203815,0.14706586676884473
Jonnester/LR-AttnRes-tail-r64-n4,n=4 r=64,sliced_lr_attnres,16,3,1007616,0.8251208977970651,0.09431168782834086,0.7510573989976712,2.292317549387614,0.6694064794517145,1.0,1.0,0.3766663256214886,0.5194546636042556,0.01591213655234791,0.2294508682213102,0.15293749423854072
Jonnester/LR-AttnRes-tail-r64-n4,n=4 r=64,sliced_lr_attnres,17,3,1007616,0.826142291712567,0.09040667084566288,0.7519871127314683,2.293829185206716,0.6652390137920535,1.0,1.0,0.37718784082226636,0.5169196756390052,0.015301186575693793,0.22480538911616677,0.15850254222952576
Jonnester/LR-AttnRes-tail-r64-n4,n=4 r=64,sliced_lr_attnres,18,3,1007616,0.7920688056364292,0.0936088085499322,0.7209720882943006,2.217621954475961,0.6794206228682665,1.0,1.0,0.39933651613026133,0.5355142151437154,0.016008768234706428,0.23448088759046917,0.1626158308207504
Jonnester/LR-AttnRes-tail-r64-n4,n=4 r=64,sliced_lr_attnres,19,3,1007616,0.8380714170331878,0.08317997648584392,0.762845471622498,2.319901813336504,0.6544364894308695,1.0,1.0,0.3698992942406879,0.5073390106360117,0.01446534415652756,0.2177357294926164,0.1846144220370264
Jonnester/LR-AttnRes-tail-r64-n4,n=4 r=64,sliced_lr_attnres,20,3,1007616,0.8194887667167478,0.08497443346920239,0.7459308199766206,2.277527237326149,0.6626697192347146,1.0,1.0,0.3824642315143492,0.5179912200788173,0.014585201823999139,0.2141916411974429,0.19196289567766475
Jonnester/LR-AttnRes-tail-r64-n4,n=4 r=64,sliced_lr_attnres,21,3,1007616,0.8787758141998353,0.08506051687769152,0.7998962208507506,2.41653115962579,0.6084547004079431,1.0,1.0,0.3359506183523473,0.475104984956059,0.018998161999701613,0.236282159643486,0.20688825781106301
Jonnester/LR-AttnRes-tail-r64-n4,n=4 r=64,sliced_lr_attnres,22,3,1007616,0.8368409687910623,0.11736207589285115,0.7617254703025508,2.3247119973345503,0.6370942015958027,1.0,1.0,0.36202420839449256,0.503517944638322,0.02690062534269,0.2868155021398455,0.23576624299775617
Jonnester/LR-AttnRes-tail-r64-n4,n=4 r=64,sliced_lr_attnres,23,3,1007616,0.9529770530336271,0.05799853558355866,0.8674370869388425,2.597736007798978,0.5125891934565412,1.0,1.0,0.26017194126195053,0.4196227689584096,0.025157524907684192,0.2543820902661084,0.23032547287178556
Jonnester/LR-AttnRes-tail-r64-n4,n=4 r=64,sliced_lr_attnres,24,3,1007616,0.9332547546402226,0.07918463852522152,0.8494850833241533,2.550568454633883,0.5533237122907871,1.0,1.0,0.28559319880919726,0.43768940829649206,0.0215359309929537,0.2330003088715211,0.31260765794169937
Jonnester/LR-AttnRes-tail-r64-n4,n=4 r=64,sliced_lr_attnres,25,4,1007616,1.0265805183387384,0.10883645730644523,0.7405212928609151,2.8080668933992463,0.6156719792179945,0.9489529244298858,1.0,0.4365140732710924,0.44760533198108515,0.021732010980682892,0.28542162925316616,0.12260607169653343
Jonnester/LR-AttnRes-tail-r64-n4,n=4 r=64,sliced_lr_attnres,26,4,1007616,1.0398991389003227,0.08639493109716377,0.7501286529913181,2.8397014780742365,0.6198775225538549,0.9379401202124309,1.0,0.42823536778853194,0.4453972028038366,0.013908252366182428,0.21603087729724185,0.13385855757850942
Jonnester/LR-AttnRes-tail-r64-n4,n=4 r=64,sliced_lr_attnres,27,4,1007616,1.027439804096532,0.11390126648711524,0.7411411409455586,2.812111232338882,0.6124183857828621,0.950409436128973,1.0,0.4355542267241129,0.4458238683580383,0.023485490508069473,0.2998703308536259,0.13503945964138683
Jonnester/LR-AttnRes-tail-r64-n4,n=4 r=64,sliced_lr_attnres,28,4,1007616,0.8543943525329838,0.12603388511815175,0.616315239328679,2.3692594214183527,0.7178447503384536,0.9603785736774041,1.0,0.5224104441278349,0.5561970353611116,0.01866569076739344,0.30497078418875834,0.12212239187665103
Jonnester/LR-AttnRes-tail-r64-n4,n=4 r=64,sliced_lr_attnres,29,4,1007616,0.9582083419086488,0.10516295115762407,0.691201198391798,2.62170119208049,0.6615143069406835,0.9535367261103498,1.0,0.4757326029665102,0.49129884393234563,0.01567694578060086,0.24591763533524696,0.14269298739065
Jonnester/LR-AttnRes-tail-r64-n4,n=4 r=64,sliced_lr_attnres,30,4,1007616,1.0468468733919345,0.08920651036632468,0.7551403922763297,2.8601255048581256,0.6130114289803233,0.9328491833151841,1.0,0.42620255137846724,0.44081611434618634,0.01581649486739045,0.23317592665851597,0.15275992755967427
Jonnester/LR-AttnRes-tail-r64-n4,n=4 r=64,sliced_lr_attnres,31,4,1007616,1.0705074885996377,0.10145205738993442,0.7722079070602975,2.9317480645528655,0.5882252425682254,0.922609817206375,1.0,0.4109705325549211,0.42441639255702013,0.023403381818472457,0.2695968956853378,0.1630698254680246
Jonnester/LR-AttnRes-tail-r64-n4,n=4 r=64,sliced_lr_attnres,32,4,1007616,1.2372952428290513,0.07557778939972097,0.8925198461951279,3.4560034527042047,0.47570230902695076,0.8745394518704919,1.0,0.2779864634924788,0.3318349198112643,0.018411053798459198,0.20875878590836666,0.19439854575851098
Jonnester/LR-AttnRes-tail-r64-n4,n=4 r=64,sliced_lr_attnres,33,4,1007616,1.0735657699709016,0.10615500501956197,0.7744140024107646,2.942081780937629,0.573912891915174,0.9276836940912696,1.0,0.40798578465857155,0.41884595252634066,0.030723778053283635,0.2968368779830951,0.18307099630677603
Jonnester/LR-AttnRes-tail-r64-n4,n=4 r=64,sliced_lr_attnres,34,4,1007616,1.2131438507297174,0.10099586970981239,0.8750983001739998,3.380888343826542,0.4998805866978033,0.869022855913736,1.0,0.288179368265276,0.34876092783803864,0.02978564129878114,0.2650235923517082,0.22826312021995948
Jonnester/LR-AttnRes-tail-r64-n4,n=4 r=64,sliced_lr_attnres,35,4,1007616,1.1113038111508378,0.08743279457752472,0.8016362442233698,3.0498496691385903,0.5268220290905092,0.9252586514969182,1.0,0.38351256115649773,0.3902741721490534,0.029776920879737157,0.2947217365317343,0.2049921374253141
Jonnester/LR-AttnRes-tail-r64-n4,n=4 r=64,sliced_lr_attnres,36,4,1007616,1.3209496726834677,0.03328547499301861,0.9528637605953992,3.749042121375479,0.38493630508097204,0.8414998907383865,1.0,0.18481054841502895,0.2841758500269758,0.018147248802848903,0.19814476359482913,0.2695632119004319
Jonnester/LR-AttnRes-tail-r64-n4,n=4 r=64,sliced_lr_attnres,37,5,1007616,1.2653191603296172,0.08637968711492648,0.7861869616237113,3.5574364836623027,0.5044587671272154,0.8944850224789566,1.0,0.4388510722939561,0.34688795921279164,0.023658915342670728,0.289206348145117,0.13423180521988287
Jonnester/LR-AttnRes-tail-r64-n4,n=4 r=64,sliced_lr_attnres,38,5,1007616,1.3908994294763581,0.046740493167085076,0.8642143742824958,4.022810189704585,0.3912373616443417,0.834386751903751,1.0,0.3370188879288309,0.27899802627602244,0.03502901740474473,0.25779387999328823,0.23001011154515957
Jonnester/LR-AttnRes-tail-r64-n4,n=4 r=64,sliced_lr_attnres,39,5,1007616,1.1906541556846806,0.11658382959301426,0.7397949899115214,3.31164259057704,0.5463238666212655,0.9137914486047698,1.0,0.4774272294063878,0.3825700653762352,0.0304054434769796,0.33099277923470405,0.14403134254905267
Jonnester/LR-AttnRes-tail-r64-n4,n=4 r=64,sliced_lr_attnres,40,5,1007616,1.4035689278346737,0.04389147778126802,0.8720863723173374,4.073593754109329,0.3843897300037911,0.8370437374929103,1.0,0.33731412063769206,0.27773701684261726,0.02525863334747047,0.24326952800980411,0.22969082119019052
Jonnester/LR-AttnRes-tail-r64-n4,n=4 r=64,sliced_lr_attnres,41,5,1007616,1.1403962073287344,0.12657207820866004,0.7085679682289682,3.153332111312122,0.5827884136176691,0.9202346113639149,1.0,0.5019524615954577,0.41208972267019073,0.029633528354641836,0.33289943182918424,0.15850047347991447
Jonnester/LR-AttnRes-tail-r64-n4,n=4 r=64,sliced_lr_attnres,42,5,1007616,1.362566355767289,0.05406713273868722,0.8466100460145531,3.9118844493617857,0.4290563364823659,0.8452137485752261,1.0,0.368565996972526,0.2994942602103319,0.039483109847266995,0.30386387817113425,0.2344393078873797
Jonnester/LR-AttnRes-tail-r64-n4,n=4 r=64,sliced_lr_attnres,43,5,1007616,1.1499558008783233,0.12439643600454871,0.7145076801137227,3.1828076083485675,0.5731705669465104,0.9209213615432987,1.0,0.4978072684470231,0.404786335985835,0.029429265133397164,0.32901894061841924,0.18137184032579748
Jonnester/LR-AttnRes-tail-r64-n4,n=4 r=64,sliced_lr_attnres,44,5,1007616,1.333941079736725,0.05324523693434191,0.8288241586064905,3.8013286978248657,0.42320876320203143,0.8680641505776382,1.0,0.38456966624996525,0.3029405731495803,0.03519603850230535,0.28702128350864237,0.2425059289467044
Jonnester/LR-AttnRes-tail-r64-n4,n=4 r=64,sliced_lr_attnres,45,5,1007616,1.1881360212961833,0.11698789624467047,0.7382303854314293,3.3035820208913913,0.5556038758619045,0.9093030763835441,1.0,0.4775309121705652,0.3875171886226995,0.029175600897290987,0.3087885249190885,0.19670049291316086
Jonnester/LR-AttnRes-tail-r64-n4,n=4 r=64,sliced_lr_attnres,46,5,1007616,1.409219230093607,0.06765030782868667,0.8755971077011853,4.102006226051144,0.4136068450241554,0.8166815749998015,1.0,0.3303533111645923,0.2839210588272994,0.0556420505480506,0.35536257136322297,0.2317603997098721
Jonnester/LR-AttnRes-tail-r64-n4,n=4 r=64,sliced_lr_attnres,47,5,1007616,1.262898685486336,0.08815825589827797,0.7846830375795442,3.549516774774567,0.5369719955010143,0.8760399261141211,1.0,0.4363525400801403,0.3603333338973968,0.01703561247609242,0.23851248491866603,0.2056741054465131
Jonnester/LR-AttnRes-tail-r64-n4,n=4 r=64,sliced_lr_attnres,48,5,1007616,1.1042025447860966,0.11852569716871407,0.6860795917549753,3.038083597896545,0.6155444277011282,0.9160264391240066,1.0,0.5200836263536438,0.43920214922447515,0.02358581988241304,0.2847918969385769,0.16739557593818602
Jonnester/LR-AttnRes-tail-r64-n8,n=8 r=64,sliced_lr_attnres,1,2,1007616,0.30851676115175575,0.05434843031073111,0.4450955945786422,1.3634136934590533,0.9058990250758039,1.0,1.0,0.4058990236220321,0.8306625674410564,0.0034079234202958886,0.14092351972364042,0.037185801268835375
Jonnester/LR-AttnRes-tail-r64-n8,n=8 r=64,sliced_lr_attnres,2,2,1007616,0.5507419555167842,0.054139849017952636,0.7945526760768115,1.7370732092275851,0.7545353542498456,1.0,1.0,0.25453535461328863,0.6344571656327906,0.006555517756113516,0.13336018146193485,0.08753998844119591
Jonnester/LR-AttnRes-tail-r64-n8,n=8 r=64,sliced_lr_attnres,3,2,1007616,0.3608181147071404,0.07898622429853136,0.5205504937869746,1.438977020542796,0.8792373014659416,1.0,1.0,0.37923730291971347,0.7908747908545704,0.007623747361313604,0.1893275222995675,0.05331613810929826
Jonnester/LR-AttnRes-tail-r64-n8,n=8 r=64,sliced_lr_attnres,4,2,1007616,0.6652523099891539,0.02711058185408569,0.9597561921530623,1.9456870206972448,0.6020117271237257,1.0,1.0,0.10201172482192032,0.5273852556701598,0.009614377236048632,0.1408871962404568,0.1692170846026118
Jonnester/LR-AttnRes-tail-r64-n8,n=8 r=64,sliced_lr_attnres,5,2,1007616,0.3727468688313554,0.08433169350937839,0.5377600522545295,1.4568717867378298,0.8724636513043226,1.0,1.0,0.37246365057743663,0.7814414850095424,0.008929714968139824,0.2005362709339697,0.06624377549179201
Jonnester/LR-AttnRes-tail-r64-n8,n=8 r=64,sliced_lr_attnres,6,2,1007616,0.669243847451559,0.02391244072510255,0.9655147645531631,1.9533122884548777,0.5945100590465514,1.0,1.0,0.09451005686589373,0.523518824965004,0.006121639611023855,0.11206140176948629,0.220280644854879
Jonnester/LR-AttnRes-tail-r64-n8,n=8 r=64,sliced_lr_attnres,7,3,1007616,1.0460244300888806,0.034462794512659066,0.9521324658781533,2.8479878650448187,0.4617438708863607,1.0,1.0,0.15874681724765435,0.36829053410669654,0.01620797153750475,0.18657684853339576,0.12462512878221547
Jonnester/LR-AttnRes-tail-r64-n8,n=8 r=64,sliced_lr_attnres,8,3,1007616,0.9587285043747444,0.04281245080512637,0.8726722903367949,2.6107499056715304,0.549458766371254,1.0,1.0,0.2740405422400653,0.4236147873769931,0.007490126285913834,0.1342179347877093,0.12033029276181043
Jonnester/LR-AttnRes-tail-r64-n8,n=8 r=64,sliced_lr_attnres,9,3,1007616,1.0344680857852222,0.03807095314750385,0.9416134289609708,2.815632440210358,0.47669713041646694,1.0,1.0,0.17877326481710604,0.3759429772210315,0.011893524531256361,0.16202193036758603,0.14549218453365936
Jonnester/LR-AttnRes-tail-r64-n8,n=8 r=64,sliced_lr_attnres,10,3,1007616,0.8883489399421506,0.04637280099769239,0.8086100448437823,2.433706392117632,0.6116607756149478,1.0,1.0,0.3371622058434215,0.47002871807028607,0.007233141116962272,0.13558260134051128,0.1581018621197884
Jonnester/LR-AttnRes-tail-r64-n8,n=8 r=64,sliced_lr_attnres,11,3,1007616,1.0392843106897867,0.03752200294631278,0.9459973345927106,2.829173489314754,0.4469787570519176,1.0,1.0,0.16269707546486117,0.3703535109516082,0.020249504377602756,0.21013999637366068,0.1694885722505368
Jonnester/LR-AttnRes-tail-r64-n8,n=8 r=64,sliced_lr_attnres,12,3,1007616,0.9402774262234448,0.040964343136863327,0.8558773912065397,2.562820634221643,0.5655640576913105,1.0,1.0,0.29005273788925107,0.4359660376378191,0.01021723115297457,0.15217032069255007,0.22657203028195597
Jonnester/LR-AttnRes-tail-r64-n8,n=8 r=64,sliced_lr_attnres,13,4,1007616,1.128168574193629,0.0655516155598934,0.8138016006810879,3.0966321879286105,0.5683606426890303,0.9139250802799939,1.0,0.37245321007278875,0.3953873141994321,0.010967243155317385,0.17806356641290327,0.09888059336964677
Jonnester/LR-AttnRes-tail-r64-n8,n=8 r=64,sliced_lr_attnres,14,4,1007616,1.0279706038110625,0.08456424621280303,0.7415240382760521,2.8053665703874295,0.604983834231772,0.9628751835202783,1.0,0.4380615675837044,0.43898214096945476,0.013452088041118193,0.2019628822287758,0.10472027436504519
Jonnester/LR-AttnRes-tail-r64-n8,n=8 r=64,sliced_lr_attnres,15,4,1007616,1.0839860943274768,0.08435478336042877,0.7819306709902073,2.9670235529178526,0.5930679968702115,0.9168394968761662,1.0,0.4028857151667277,0.42081035806880734,0.012361935331940632,0.1934383263611458,0.11098680124292529
Jonnester/LR-AttnRes-tail-r64-n8,n=8 r=64,sliced_lr_attnres,16,4,1007616,1.1478783938942887,0.06911675205931876,0.8280192216237386,3.1589841474362506,0.5299995992241836,0.9345024562463528,1.0,0.36058863100966787,0.3747528776889894,0.012483463772414494,0.1733011911481892,0.13087139254420754
Jonnester/LR-AttnRes-tail-r64-n8,n=8 r=64,sliced_lr_attnres,17,4,1007616,1.166101677630975,0.059948126497552726,0.8411645312619404,3.215207729882341,0.5031774107033644,0.9180464788181025,1.0,0.35116117320409634,0.3632328209838247,0.014017114531448938,0.18243899501354133,0.13643433189973597
Jonnester/LR-AttnRes-tail-r64-n8,n=8 r=64,sliced_lr_attnres,18,4,1007616,1.1487294658412779,0.07946212090240368,0.8286331470419721,3.1640014357683137,0.5158971569887022,0.9348659302160992,1.0,0.35939182595508856,0.3719476318456293,0.020556411842520994,0.2173067171577488,0.1683452219013276
Jonnester/LR-AttnRes-tail-r64-n8,n=8 r=64,sliced_lr_attnres,19,5,1007616,1.1081078411117802,0.11724617827472847,0.6885060842444257,3.049663826702087,0.6221677709401139,0.9146186050360765,1.0,0.5160205412686356,0.4420117866702196,0.01767720029380726,0.2529412474452636,0.07905814516835097
Jonnester/LR-AttnRes-tail-r64-n8,n=8 r=64,sliced_lr_attnres,20,5,1007616,1.1936802931917392,0.12308389405479067,0.7416752450834445,3.3244096786995243,0.5679624492559976,0.8943416054655866,1.0,0.47431549526811617,0.3935145927153952,0.022094907679449216,0.25577891458008994,0.08822486720434049
Jonnester/LR-AttnRes-tail-r64-n8,n=8 r=64,sliced_lr_attnres,21,5,1007616,1.1804513785897233,0.11841446946114122,0.7334556492363534,3.278991945390779,0.5961605213521942,0.8774882681001492,1.0,0.4729794644243349,0.41221978242804364,0.016924862016211017,0.23236701523783526,0.09873439887674844
Jonnester/LR-AttnRes-tail-r64-n8,n=8 r=64,sliced_lr_attnres,22,5,1007616,1.3724034026386291,0.0658757123690583,0.8527221456775821,3.9533699276001473,0.43686843354527544,0.8354563310863526,1.0,0.35984027628006976,0.2957029638251638,0.016246996750318266,0.20149759604373924,0.11633210036812759
Jonnester/LR-AttnRes-tail-r64-n8,n=8 r=64,sliced_lr_attnres,23,5,1007616,1.245328484511957,0.11695975317977225,0.7737660577626733,3.4978281482448423,0.5235239090473671,0.8746628896976875,1.0,0.44588815535956283,0.36437842346788424,0.02935839464325829,0.2851620634647726,0.11612766806672259
Jonnester/LR-AttnRes-tail-r64-n8,n=8 r=64,sliced_lr_attnres,24,5,1007616,1.4176561948729725,0.05898663909508406,0.8808392766045361,4.134518499296855,0.38398245970408124,0.823011987577609,1.0,0.3210685948530833,0.27175655694511847,0.01726311292114535,0.20294009137186902,0.14622366680362361
Jonnester/LR-AttnRes-tail-r64-n8,n=8 r=64,sliced_lr_attnres,25,6,1007616,1.4692661171037007,0.09057893095521585,0.8200129866600037,4.363883456563562,0.37367228739629915,0.8381329653708915,0.9671936296835179,0.42288043174317214,0.2740189882555628,0.023795659945698988,0.2704469236288059,0.08945001476017764
Jonnester/LR-AttnRes-tail-r64-n8,n=8 r=64,sliced_lr_attnres,26,6,1007616,1.4127079771786202,0.10518851969189277,0.7884472913858367,4.129754258365166,0.514737850766841,0.7875115367455211,0.9691941239000336,0.44214548739960524,0.32636039867633726,0.016744820794795112,0.21578784571401463,0.08408285782427645
Jonnester/LR-AttnRes-tail-r64-n8,n=8 r=64,sliced_lr_attnres,27,6,1007616,1.4512175340962603,0.09516879112404887,0.8099398792274599,4.287840048472087,0.4283763303504727,0.8374909807026871,0.9591445951926999,0.4400583173685927,0.2882769214428537,0.019648044422060362,0.24453170818363001,0.09175742003652784
Jonnester/LR-AttnRes-tail-r64-n8,n=8 r=64,sliced_lr_attnres,28,6,1007616,1.2952975877901403,0.12777557502654657,0.722919317280374,3.682143659126468,0.5762741466363271,0.8236069853712873,0.9737328024414497,0.5021330234481067,0.3848428413635347,0.020159766124825618,0.2382569560634218,0.08918093310462104
Jonnester/LR-AttnRes-tail-r64-n8,n=8 r=64,sliced_lr_attnres,29,6,1007616,1.4530060863107201,0.08989674236744846,0.8109380888745068,4.293308932606767,0.4384129284843197,0.8345889080830706,0.966648566044443,0.43953060086180523,0.2891144737964723,0.021586809197016166,0.2458162821033487,0.10602495453868133
Jonnester/LR-AttnRes-tail-r64-n8,n=8 r=64,sliced_lr_attnres,30,6,1007616,1.6257179704138902,0.03967327298819863,0.9073304257741789,5.086053003140582,0.3541359184234123,0.7191047537617568,0.9369932006045085,0.307852321523961,0.22622117073070713,0.014587246359195394,0.17367101793912645,0.12263805788706958
Jonnester/LR-AttnRes-tail-r64-n8,n=8 r=64,sliced_lr_attnres,31,7,1007616,1.5345645076860257,0.11185716968907679,0.7886102063869073,4.668046234099846,0.43313569169703536,0.7834663420188718,0.9518444906405317,0.48019078955417727,0.2761391711428883,0.03158885998419825,0.3050317767233661,0.07661852451705489
Jonnester/LR-AttnRes-tail-r64-n8,n=8 r=64,sliced_lr_attnres,32,7,1007616,1.7833434566249693,0.07162373207401723,0.9164573060787791,5.96470593630783,0.2878945263905254,0.6462787220148536,0.8888335576871547,0.29976624032346216,0.19158700144872431,0.03373110628843645,0.24044303032858463,0.0940651113424844
Jonnester/LR-AttnRes-tail-r64-n8,n=8 r=64,sliced_lr_attnres,33,7,1007616,1.5054857449802925,0.1270657960133838,0.773666675497846,4.542793087842988,0.4820580368604117,0.7841920111237503,0.9387081750040132,0.48896410504007726,0.30231807871562677,0.030695431474965895,0.29986237456843007,0.08196795706688043
Jonnester/LR-AttnRes-tail-r64-n8,n=8 r=64,sliced_lr_attnres,34,7,1007616,1.6352969330500782,0.13870042885161465,0.840376431379861,5.179601960065888,0.3884175170243271,0.7292704809971942,0.9174620276544152,0.41056955417966456,0.24748095966936126,0.03775659244146956,0.2798840293880821,0.09634178773035987
Jonnester/LR-AttnRes-tail-r64-n8,n=8 r=64,sliced_lr_attnres,35,7,1007616,1.5571570541800521,0.11074871061076266,0.8002204773871879,4.774275682806,0.4456279607323127,0.7627269441519327,0.9398363339222544,0.46239207987862874,0.27665600737905116,0.031295346924030465,0.29350263852570074,0.09592348787150455
Jonnester/LR-AttnRes-tail-r64-n8,n=8 r=64,sliced_lr_attnres,36,7,1007616,1.8337109932085363,0.023416880626930623,0.9423410960329257,6.25876990760245,0.23765266462554777,0.6017763992635216,0.8688639722219328,0.24463474278042957,0.1718173574625961,0.019838801618709212,0.1915912607028142,0.11448986570455748
Jonnester/LR-AttnRes-tail-r64-n8,n=8 r=64,sliced_lr_attnres,37,8,1007616,1.672347154074568,0.09151059477383756,0.80422899102777,5.347049263434681,0.3467984349747014,0.7468546750099678,0.9137005534598498,0.47925832479949887,0.23531244828449033,0.02755900765368846,0.3002551640227815,0.07808501267336249
Jonnester/LR-AttnRes-tail-r64-n8,n=8 r=64,sliced_lr_attnres,38,8,1007616,1.8990581219758444,0.034304946488505295,0.9132539179266953,6.6835034339408566,0.25272798332257,0.6033071366752066,0.845257371421752,0.3204766935933896,0.16817366253069746,0.032183315875082386,0.24607987205803472,0.09894852836926778
Jonnester/LR-AttnRes-tail-r64-n8,n=8 r=64,sliced_lr_attnres,39,8,1007616,1.5463654510373992,0.12120923975103517,0.7436445932078167,4.729488175089767,0.4222309712956591,0.8033956163297824,0.9248968571182189,0.5420137983027512,0.282541721332364,0.027396691066668755,0.3212769394366283,0.08314056258376051
Jonnester/LR-AttnRes-tail-r64-n8,n=8 r=64,sliced_lr_attnres,40,8,1007616,1.859210936034598,0.033878214515597485,0.8940914709393571,6.422333143590912,0.256916088665404,0.6281956870381425,0.8700107704333173,0.35120446652900883,0.1760376213285012,0.028327872417038158,0.22795124366802683,0.10284479671135181
Jonnester/LR-AttnRes-tail-r64-n8,n=8 r=64,sliced_lr_attnres,41,8,1007616,1.5523073702323726,0.12830066596733833,0.7465020524777048,4.7617106825355595,0.456610670176948,0.7891602356259416,0.9241477512731785,0.539722116497474,0.2887665624540996,0.03159389700348125,0.31968983958552194,0.09097344192062937
Jonnester/LR-AttnRes-tail-r64-n8,n=8 r=64,sliced_lr_attnres,42,8,1007616,1.8547746010912143,0.04095624716875933,0.8919580457656364,6.395586254150887,0.26702445454713775,0.6302154728067599,0.8707871412843223,0.35606202531636244,0.17902715940301012,0.03223042320183134,0.24792764441400789,0.10438055938821499
Jonnester/LR-AttnRes-tail-r64-n8,n=8 r=64,sliced_lr_attnres,43,9,1007616,1.684836067804476,0.13169900705821241,0.7668019305399763,5.439028034365274,0.44634083640284655,0.7309233778860511,0.874928000496655,0.5243636316400233,0.2653227409696191,0.0321588244588078,0.2980225345196539,0.08289269719343521
Jonnester/LR-AttnRes-tail-r64-n8,n=8 r=64,sliced_lr_attnres,44,9,1007616,1.923628446532459,0.050997616379303695,0.8754810288669618,6.854609125028781,0.24972345516449068,0.6205071210861206,0.855169853059257,0.39691022304984613,0.16959639717408312,0.03226346218780618,0.263416708837532,0.09318148131400697
Jonnester/LR-AttnRes-tail-r64-n8,n=8 r=64,sliced_lr_attnres,45,9,1007616,1.7597969518444403,0.09353476101966526,0.8009180988722701,5.837016590242463,0.3691063923079793,0.7261387613730702,0.8869984154778767,0.5012850589383908,0.2235533564798231,0.024889552612259225,0.2714189855589515,0.08035018240533225
Jonnester/LR-AttnRes-tail-r64-n8,n=8 r=64,sliced_lr_attnres,46,9,1007616,1.9282035992397526,0.054425834482017516,0.8775632749728071,6.887264674271995,0.2685510162415543,0.6178860833974389,0.8398193697619244,0.39387318782690095,0.17170026316875364,0.04532176901711593,0.2964777242558371,0.0932571541756903
Jonnester/LR-AttnRes-tail-r64-n8,n=8 r=64,sliced_lr_attnres,47,9,1007616,1.7425557607557716,0.1008155779122534,0.7930713019719938,5.741357082273902,0.40430684375569104,0.7184351619666185,0.8759352317670497,0.5038746297359467,0.2367063450619457,0.026373727099617383,0.27912034713369066,0.0854249884119525
Jonnester/LR-AttnRes-tail-r64-n8,n=8 r=64,sliced_lr_attnres,48,9,1007616,1.6947404388489762,0.08891474395688095,0.7713096069126595,5.466981457500923,0.35276313816628807,0.760095631688591,0.8986779296301245,0.5306294211527196,0.23999784438590693,0.01933166281897103,0.2481112558003255,0.08883366406017741
Jonnester/LR-AttnRes-tail-r64-n16,n=16 r=64,sliced_lr_attnres,1,2,1007616,0.2540546461818664,0.04248795067138666,0.36652337390232864,1.2904072273068312,0.9290291763902679,1.0,1.0,0.42902916936370417,0.8686825182379746,0.0020883224166298175,0.1258084506984122,0.036072111620408735
Jonnester/LR-AttnRes-tail-r64-n16,n=16 r=64,sliced_lr_attnres,2,2,1007616,0.5302590141451455,0.052698824363911795,0.7650020408436535,1.7017264763514202,0.7729048346116291,1.0,1.0,0.2729048363076962,0.6528266261263591,0.0054834863237319675,0.12534827621425265,0.10651935200865675
Jonnester/LR-AttnRes-tail-r64-n16,n=16 r=64,sliced_lr_attnres,3,2,1007616,0.32797016118600114,0.0642606368104062,0.47316091598534005,1.3910034788333303,0.896474670103895,1.0,1.0,0.3964746720422574,0.8161302082906894,0.0047904166908482315,0.15917591942427425,0.06925387674473166
Jonnester/LR-AttnRes-tail-r64-n16,n=16 r=64,sliced_lr_attnres,4,3,1007616,0.923276850847694,0.04439645108169829,0.8404027965010666,2.5199854373931885,0.5590732349612848,1.0,1.0,0.3006498096435051,0.4414062015409392,0.009883295550022875,0.1474487840856414,0.08364563619056692
Jonnester/LR-AttnRes-tail-r64-n16,n=16 r=64,sliced_lr_attnres,5,3,1007616,1.060467889638451,0.020392918957487148,0.965279466252986,2.888320321959209,0.4381886432325937,1.0,1.0,0.1370308652399032,0.35852514316396017,0.010217858080857178,0.14355092931655636,0.1329240840140397
Jonnester/LR-AttnRes-tail-r64-n16,n=16 r=64,sliced_lr_attnres,6,3,1007616,1.0620555645082055,0.025820664838853417,0.966724630778398,2.893262954262214,0.4430570047560746,1.0,1.0,0.13129382847043558,0.3582370070422568,0.012682054209858018,0.15894350391982007,0.15710129921998434
Jonnester/LR-AttnRes-tail-r64-n16,n=16 r=64,sliced_lr_attnres,7,4,1007616,1.250467170544756,0.03829393256378875,0.9020213833669337,3.494483655061179,0.400867064309314,0.9195347113337943,1.0,0.26356212758436437,0.3118518695114105,0.02127782435466874,0.19761903749549814,0.083568655802467
Jonnester/LR-AttnRes-tail-r64-n16,n=16 r=64,sliced_lr_attnres,8,4,1007616,1.2648685385541218,0.034185396323189274,0.9124097751408089,3.544678017375915,0.42439180273350663,0.8912340383219525,1.0,0.26280953341383273,0.3105911750619004,0.008744398779859885,0.13632231697691394,0.10139682574000786
Jonnester/LR-AttnRes-tail-r64-n16,n=16 r=64,sliced_lr_attnres,9,4,1007616,1.3144085058351842,0.025846201145734885,0.9481453032997565,3.723783462028193,0.3563604519619205,0.8817305400119564,1.0,0.19021222358796655,0.28323663880185385,0.012564929087294452,0.15687642183680212,0.12014032839759578
Jonnester/LR-AttnRes-tail-r64-n16,n=16 r=64,sliced_lr_attnres,10,5,1007616,1.2475784290127638,0.08465065800788119,0.7751640289779601,3.494295973118728,0.5415293971697489,0.8846434223942641,1.0,0.448550685634458,0.3669742362770608,0.012348027283833662,0.1720649869208369,0.062081491414124404
Jonnester/LR-AttnRes-tail-r64-n16,n=16 r=64,sliced_lr_attnres,11,5,1007616,1.397571033578578,0.0673795600407773,0.8683596742831594,4.054434652250957,0.42325956768136686,0.8371740313080268,1.0,0.3463264299117453,0.2891986689916471,0.019811784440338265,0.19167064692349858,0.07299311854005829
Jonnester/LR-AttnRes-tail-r64-n16,n=16 r=64,sliced_lr_attnres,12,5,1007616,1.4492367428492725,0.0386229077795462,0.9004613766825296,4.263019689699498,0.3814011065940547,0.8246733885470444,1.0,0.3038635622195112,0.2652792293366378,0.011971895032204527,0.15247348941203723,0.09331751630558231
Jonnester/LR-AttnRes-tail-r64-n16,n=16 r=64,sliced_lr_attnres,13,6,1007616,1.610276532366993,0.04300272931899773,0.8987123912912074,5.008800273988305,0.32178421597170637,0.7681997006501609,0.9346095139418191,0.32104242041828185,0.22767157707272506,0.01710865014765295,0.1879936015989113,0.06338122777822541
Jonnester/LR-AttnRes-tail-r64-n16,n=16 r=64,sliced_lr_attnres,14,6,1007616,1.4769259700930215,0.06930857094687343,0.824288026588719,4.389905611673991,0.4327255392946848,0.8234588736441077,0.9591591828237704,0.4258947757686057,0.28191118584415775,0.01457564505813802,0.17644119170797823,0.06420764524923754
Jonnester/LR-AttnRes-tail-r64-n16,n=16 r=64,sliced_lr_attnres,15,6,1007616,1.605030271095958,0.03742934277290404,0.8957843969507915,4.98149089115422,0.3171949405980304,0.7677972811024364,0.9491335080891121,0.32713837836816057,0.22710471884991096,0.01986214538743236,0.19560336443035206,0.07190942526025178
Jonnester/LR-AttnRes-tail-r64-n16,n=16 r=64,sliced_lr_attnres,16,7,1007616,1.602275503360159,0.09213601866255855,0.823406776761621,4.985421064423352,0.42337622317841384,0.7610599335616197,0.9195087552070618,0.44030040575236806,0.2612897280028196,0.0219763261672421,0.2169964109763128,0.051310925948910596
Jonnester/LR-AttnRes-tail-r64-n16,n=16 r=64,sliced_lr_attnres,17,7,1007616,1.7240145245218665,0.0720096050224336,0.8859682582258209,5.621349947239326,0.35281307159400566,0.6892835410629831,0.8940185541059913,0.3549438344269264,0.21527753455367515,0.019048848893967074,0.19497728511548115,0.05821587108984226
Jonnester/LR-AttnRes-tail-r64-n16,n=16 r=64,sliced_lr_attnres,18,7,1007616,1.7171244892647597,0.049085330474122786,0.8824274830701875,5.575183484612442,0.328384870920724,0.711987492030229,0.9081329911704955,0.36797266713972016,0.21232710802942756,0.018794414745990418,0.19284485255764985,0.07081805036319949
Jonnester/LR-AttnRes-tail-r64-n16,n=16 r=64,sliced_lr_attnres,19,8,1007616,1.711300105583377,0.09621945103491658,0.8229614016486377,5.561462433357549,0.4075277675458086,0.7154875242613196,0.8821516235669454,0.4523731135740513,0.24072577107728013,0.02231499306910467,0.2129294150053558,0.046124340951200424
Jonnester/LR-AttnRes-tail-r64-n16,n=16 r=64,sliced_lr_attnres,20,8,1007616,1.6772527239186976,0.10388671289120209,0.8065880692102075,5.379684359077515,0.42097549249486227,0.7268323302268982,0.9019775395470906,0.47362574426139276,0.250560459688427,0.020585916557227746,0.2196484742576342,0.05174461782463198
Jonnester/LR-AttnRes-tail-r64-n16,n=16 r=64,sliced_lr_attnres,21,8,1007616,1.8052417708606254,0.08184059716301705,0.8681377879972381,6.101743868696011,0.3638012925299203,0.668933440999287,0.8435059979679139,0.38829432439997913,0.21034685770670572,0.023885507612660062,0.22433588333986523,0.06833664700388908
Jonnester/LR-AttnRes-tail-r64-n16,n=16 r=64,sliced_lr_attnres,22,9,1007616,1.7169376078659926,0.1194218060916275,0.7814119792566067,5.607683836929197,0.4258290616477408,0.7238763977841634,0.8797004188948531,0.5129901635937575,0.25122633927721316,0.023171655619100617,0.2529564298608072,0.04117260376612345
Jonnester/LR-AttnRes-tail-r64-n16,n=16 r=64,sliced_lr_attnres,23,9,1007616,1.7606184036751105,0.12154721577830076,0.8012919556803819,5.859440574801065,0.4249032561371966,0.7096297731244467,0.8470885564641255,0.48141845769998504,0.24406121295642078,0.023287916934825237,0.24948577345450643,0.0485152189216855
Jonnester/LR-AttnRes-tail-r64-n16,n=16 r=64,sliced_lr_attnres,24,9,1007616,1.9426283661912127,0.0697187445532532,0.88412826720292,6.993749789106167,0.2956098955336625,0.6138300595244741,0.8230476994824604,0.3862885636527364,0.17356632528750876,0.01648875850076048,0.19217025588555797,0.055279379560803116
Jonnester/LR-AttnRes-tail-r64-n16,n=16 r=64,sliced_lr_attnres,25,10,1007616,1.9259566146183789,0.10286017079499361,0.8364322926939988,6.898009338999183,0.3102605488242173,0.6689778832885308,0.8201563266234669,0.45913018661785904,0.1908060768997766,0.022382534375054775,0.24258724544496876,0.04374478563545196
Jonnester/LR-AttnRes-tail-r64-n16,n=16 r=64,sliced_lr_attnres,26,10,1007616,2.0152602728789413,0.060754299347449955,0.8752163832749777,7.516573320559369,0.3269214002582116,0.5907753885276918,0.775097032872642,0.4014096589592414,0.17262454197658755,0.012697344180816472,0.17848602672178068,0.04561813759609936
Jonnester/LR-AttnRes-tail-r64-n16,n=16 r=64,sliced_lr_attnres,27,10,1007616,2.045193968749628,0.07972511692433822,0.8882164111951503,7.755324735874083,0.26384084786826034,0.6022298418409456,0.7731589490805215,0.3836564806903281,0.15964274653574315,0.022023081614005235,0.22897023703647118,0.050681768079114155
Jonnester/LR-AttnRes-tail-r64-n16,n=16 r=64,sliced_lr_attnres,28,11,1007616,1.962007757124862,0.13617185151139458,0.818220782086132,7.180461685831954,0.34983738869186337,0.6569547948798513,0.7920053514038644,0.4819941440733468,0.19881933745814534,0.028863016423578802,0.26409838499678223,0.035405152807038355
Jonnester/LR-AttnRes-tail-r64-n16,n=16 r=64,sliced_lr_attnres,29,11,1007616,2.014259543845324,0.09110000441735003,0.8400114711707201,7.5261309980376945,0.3547021494648321,0.6162627668884711,0.77446794752183,0.4547036488850911,0.1868261230912635,0.02328232149460341,0.24166589481490897,0.04023795498360199
Jonnester/LR-AttnRes-tail-r64-n16,n=16 r=64,sliced_lr_attnres,30,11,1007616,2.1697736716851956,0.04348774019304811,0.904865906490543,8.764557156136366,0.24644432053333376,0.5486027869751783,0.7123336423703326,0.36230289403016,0.1400983647360065,0.013448334484587043,0.1811644977616316,0.0472510882817809
Jonnester/LR-AttnRes-tail-r64-n16,n=16 r=64,sliced_lr_attnres,31,12,1007616,2.1271342455856197,0.07817418575143618,0.8560218093841057,8.41644683310656,0.2667022471020861,0.5953813558671532,0.7515076093557405,0.4525817642366983,0.15570820989162942,0.02688639394485204,0.25122465094896773,0.03859255378081546
Jonnester/LR-AttnRes-tail-r64-n16,n=16 r=64,sliced_lr_attnres,32,12,1007616,2.267707851844105,0.0742003803849303,0.9125927924140682,9.683563829437505,0.23101942156388508,0.5075394467609685,0.6705698094716886,0.3505154768141305,0.12731433938431547,0.02299627683014238,0.208297075868498,0.04201211681372428
Jonnester/LR-AttnRes-tail-r64-n16,n=16 r=64,sliced_lr_attnres,33,12,1007616,2.1565880756068037,0.08940697380071853,0.8678748942003017,8.67625025617398,0.28445567323909543,0.5752168656364689,0.7329322526125404,0.42784840231988486,0.15343496639554094,0.030566081225066988,0.25953401939105275,0.0449676253406336
Jonnester/LR-AttnRes-tail-r64-n16,n=16 r=64,sliced_lr_attnres,34,13,1007616,2.1995189810186866,0.1480570765784567,0.857529256886583,9.119526017972124,0.31267873264425167,0.5458212698378214,0.708301608640004,0.43322560869581334,0.1588495634193343,0.03941861248514833,0.28172329575636035,0.033373597638915675
Jonnester/LR-AttnRes-tail-r64-n16,n=16 r=64,sliced_lr_attnres,35,13,1007616,2.130381824524422,0.09961260010893086,0.8305746646431403,8.460533591789927,0.30631146658726827,0.6045074278746194,0.7633264874055133,0.4917796513413995,0.16507165679117528,0.026179992384796513,0.2567783954045579,0.03675587006551612
Jonnester/LR-AttnRes-tail-r64-n16,n=16 r=64,sliced_lr_attnres,36,13,1007616,2.4486367314811646,0.026651579173126792,0.954653114807315,11.576660055455154,0.16271153576974948,0.4073184515402569,0.5819930540836924,0.26575495217873796,0.09625565200074901,0.025372240254038392,0.227238569621322,0.042921917933535024
Jonnester/LR-AttnRes-tail-r64-n16,n=16 r=64,sliced_lr_attnres,37,14,1007616,2.1753615266908475,0.08661884725778653,0.824294900021902,8.838542077599502,0.2763072811975712,0.5913553509285779,0.7554824817471388,0.5138395830867736,0.15502921752328794,0.0317477707337912,0.27708554057567486,0.035883038716864504
Jonnester/LR-AttnRes-tail-r64-n16,n=16 r=64,sliced_lr_attnres,38,14,1007616,2.4946655199779726,0.03374570851962526,0.9452865913631471,12.124547694756732,0.1672097943662628,0.4043404857317607,0.5722739114993955,0.2930666482060905,0.09432106452986477,0.03599247711254394,0.26464833060845977,0.04057328456647166
Jonnester/LR-AttnRes-tail-r64-n16,n=16 r=64,sliced_lr_attnres,39,14,1007616,2.186408087490051,0.09850279342686598,0.8284806977442609,8.946992967186905,0.2655279849602924,0.5948272793273616,0.7562644927482295,0.5061788900596339,0.1523450818972859,0.029919177493927585,0.27505505201213654,0.037165885464516525
Jonnester/LR-AttnRes-tail-r64-n16,n=16 r=64,sliced_lr_attnres,40,15,1007616,2.581511732039413,0.027435454716698005,0.9532732202754757,13.222056094223891,0.1452381293463513,0.3707865273080221,0.5389979549539767,0.2778725658005815,0.08491163276802234,0.03141081770517884,0.23532001639796798,0.03728949245075546
Jonnester/LR-AttnRes-tail-r64-n16,n=16 r=64,sliced_lr_attnres,41,15,1007616,2.2056566854802573,0.10885979296900933,0.8144814706430202,9.130994323792496,0.26456242533234076,0.6006778207251696,0.7558602700388528,0.5314687999283395,0.1520190283777268,0.02777421006122216,0.27778008957973355,0.03318205046136851
Jonnester/LR-AttnRes-tail-r64-n16,n=16 r=64,sliced_lr_attnres,42,15,1007616,2.5153538909384876,0.03991294148695098,0.9288431498093334,12.38079010568014,0.17150161300248246,0.4209662750969088,0.5877544046417484,0.33856799956259687,0.09557383731613314,0.0381911240595576,0.27084031287114,0.039466241090924434
Jonnester/LR-AttnRes-tail-r64-n16,n=16 r=64,sliced_lr_attnres,43,16,1007616,2.2766163329767988,0.10830278845277726,0.8211157622376108,9.801683573218865,0.2739373312248447,0.5763179083180622,0.7170467948525902,0.5203278830380944,0.14830815368066957,0.026467638791497272,0.2568726386312932,0.03394620441566638
Jonnester/LR-AttnRes-tail-r64-n16,n=16 r=64,sliced_lr_attnres,44,16,1007616,2.5135313476004253,0.048616358687004035,0.9065647944202267,12.362985510167068,0.1820670826648309,0.44681954262702445,0.6116750933290497,0.3910774884185171,0.09986678541191225,0.04517327112436087,0.30319722481547284,0.037749652031475935
Jonnester/LR-AttnRes-tail-r64-n16,n=16 r=64,sliced_lr_attnres,45,16,1007616,2.333722013768142,0.09465800187540989,0.8417122843788891,10.363237799667731,0.22964665414841196,0.5451594925508266,0.7090116661738574,0.5023948368502826,0.12958744053191285,0.024480286078471192,0.2547429091906631,0.03325415638888755
Jonnester/LR-AttnRes-tail-r64-n16,n=16 r=64,sliced_lr_attnres,46,17,1007616,2.635898231490841,0.040873675993743794,0.930356408522381,13.967371940612793,0.1577426751212376,0.39200793606478995,0.5489230916752079,0.34084151358139225,0.08557771128125308,0.04451967917606403,0.295807980133667,0.033352768917165834
Jonnester/LR-AttnRes-tail-r64-n16,n=16 r=64,sliced_lr_attnres,47,17,1007616,2.4526916732633017,0.07996607056539853,0.865692529251905,11.657161379248146,0.21044837689496637,0.49259574602289896,0.653805156548818,0.47081988298796057,0.11351633829072239,0.023339260637821102,0.23929078105111692,0.03215912119843981
Jonnester/LR-AttnRes-tail-r64-n16,n=16 r=64,sliced_lr_attnres,48,17,1007616,2.3738390178215214,0.07991235037097892,0.8378610068220433,10.773017138969607,0.23009652565649855,0.5221827853985919,0.7082416439444069,0.5119308216300437,0.12589721351377364,0.020756659600151384,0.22301258158831672,0.03329065754218628
Jonnester/LR-AttnRes-Full-16,Full r=16,lr_attnres,1,2,1007616,0.43598344703999964,0.023995901224259493,0.6289911473669657,1.5469285792451564,0.8417462832559415,1.0,1.0,0.3417462839828274,0.73399745400359,0.0007795174356520773,0.05417120041342134,0.05117573907099119
Jonnester/LR-AttnRes-Full-16,Full r=16,lr_attnres,2,3,1007616,1.058757090956215,0.0026584839550052794,0.9637222246425908,2.8827959657684574,0.45074420392028686,1.0,1.0,0.15139149408030317,0.35968842205962515,0.0007305322204307352,0.03742271188080009,0.07671186691377221
Jonnester/LR-AttnRes-Full-16,Full r=16,lr_attnres,3,4,1007616,1.3084174743512782,0.012435092442873488,0.9438236922752566,3.7005987051056652,0.4074296934333274,0.8564389716318952,1.0,0.21339266450424504,0.2906549257960746,0.002781679100074763,0.07561593115158499,0.055162056583941466
Jonnester/LR-AttnRes-Full-16,Full r=16,lr_attnres,4,5,1007616,1.563913229035168,0.0062972442233694146,0.971713882151658,4.7775747834182365,0.29218147586031656,0.7146076046354403,1.0,0.1662848416140409,0.21850096440412164,0.0015313998516894856,0.053699223947132044,0.04378492492970412
Jonnester/LR-AttnRes-Full-16,Full r=16,lr_attnres,5,6,1007616,1.744204866207712,0.007831488844616822,0.9734592185757025,5.721525905578117,0.2650813249553122,0.6154399087758569,0.8977006925799982,0.16651846650170116,0.183278324885097,0.0031732119166225647,0.07967088448497629,0.038671161101116396
Jonnester/LR-AttnRes-Full-16,Full r=16,lr_attnres,6,7,1007616,1.8841763056390655,0.011521036104777758,0.9682751327026181,6.5813672174283155,0.2269548781034423,0.585812069051634,0.8170183804946217,0.19452112404311575,0.16107707149614164,0.00296765330989901,0.07404054618167515,0.03162691132116816
Jonnester/LR-AttnRes-Full-16,Full r=16,lr_attnres,7,8,1007616,2.0151740671173344,0.007544788587364562,0.969093882940649,7.502246740387707,0.22478651503721872,0.5257500788060631,0.7404852257511481,0.19423320586603832,0.142558896565825,0.004546960521699006,0.09286539874718183,0.02795264247532298
Jonnester/LR-AttnRes-Full-16,Full r=16,lr_attnres,8,9,1007616,2.1448696706353165,0.008714334177214959,0.9761722470686688,8.54125180283213,0.1779218379074965,0.4695792757883305,0.6826608462062308,0.1796457470674825,0.12326806474749635,0.003873683544074691,0.07559856943546743,0.02452469215321993
Jonnester/LR-AttnRes-Full-16,Full r=16,lr_attnres,9,10,1007616,2.255054229643287,0.007509412830800006,0.9793575648369828,9.536078468570864,0.1648230403661728,0.42099786386257265,0.6270243036068552,0.17026256121755615,0.11001402448590208,0.005407639435586198,0.09782747551102032,0.022691800354457482
Jonnester/LR-AttnRes-Full-16,Full r=16,lr_attnres,10,11,1007616,2.3533021473303073,0.010290227826458496,0.981403219990614,10.520807382537097,0.1421841092225982,0.3844521864642942,0.5840655599183183,0.166012572442613,0.09929198898920198,0.0049267842064195655,0.0869523683405905,0.020504802586586494
Jonnester/LR-AttnRes-Full-16,Full r=16,lr_attnres,11,12,1007616,2.4428809503229654,0.008930065707746052,0.9830876239916173,11.50659804615548,0.13651594495385644,0.35457311170857125,0.5365326520873279,0.16009038747326146,0.09069935517097877,0.006866189918060872,0.11020747692060441,0.018925416265642092
Jonnester/LR-AttnRes-Full-16,Full r=16,lr_attnres,12,13,1007616,2.529069158119884,0.008223688042107082,0.9860113941557039,12.542250392882805,0.11977265750974174,0.3213577379540699,0.49607134301487993,0.14976434009831127,0.08263622933044666,0.004319741825729917,0.08281345976114962,0.017977514933839003
Jonnester/LR-AttnRes-Full-16,Full r=16,lr_attnres,13,14,1007616,2.596295418778086,0.0102462622594648,0.9837965010627499,13.414655173697122,0.12087305053705122,0.3145128023333666,0.4768007865281609,0.16045281957320082,0.07798106992632393,0.0069232043312945635,0.10542049959217283,0.016943008849845117
Jonnester/LR-AttnRes-Full-16,Full r=16,lr_attnres,14,15,1007616,2.6606610790500795,0.011786290660794523,0.982500642780366,14.306735108538371,0.11727996964037903,0.3044469581871498,0.4571594622561602,0.1692387147889874,0.07346662588235808,0.005273413158546791,0.09170558344808369,0.01597607000894986
Jonnester/LR-AttnRes-Full-16,Full r=16,lr_attnres,15,16,1007616,2.7251374527690855,0.015096533823451101,0.9828855613382851,15.260241043276903,0.10855378016708343,0.29084131024717313,0.4354913380087876,0.16777453117254304,0.06892828988592799,0.007549133626654658,0.11051772823909312,0.01511450429121411
Jonnester/LR-AttnRes-Full-16,Full r=16,lr_attnres,16,17,1007616,2.7765502677700384,0.016473769198094238,0.9800004048076102,16.065683000456026,0.1079862604780895,0.28917627290981573,0.43284076088812296,0.18154466927536134,0.0661429103191306,0.006042397930373422,0.09999691864396147,0.014433704541095532
Jonnester/LR-AttnRes-Full-16,Full r=16,lr_attnres,17,18,1007616,2.844492061351373,0.01331620652742412,0.9841267364781078,17.194342977632353,0.09875363983759065,0.2597086755483131,0.39821319706071684,0.16339536411006275,0.06112269911824203,0.008101242585498714,0.11667604170393164,0.013439672607878036
Jonnester/LR-AttnRes-Full-16,Full r=16,lr_attnres,18,19,1007616,2.8927617131209953,0.011405679596273328,0.9824491981568375,18.04424310699711,0.09265185353474889,0.25480009700224654,0.39133968537415914,0.1765158562883129,0.05848627022611416,0.004848587728623066,0.09035322517085213,0.012986430148309145
Jonnester/LR-AttnRes-Full-16,Full r=16,lr_attnres,19,20,1007616,2.95022207159337,0.01630377096016385,0.9848082744009127,19.11272787078609,0.10189484059810638,0.23832063704002193,0.35692314670337894,0.1545858077886628,0.05532962005070555,0.008158411075485539,0.11618446973484375,0.012531376987453399
Jonnester/LR-AttnRes-Full-16,Full r=16,lr_attnres,20,21,1007616,3.000060271441452,0.010221636653337966,0.9853959766829886,20.0877968857928,0.08167675785659774,0.22436067159098338,0.34996005044720035,0.16444780998598268,0.05213594545678395,0.004660270560589375,0.0889417122552148,0.011989621814027388
Jonnester/LR-AttnRes-Full-16,Full r=16,lr_attnres,21,22,1007616,3.0482939084370932,0.012812568219506647,0.9861701639687143,21.081075575293564,0.08578545727380892,0.22108627007744178,0.3333874926334474,0.15432401280093,0.04981731432603627,0.009640047699553733,0.12875656377201186,0.011451900401823801
Jonnester/LR-AttnRes-Full-16,Full r=16,lr_attnres,22,23,1007616,3.090416512838224,0.010191357580890402,0.9856234081392365,21.987376019237487,0.0797430485244689,0.21327844661910358,0.32477988120986195,0.16371219344739993,0.04775678932787926,0.00601477295846653,0.09889899268813648,0.011105634290534053
Jonnester/LR-AttnRes-Full-16,Full r=16,lr_attnres,23,24,1007616,3.1404765815269657,0.009938532452675066,0.9881760284183471,23.116019442798645,0.07242890005189229,0.1979659783646343,0.3068206465341211,0.1475863817746077,0.04508658550013372,0.009357068465242868,0.12431695808749066,0.010599960267624558
Jonnester/LR-AttnRes-Full-16,Full r=16,lr_attnres,24,25,1007616,3.171136987887747,0.009472053017425368,0.9851690569544226,23.835637084836883,0.07930775943810378,0.20384850649814296,0.3050337283591914,0.16545227206334834,0.0442680850685612,0.006370665243204954,0.10525197721665464,0.010270106240016659
Jonnester/LR-AttnRes-Full-16,Full r=16,lr_attnres,25,26,1007616,3.1911556100457665,0.027235827384437805,0.9794539940066453,24.325459224421802,0.09434329342793643,0.21724896956750048,0.31718073506665423,0.18192310837226186,0.04494828497612379,0.014697981768271529,0.14348659752371684,0.009944630100661475
Jonnester/LR-AttnRes-Full-16,Full r=16,lr_attnres,26,27,1007616,3.2588912219536015,0.008673195191846223,0.9887901767482602,26.021648081337535,0.06503800993285529,0.17677257615860884,0.27359983809595184,0.1491882115360198,0.039978151338371806,0.007016488688870837,0.1079022281305088,0.009733412889284171
Jonnester/LR-AttnRes-Full-16,Full r=16,lr_attnres,27,28,1007616,3.264271588829475,0.020335372244948895,0.9796131481000079,26.166428232580667,0.07919096619617648,0.2028171324390706,0.30452117832695563,0.19384462125902255,0.04137924704246405,0.014399315863547368,0.1441109274135247,0.00945841553474968
Jonnester/LR-AttnRes-Full-16,Full r=16,lr_attnres,28,29,1007616,3.3234079737004225,0.009395646758487166,0.9869664573087925,27.756004255961596,0.06555079777793187,0.1761390588632444,0.2687788588729331,0.1601183175798354,0.03782798852620086,0.007024603461170287,0.10686647321624916,0.00922242262332019
Jonnester/LR-AttnRes-Full-16,Full r=16,lr_attnres,29,30,1007616,3.308467841729885,0.021293968272360457,0.9727361846745499,27.349375655011432,0.08807597472900297,0.21184500664230285,0.31082363148045733,0.22542299354464057,0.040833992656411196,0.01533470745050236,0.14888859537341834,0.008994589467358783
Jonnester/LR-AttnRes-Full-16,Full r=16,lr_attnres,30,31,1007616,3.3787015182215994,0.011393112065330516,0.9839004816078558,29.334565046356946,0.07113113145275814,0.17618555315141757,0.2650935002943365,0.1772308687611324,0.036342034434399956,0.008466230519135642,0.12161583599996072,0.008693472969541392
Jonnester/LR-AttnRes-Full-16,Full r=16,lr_attnres,31,32,1007616,3.3457644664175143,0.022342994022652666,0.9653836013824959,28.389337772276342,0.08712983961270107,0.21955350683472022,0.32084108004725076,0.259382512026686,0.040379725124050934,0.01708596233738957,0.1548556234961841,0.008464706773922696
Jonnester/LR-AttnRes-Full-16,Full r=16,lr_attnres,32,33,1007616,3.469320779893456,0.0050446740941483565,0.9922245416214795,32.11533247164594,0.05019912166081793,0.13754122056127563,0.21691886220521073,0.12903677593401777,0.03204208203568691,0.006424306911088085,0.10509060788236754,0.00813103700159923
Jonnester/LR-AttnRes-Full-16,Full r=16,lr_attnres,33,34,1007616,3.3892992802751745,0.022972892209333087,0.9611323538834486,29.65299445051488,0.07942168438822274,0.21238233209625493,0.31898088813797243,0.28120285732959344,0.03901841131046536,0.017565995909551546,0.16033358634287997,0.00796713636914604
Jonnester/LR-AttnRes-Full-16,Full r=16,lr_attnres,34,35,1007616,3.5234541098276773,0.006135892245686676,0.9910293202090069,33.90196562976372,0.04768630235296924,0.13075363187770533,0.20757050291309512,0.14086631376568864,0.030471217402113164,0.0070352452600461746,0.11069383163298292,0.007701036205967406
Jonnester/LR-AttnRes-Full-16,Full r=16,lr_attnres,35,36,1007616,3.416008046002892,0.028760587285924424,0.9532551445612093,30.46027380470338,0.07892887706194467,0.2118184126731826,0.3222988322982943,0.31317890053842123,0.03885704872569418,0.01947699974919237,0.16823703248006142,0.007772495840569283
Jonnester/LR-AttnRes-Full-16,Full r=16,lr_attnres,36,37,1007616,3.568709652598311,0.011616957298124439,0.9883109713957562,35.473178615415,0.050516885803724695,0.13536090264475442,0.21126692421068022,0.1586661097722325,0.029447353679717073,0.009662857015021675,0.12760903580317737,0.007383893804481018
Jonnester/LR-AttnRes-Full-16,Full r=16,lr_attnres,37,38,1007616,3.4493308474377886,0.028518313242175405,0.9482472248193694,31.49220334805124,0.07779985944914623,0.20922637470369418,0.3179179999401899,0.33399047502657264,0.03807522253534658,0.021342023924912912,0.18019608848191976,0.007435905535505733
Jonnester/LR-AttnRes-Full-16,Full r=16,lr_attnres,38,39,1007616,3.5963016351064048,0.02112396007664081,0.9816408394798031,36.471226389815165,0.05144416250106765,0.13917630171872736,0.21825820789104555,0.20011033687165114,0.029231854479729643,0.013313686916756051,0.1499985698583219,0.007010704419352945
Jonnester/LR-AttnRes-Full-16,Full r=16,lr_attnres,39,40,1007616,3.496428262896654,0.026632325499619088,0.9478293415007553,33.00916848531583,0.07245972849489228,0.2003338753692503,0.3068823889503634,0.33924000728421094,0.036330495302270095,0.020437934899803167,0.18007795124185227,0.007171261801225383
Jonnester/LR-AttnRes-Full-16,Full r=16,lr_attnres,40,41,1007616,3.6385910685469462,0.024198687070691626,0.9798089735876254,38.04928046125707,0.050537322019416145,0.13816527719420146,0.21606850926953602,0.21209568354657027,0.028228478248768705,0.013258537616850585,0.15003184084564536,0.006716110109219162
Jonnester/LR-AttnRes-Full-16,Full r=16,lr_attnres,41,42,1007616,3.542471614310412,0.026884975371314058,0.947775477800912,34.564795672408934,0.06831113388383292,0.1896625957111033,0.2945771556559617,0.34280763651297347,0.03466568693397491,0.02052833040983426,0.1840548416725015,0.00699756978396247
Jonnester/LR-AttnRes-Full-16,Full r=16,lr_attnres,42,43,1007616,3.672706427612925,0.03006445244410882,0.976471892701901,39.3759452695769,0.05227659833503932,0.1409586219768214,0.21923096441641088,0.22990523339287053,0.027686547593978362,0.015919113306046118,0.1647516163865947,0.006431110213126999
Jonnester/LR-AttnRes-Full-16,Full r=16,lr_attnres,43,44,1007616,3.584868194611092,0.026449235646233266,0.9473278483724207,36.06130323952776,0.06460637299389374,0.18127861146519825,0.28366903657835674,0.34683043806533503,0.03327071597057629,0.019987021459499932,0.18255236865634944,0.006801281909059791
Jonnester/LR-AttnRes-Full-16,Full r=16,lr_attnres,44,45,1007616,3.743177927606474,0.02268002685027789,0.9833227672227999,42.24278290291143,0.047194260013539616,0.12737754314410976,0.1980830335277852,0.19322206649353835,0.02530005398562284,0.013008082151048761,0.14856057307921833,0.006248143877978785
Jonnester/LR-AttnRes-Full-16,Full r=16,lr_attnres,45,46,1007616,3.64887588198592,0.022993489967023883,0.9530471669949168,38.44165491863964,0.05788151783550658,0.1633765995502472,0.25831049087086344,0.33182126744006707,0.030609662682423745,0.018034771404485284,0.1714718102299358,0.006620891147302039
Jonnester/LR-AttnRes-Full-16,Full r=16,lr_attnres,46,47,1007616,3.7940090981925407,0.022557522412076186,0.9854191546517659,44.44542235087573,0.04469349301927458,0.1220913324050787,0.18845885362082382,0.17966008852652418,0.023925322145829354,0.012335832822245152,0.14573865967266222,0.006077213077845406
Jonnester/LR-AttnRes-Full-16,Full r=16,lr_attnres,47,48,1007616,3.741804152000241,0.015547991844736882,0.9665745021851082,42.17912143614234,0.047842752854756226,0.13636301966702066,0.21695888902598282,0.28453633213430884,0.02669089585845548,0.013772418008748843,0.14628490955545026,0.006421083306797797
Jonnester/LR-AttnRes-Full-16,Full r=16,lr_attnres,48,49,1007616,3.689926531256699,0.0261692095866605,0.9481236154470987,40.05567572368839,0.05347239871214076,0.15383726431102288,0.2463765996016138,0.35215793053309125,0.02962328490566432,0.018476301388454797,0.1645561121267149,0.006567897741446868
Jonnester/LR-AttnRes-Full-32,Full r=32,lr_attnres,1,2,1007616,0.28155821004534154,0.03224752854929804,0.4062026288451218,1.3258810838063557,0.918364524356718,1.0,1.0,0.41836451781474476,0.8504116418885022,0.0011891494417023973,0.08885639598676941,0.044347177221765365
Jonnester/LR-AttnRes-Full-32,Full r=32,lr_attnres,2,3,1007616,1.052751661316166,0.009459140760226876,0.958255850202669,2.8656530612852515,0.4220202984364052,1.0,1.0,0.1479543522606051,0.3615750224609685,0.0022062019252260257,0.06516241273034372,0.10417549655366397
Jonnester/LR-AttnRes-Full-32,Full r=32,lr_attnres,3,4,1007616,1.2767732259703846,0.01941016458340481,0.9209971907662182,3.585725260943901,0.4263334804918708,0.8910610719424922,1.0,0.2507876314041091,0.30485726905062915,0.0063795448601551286,0.11296852206613917,0.06498692520871395
Jonnester/LR-AttnRes-Full-32,Full r=32,lr_attnres,4,5,1007616,1.556789705423805,0.0189176879853097,0.9672877904845447,4.74441328668982,0.30660897541821486,0.716047620385643,1.0,0.171712434631053,0.22158160757243148,0.004264648913843372,0.08595583919235819,0.05965170433850792
Jonnester/LR-AttnRes-Full-32,Full r=32,lr_attnres,5,6,1007616,1.71197098445117,0.01801516607295335,0.9554691445536729,5.540763490568332,0.28979811314644854,0.6492976260379077,0.9223212464068963,0.2132104722464957,0.19417141595991647,0.009593390626216891,0.13550526937133417,0.046542835873640005
Jonnester/LR-AttnRes-Full-32,Full r=32,lr_attnres,6,7,1007616,1.8497749935320722,0.020369269968580166,0.9505963587179417,6.35969848555278,0.25388983764299533,0.6113148094192753,0.8464734142388755,0.24205942766937782,0.17115148695988383,0.006120363688716823,0.10926315326235228,0.039923057254321624
Jonnester/LR-AttnRes-Full-32,Full r=32,lr_attnres,7,8,1007616,1.9542195254225072,0.026507714127315722,0.9397809510308552,7.060873710043062,0.2478813164360155,0.5832971213309746,0.7876484980428122,0.2706758343591923,0.15893335906955286,0.01184190960206366,0.15152395652218534,0.03259627137908606
Jonnester/LR-AttnRes-Full-32,Full r=32,lr_attnres,8,9,1007616,2.0640824267534708,0.022325189520987578,0.9394043965068289,7.88001937401004,0.22179726747477926,0.551307548836964,0.7552741930736759,0.28589201870003367,0.1423944669768093,0.008832116751825936,0.12551920569785519,0.02835344719046823
Jonnester/LR-AttnRes-Full-32,Full r=32,lr_attnres,9,10,1007616,2.1539464481477815,0.0221984244929668,0.9354470144442426,8.620923809888886,0.21269409758288685,0.5283278246236042,0.720425496741039,0.2996226694525742,0.13215083949934175,0.011019326057739143,0.14429941055576517,0.02559698804364941
Jonnester/LR-AttnRes-Full-32,Full r=32,lr_attnres,10,11,1007616,2.2841714242609537,0.023442001976841518,0.9525734719222154,9.820237245016951,0.19352608313405417,0.44568941869386813,0.6538448987937555,0.2624420574525507,0.11324686211783712,0.008903129234711926,0.12535210560721913,0.023798821528400214
Jonnester/LR-AttnRes-Full-32,Full r=32,lr_attnres,11,12,1007616,2.3409166219757824,0.02637913888509308,0.9420541636342925,10.394361418437182,0.17413302214165044,0.44706959743809893,0.6489483113211345,0.29691681483896765,0.10858514117516153,0.014972518430759862,0.16093675721819273,0.021153645140691825
Jonnester/LR-AttnRes-Full-32,Full r=32,lr_attnres,12,13,1007616,2.471226095184078,0.023636692398136202,0.9634600553086133,11.840257574872274,0.15767569694577194,0.3909061020467339,0.5621387003883114,0.23784066579206203,0.09277368579211275,0.008742961777755909,0.12394203619056901,0.021173666330931557
Jonnester/LR-AttnRes-Full-32,Full r=32,lr_attnres,13,14,1007616,2.525372662195345,0.03254055180089164,0.9569222331047058,12.502113078667865,0.14921767210088124,0.3690235646275001,0.5495301460832115,0.262312677817616,0.08875779959002161,0.015854752177907994,0.16564862753217874,0.018959731676991116
Jonnester/LR-AttnRes-Full-32,Full r=32,lr_attnres,14,15,1007616,2.572644417848044,0.03148478641535492,0.9499987892019071,13.1069037662289,0.1628635047170205,0.39298605797736624,0.5479931962199327,0.28156367840805674,0.08767489010725564,0.010815417866794075,0.13907779875605483,0.01867464829266556
Jonnester/LR-AttnRes-Full-32,Full r=32,lr_attnres,15,16,1007616,2.6310105692080366,0.03186390118699604,0.9489364585256189,13.894787369704828,0.16389229930028681,0.3653442249065492,0.521932436198723,0.287698122301722,0.08335232237974803,0.013576807082035902,0.14959524280959682,0.016763789397550792
Jonnester/LR-AttnRes-Full-32,Full r=32,lr_attnres,16,17,1007616,2.670645676977266,0.03665598489720394,0.9426207246819163,14.458960680457634,0.1642894572843381,0.3842494587103526,0.5283218263610592,0.3005271474035775,0.08234946556934496,0.013686033236002704,0.14304801598009492,0.01659802362030628
Jonnester/LR-AttnRes-Full-32,Full r=32,lr_attnres,17,18,1007616,2.725059951223978,0.04066362830642243,0.9428060597520533,15.269841884209857,0.15228787779323455,0.35849609874128324,0.5092821610652334,0.31068181216232177,0.077516635440714,0.015078914030649315,0.15272321479634773,0.014845156478472626
Jonnester/LR-AttnRes-Full-32,Full r=32,lr_attnres,18,19,1007616,2.738139007149673,0.05047526971506337,0.9299357300851403,15.477773953259476,0.15908210209714688,0.37929846673476986,0.5244426911439353,0.34267396582820553,0.07939284955098377,0.014220296085349915,0.1540882968308192,0.014615930422381759
Jonnester/LR-AttnRes-Full-32,Full r=32,lr_attnres,19,20,1007616,2.789326751135229,0.05410368005943698,0.931100090344747,16.293718345766145,0.16487089635395422,0.3631545423976774,0.5011327002591234,0.3404002376203615,0.07637781831549435,0.015885638967617854,0.1657252099279598,0.013708119918175828
Jonnester/LR-AttnRes-Full-32,Full r=32,lr_attnres,20,21,1007616,2.882486335630339,0.037282577675853266,0.946777783758272,17.87103871601384,0.13910969704147277,0.3186223569924269,0.4620380224735756,0.30464274563440463,0.06628202840806992,0.010649246263458867,0.1400254847128445,0.013404102102527774
Jonnester/LR-AttnRes-Full-32,Full r=32,lr_attnres,21,22,1007616,2.9304633411934704,0.03428487939590138,0.9480501573260237,18.74729903926694,0.11579246740273344,0.3039090136686961,0.44658941321256684,0.31040516011114044,0.062163168549295364,0.014724897818483296,0.1632008745817466,0.012163551831280666
Jonnester/LR-AttnRes-Full-32,Full r=32,lr_attnres,22,23,1007616,2.9414177464275824,0.03733384897066764,0.9381033875108734,18.955952884705088,0.12447272416779666,0.3183724286595011,0.4565054471415233,0.33844578120766616,0.0634144145117058,0.012659847887434683,0.15604553247860162,0.012354670638286339
Jonnester/LR-AttnRes-Full-32,Full r=32,lr_attnres,23,24,1007616,2.9829874387601527,0.05470062457929172,0.9386208270623432,19.776109261241384,0.15090491992186725,0.3078899516807339,0.43623387232059385,0.3260516800531527,0.06340844311365267,0.018752527075596603,0.18294730662061784,0.011382695095648933
Jonnester/LR-AttnRes-Full-32,Full r=32,lr_attnres,24,25,1007616,3.050241470336914,0.03053685712740985,0.9476107523693302,21.130287465041246,0.14924342276119604,0.2814267541819472,0.39085414763388593,0.2988206031845837,0.05825348583057644,0.01270894973373382,0.1527138304973576,0.010995868202147445
Jonnester/LR-AttnRes-Full-32,Full r=32,lr_attnres,25,26,1007616,3.072332688463413,0.0489253903641333,0.9429839476337277,21.61795202115687,0.12375389245467458,0.29397374779228275,0.41426005474920197,0.3232986074153001,0.05655712488947845,0.027150574406390238,0.20637713092958104,0.010452526735096442
Jonnester/LR-AttnRes-Full-32,Full r=32,lr_attnres,26,27,1007616,3.179660583899273,0.026318693654199667,0.9647505588647796,24.046899221776947,0.09585265367011714,0.2341444017441292,0.3443748497866034,0.26280793208416886,0.046969776109951296,0.015018467093983912,0.15617179011379373,0.01019390015780154
Jonnester/LR-AttnRes-Full-32,Full r=32,lr_attnres,27,28,1007616,3.108978190073153,0.053217137532667234,0.9330093545642325,22.42982572850173,0.12198840317929663,0.29706068179471706,0.428656708903429,0.35308822965234277,0.05608094780425715,0.02576484318304173,0.20792444723807882,0.009787734368606173
Jonnester/LR-AttnRes-Full-32,Full r=32,lr_attnres,28,29,1007616,3.221134908800203,0.034493095192861783,0.9565940038944648,25.07148663590594,0.0996046572681365,0.24245592164314858,0.3512834453485846,0.29383249059925237,0.04641611701468142,0.018284726496073045,0.1761972785887641,0.009770619090545201
Jonnester/LR-AttnRes-Full-32,Full r=32,lr_attnres,29,30,1007616,3.160386794950904,0.04974181753642922,0.9291982699215897,23.60899515849788,0.10935845534975935,0.28353831268907564,0.4184012938805712,0.37024797511294605,0.05328048962524267,0.029410715385805197,0.22284861659774974,0.009047568748960004
Jonnester/LR-AttnRes-Full-32,Full r=32,lr_attnres,30,31,1007616,3.236016604958511,0.053882768942961616,0.9423496791017734,25.469324670186857,0.10842490844367965,0.27069869952473213,0.3807441153661992,0.3315556861036192,0.04866652672247189,0.0203278746304405,0.18497650338372154,0.009168796141629703
Jonnester/LR-AttnRes-Full-32,Full r=32,lr_attnres,31,32,1007616,3.2115212242777753,0.04335518133808298,0.9266491968457292,24.840234167207548,0.11250453248498886,0.2720743243287249,0.40013596391290185,0.38231502679305346,0.051145121667200956,0.02590962208580727,0.20883818989736908,0.008591397589723753
Jonnester/LR-AttnRes-Full-32,Full r=32,lr_attnres,32,33,1007616,3.3787289208512967,0.024699781674466303,0.9663153130833696,29.34237818213982,0.08510619759317337,0.20561314222773885,0.2985596758563344,0.26272107745573775,0.03868637776108292,0.016334968916161152,0.16853480020661443,0.008540426511487282
Jonnester/LR-AttnRes-Full-32,Full r=32,lr_attnres,33,34,1007616,3.2708275628283743,0.03857665223595966,0.9275363237877202,26.352827831981628,0.0965674847243278,0.2522897985650272,0.37743146923499377,0.3876368132064013,0.047450647333530875,0.030207659714898583,0.22692424426478727,0.00816358590257162
Jonnester/LR-AttnRes-Full-32,Full r=32,lr_attnres,34,35,1007616,3.4745847907492786,0.020890659280592878,0.9772840302164961,32.291443832521516,0.06044186775883039,0.16381634505299048,0.25184003330343135,0.22249365507102595,0.03351202204338903,0.019544345393979423,0.17949730106048026,0.008307295165410856
Jonnester/LR-AttnRes-Full-32,Full r=32,lr_attnres,35,36,1007616,3.3248653857688595,0.04068585267562891,0.9278213023170223,27.818410067054316,0.08949067292174673,0.2347356866045696,0.3538301400537413,0.3932073494283164,0.04458095954079938,0.03199513611088767,0.23434811136754696,0.008012854713734573
Jonnester/LR-AttnRes-Full-32,Full r=32,lr_attnres,36,37,1007616,3.541597978855536,0.013579970787327368,0.9808027070712267,34.52521821929187,0.053208302464184724,0.1473505965820173,0.2319163705517606,0.20788217378341087,0.0310065961798759,0.014061868046133963,0.15690065201129888,0.008020625353330991
Jonnester/LR-AttnRes-Full-32,Full r=32,lr_attnres,37,38,1007616,3.324709091729265,0.053187420570897925,0.9139877635289014,27.830557877455302,0.10012883577889543,0.25085374700829266,0.3688982163018327,0.42829008097571086,0.0464235574794494,0.038899679317907054,0.25277539918829356,0.007835704047403429
Jonnester/LR-AttnRes-Full-32,Full r=32,lr_attnres,38,39,1007616,3.5249256215444427,0.04103470417322216,0.9621581493354425,33.97961906495133,0.06904202311988769,0.18469900849873458,0.27548133139687825,0.28612346111274345,0.03380824998021126,0.02618233258463043,0.21077398223654006,0.007483261294332126
Jonnester/LR-AttnRes-Full-32,Full r=32,lr_attnres,39,40,1007616,3.352471322548099,0.05415580212191548,0.9088047723460003,28.61562505582484,0.10229963118710168,0.26100409055143836,0.37386746329020676,0.44196919236725907,0.046299950166688704,0.03680171894355588,0.2524915908357584,0.007494937743597884
Jonnester/LR-AttnRes-Full-32,Full r=32,lr_attnres,40,41,1007616,3.6047073709286326,0.02887157453121853,0.9706846819660528,36.7861753324183,0.05944246450454239,0.16050248102443973,0.24433756116929092,0.25572255217447515,0.030268067160878723,0.02067933112062814,0.19162126801019572,0.0071490514250045585
Jonnester/LR-AttnRes-Full-32,Full r=32,lr_attnres,41,42,1007616,3.379208355415158,0.05514521419086351,0.9040949848609242,29.392661536612163,0.09501576932465158,0.25879016239953234,0.3766239724023555,0.456539973980043,0.04540887523472794,0.034938861060496595,0.2528483090949519,0.007200537410255001
Jonnester/LR-AttnRes-Full-32,Full r=32,lr_attnres,42,43,1007616,3.610560570305925,0.05227501879933474,0.9599490044562797,37.036691650142515,0.06778472353045534,0.18112026179224494,0.26711441927809054,0.29368259969765576,0.03165415256488614,0.030105128955523863,0.22700673747926087,0.006847422043843088
Jonnester/LR-AttnRes-Full-32,Full r=32,lr_attnres,43,44,1007616,3.413602303683273,0.0563594088240173,0.902069570087805,30.423294191438007,0.08996266550649472,0.24358120839285657,0.3736519450094642,0.46389346684866806,0.04399350303702238,0.034536822041569604,0.25396833820114295,0.006960008841308063
Jonnester/LR-AttnRes-Full-32,Full r=32,lr_attnres,44,45,1007616,3.6650064146615624,0.05462479767789754,0.9627873262738794,39.11379598602047,0.06435381615064978,0.17219159564351647,0.25241823845762545,0.28356328097785394,0.02983839428279458,0.03381454004997453,0.23632854179733892,0.006612217178620405
Jonnester/LR-AttnRes-Full-32,Full r=32,lr_attnres,45,46,1007616,3.476353011480192,0.049995732782503,0.907986037614869,32.382477938644286,0.08323617400677223,0.22392939806469087,0.34371215056597704,0.4554265485546453,0.040602694651702555,0.03350366213103584,0.24908429640674967,0.006664027512263139
Jonnester/LR-AttnRes-Full-32,Full r=32,lr_attnres,46,47,1007616,3.7145064691217935,0.0533299544190892,0.9647699182595664,41.095873266700806,0.061370922237392364,0.16497202532562782,0.2420648592032068,0.27664080625627097,0.028289381187500025,0.032411021262044315,0.23293360139268898,0.0063842116827536695
Jonnester/LR-AttnRes-Full-32,Full r=32,lr_attnres,47,48,1007616,3.5892725611120704,0.03698299640413184,0.9271728808317727,36.232721530325044,0.07122047748265227,0.19462713429598305,0.2979905920300057,0.4106656984100497,0.03480718833038477,0.025650325895875792,0.2134393440365605,0.006449046067711784
Jonnester/LR-AttnRes-Full-32,Full r=32,lr_attnres,48,49,1007616,3.533018658800823,0.042018122889115835,0.907806270490817,34.25752168360764,0.06863069952261157,0.19366346844812718,0.3072401592886545,0.4602490515728307,0.03755951254833036,0.02470719379225672,0.20646679667954979,0.006328219726189702
Jonnester/LR-AttnRes-Full-64,Full r=64,lr_attnres,1,2,1007616,0.23218219624302253,0.033240879935720336,0.33496809805311806,1.262048238661231,0.9376149923820806,1.0,1.0,0.4376149933512618,0.8833206087593141,0.0012979348742520602,0.10587948229336712,0.03909174389228588
Jonnester/LR-AttnRes-Full-64,Full r=64,lr_attnres,2,3,1007616,1.0249502678227618,0.02246046043395073,0.9329499272796197,2.7876561172609406,0.4654970663349803,1.0,1.0,0.19352103903041623,0.37942809666075356,0.005137933368712488,0.09928675186096736,0.12160420304714503
Jonnester/LR-AttnRes-Full-64,Full r=64,lr_attnres,3,4,1007616,1.206311368360752,0.0382200593102187,0.8701696938615504,3.34357051345391,0.4594063140997073,0.9267906585359961,1.0,0.31457789278611903,0.33694698922033234,0.017998699396547524,0.18301270997898156,0.07083555710751836
Jonnester/LR-AttnRes-Full-64,Full r=64,lr_attnres,4,5,1007616,1.5140819035894502,0.026666007235251324,0.9407519441309983,4.546845777247979,0.3086390861166202,0.7568711808057336,1.0,0.21866524486037775,0.23469742757033527,0.011545900529055908,0.14079666561705553,0.06819690776065113
Jonnester/LR-AttnRes-Full-64,Full r=64,lr_attnres,5,6,1007616,1.6390953199650213,0.03567462806316424,0.9147964662652674,5.153752509171401,0.3088386611240666,0.7189698015771261,0.9506673871017084,0.2944905106129685,0.21674768638804676,0.02112958061589354,0.19056906542685179,0.049188899638530036
Jonnester/LR-AttnRes-Full-64,Full r=64,lr_attnres,6,7,1007616,1.7880599915496702,0.05039154783398136,0.9188811221743017,5.9853105932716435,0.3081681360074175,0.6407599318318251,0.8771223018809062,0.2980360921805467,0.1913792610895343,0.016107448150117998,0.1705160755940503,0.043906204099577614
Jonnester/LR-AttnRes-Full-64,Full r=64,lr_attnres,7,8,1007616,1.8738443444414836,0.03824078702285181,0.9011286472886558,6.518003661458085,0.2629295175637656,0.6362259145674667,0.8575626471178318,0.3467313145718923,0.17553634614479252,0.029792176966457085,0.23740697469906163,0.03453319934688932
Jonnester/LR-AttnRes-Full-64,Full r=64,lr_attnres,8,9,1007616,2.0410457180767523,0.043380445352750256,0.9289199283452538,7.705814284037769,0.25600488629282975,0.5578279044569993,0.7531309520326009,0.3012715393934793,0.15013035077874254,0.025319763083442304,0.17986391826172551,0.03484002455678628
Jonnester/LR-AttnRes-Full-64,Full r=64,lr_attnres,9,10,1007616,2.1691921804009415,0.029521468624676292,0.9420681547343246,8.75496825551599,0.1908014954590216,0.48340905439562915,0.706131271230496,0.28006262943996646,0.12588289816205095,0.025947861957744678,0.21240624090811067,0.029188783745455547
Jonnester/LR-AttnRes-Full-64,Full r=64,lr_attnres,10,11,1007616,2.167288743383516,0.04099599258469306,0.9038296051141692,8.741883890415595,0.2526733454892306,0.5494409751116744,0.7233467009978566,0.3686277357543387,0.14014648579485048,0.018768668972815927,0.18088604458281113,0.028584522356920036
Jonnester/LR-AttnRes-Full-64,Full r=64,lr_attnres,11,12,1007616,2.2569707079631525,0.04413905224971805,0.908271849155426,9.56335532180662,0.24936364106531064,0.49619484601951225,0.6783124077610854,0.3628839932806124,0.12868303320999067,0.018188960382309993,0.19037222700969472,0.024401223009356314
Jonnester/LR-AttnRes-Full-64,Full r=64,lr_attnres,12,13,1007616,2.2936205495663775,0.06348584072852517,0.8942167560259501,9.930633064207992,0.2682339692018866,0.5045714761183514,0.671197444442811,0.3884425107541123,0.13175171680324446,0.015749570070397123,0.18323413861019397,0.0237601712169015
Jonnester/LR-AttnRes-Full-64,Full r=64,lr_attnres,13,14,1007616,2.337071432330744,0.05788658824099789,0.8855705329073154,10.368064484945158,0.24200361385578062,0.5074887874165201,0.6756965096403913,0.41722559444303436,0.12475509026913138,0.01857463570453355,0.19419210123907218,0.02010962147261346
Jonnester/LR-AttnRes-Full-64,Full r=64,lr_attnres,14,15,1007616,2.4698141939271756,0.060626414998339415,0.9120267343714954,11.841971792825838,0.19690200020142687,0.45161377777898215,0.6190771441149517,0.3740405861924334,0.10432722831402368,0.01840381295379734,0.19106769896609682,0.020237529940075345
Jonnester/LR-AttnRes-Full-64,Full r=64,lr_attnres,15,16,1007616,2.508804908612879,0.04925828310249525,0.9048600865573417,12.305114528997157,0.18450533859128873,0.4449856038985214,0.6128873800843712,0.3958728366751012,0.10073704799500907,0.023092902579798125,0.21292592487023165,0.01780003586375132
Jonnester/LR-AttnRes-Full-64,Full r=64,lr_attnres,16,17,1007616,2.553681664350556,0.05652627343647883,0.9013375644761372,12.87498296567095,0.18172531278152776,0.4523052175839742,0.6111111447093932,0.40420759354180436,0.09850876778364182,0.01595319073052659,0.18015823382234122,0.017889493706692697
Jonnester/LR-AttnRes-Full-64,Full r=64,lr_attnres,17,18,1007616,2.571285664550657,0.06696910294137448,0.8896038076741909,13.111739150876922,0.18460980651339864,0.431251057764379,0.6120524765030155,0.43378450473149616,0.09763892988363902,0.025114880820079843,0.2253274841696138,0.015542727512288116
Jonnester/LR-AttnRes-Full-64,Full r=64,lr_attnres,18,19,1007616,2.6348794378885407,0.0564274567249532,0.8948663778421355,13.963951281415738,0.17169308347430656,0.4173466371811502,0.5878514380958991,0.4284482985977235,0.09121662893188678,0.016649057019320068,0.1889527024455782,0.016110818815578187
Jonnester/LR-AttnRes-Full-64,Full r=64,lr_attnres,19,20,1007616,2.697530589452604,0.0922185002966205,0.9004577819894,14.905454092878637,0.17167322010528752,0.3915104119758296,0.5449360381296979,0.41593021590535234,0.08650829546092971,0.03854709214758456,0.25981998863714517,0.014777952820304932
Jonnester/LR-AttnRes-Full-64,Full r=64,lr_attnres,20,21,1007616,2.7788844108581543,0.05143581023816642,0.912748836404909,16.122368223298857,0.14806707978733186,0.3646316857841926,0.5245324288441883,0.39848362624160644,0.07721933661922206,0.023832821163820572,0.20119951189709115,0.014770189401856974
Jonnester/LR-AttnRes-Full-64,Full r=64,lr_attnres,21,22,1007616,2.802959725139587,0.08706098932921011,0.9068007595170804,16.55554425619482,0.14350430655285595,0.3541608372839486,0.5046977575232343,0.4126331602654806,0.07557508107123335,0.03716252019643207,0.2625458160923511,0.013401852489751264
Jonnester/LR-AttnRes-Full-64,Full r=64,lr_attnres,22,23,1007616,2.7961894942492975,0.0730954826862262,0.8917858818682228,16.426117028647322,0.1818353307198703,0.4024640212698681,0.53550038880449,0.4340807369084862,0.08341484407826168,0.02730928354733786,0.21141855670401602,0.013581901546416244
Jonnester/LR-AttnRes-Full-64,Full r=64,lr_attnres,23,24,1007616,2.853030160190613,0.06893118321704328,0.8977287217853515,17.38183742616235,0.196707084774971,0.3719665277294996,0.5002421438694,0.4211923877398173,0.08045085501380084,0.02492034093888229,0.21473342974367726,0.012455136028085621
Jonnester/LR-AttnRes-Full-64,Full r=64,lr_attnres,24,25,1007616,2.8852539236952617,0.06253151859383291,0.8963544911485377,17.9431720051339,0.14205572475505068,0.36913976049035546,0.5185123163510145,0.44060409941324374,0.07302570573198117,0.021776105735514584,0.22150254465348465,0.012272201505133777
Jonnester/LR-AttnRes-Full-64,Full r=64,lr_attnres,25,26,1007616,2.938207659294935,0.08763808025376227,0.9018172592651553,18.954291878676997,0.14913235314008666,0.36049742475757757,0.4851224676864903,0.42553715323045,0.07065010937006493,0.038331457504775734,0.25975146496073465,0.011243127887512909
Jonnester/LR-AttnRes-Full-64,Full r=64,lr_attnres,26,27,1007616,3.0634503635933727,0.03929521773398597,0.9294908574926175,21.41776174839919,0.11001801054652144,0.2829947633956506,0.4190592777922871,0.3763826530638749,0.05659236992156603,0.02612453204294196,0.22043047862102316,0.011326185212512937
Jonnester/LR-AttnRes-Full-64,Full r=64,lr_attnres,27,28,1007616,2.957680415331833,0.09147216723511818,0.8876046441434845,19.33340021459068,0.161109637559914,0.36175922310449243,0.49978445046316317,0.4580951955744891,0.07210291667682368,0.03782542873816119,0.2681865846639286,0.010361203748590024
Jonnester/LR-AttnRes-Full-64,Full r=64,lr_attnres,28,29,1007616,2.96930016928572,0.07914153608587407,0.8818055827443193,19.539850359040546,0.1424867496257875,0.3405968241575288,0.4911725971756912,0.4788540046874101,0.06905306542549676,0.0342955161025813,0.2536462149051926,0.010624799034593485
Jonnester/LR-AttnRes-Full-64,Full r=64,lr_attnres,29,30,1007616,3.101762285077475,0.05701721130315197,0.9119618346051472,22.27329610809078,0.11866812256535864,0.3069883056772434,0.4379985834040293,0.4197374737359644,0.057785057773192726,0.031730411334349284,0.2512519822656904,0.00989049217565273
Jonnester/LR-AttnRes-Full-64,Full r=64,lr_attnres,30,31,1007616,3.196060830015477,0.04074657630301146,0.9307142956470086,24.456249795308928,0.12651295027112572,0.274959075257061,0.38581966336180523,0.3699949749601566,0.05157264761202704,0.02382788860441787,0.2178285982580014,0.00989687806222497
Jonnester/LR-AttnRes-Full-64,Full r=64,lr_attnres,31,32,1007616,3.1298653769299265,0.07008666611211582,0.9030882958474198,22.92628454192867,0.11935988547113853,0.29888663228934376,0.43353833803316444,0.44476139666588327,0.057056846899714894,0.04060673664274894,0.2738929190793175,0.009149908186580107
Jonnester/LR-AttnRes-Full-64,Full r=64,lr_attnres,32,33,1007616,3.3036370587542776,0.04754532500394299,0.9448390632140927,27.24173378362888,0.09974734751674218,0.24175883054248687,0.34735911527300267,0.33491287386514307,0.04469028730096856,0.030123760552354995,0.2278644134749346,0.009378422786814146
Jonnester/LR-AttnRes-Full-64,Full r=64,lr_attnres,33,34,1007616,3.1209287759734363,0.09381847968674124,0.8850282513029207,22.765689586236224,0.14697841912265716,0.3326594046945494,0.45633129981475146,0.4760500856531345,0.06285915626742976,0.04962940100333002,0.29818356523869877,0.008594848625344103
Jonnester/LR-AttnRes-Full-64,Full r=64,lr_attnres,34,35,1007616,3.3331766593747023,0.052967158553303834,0.937510667777643,28.066238310278916,0.09818641484026017,0.24714911941105758,0.35181004051270526,0.36001180851362585,0.04412658524707081,0.028596604037618878,0.23239349576444665,0.008937135861448849
Jonnester/LR-AttnRes-Full-64,Full r=64,lr_attnres,35,36,1007616,3.1275814742576786,0.0922017723036508,0.8727681743420237,22.916753582838105,0.14608275296726847,0.3400514964165726,0.46197208107971566,0.5046604355660881,0.06345243533936942,0.048848211053720725,0.3052457395957215,0.00853481056217471
Jonnester/LR-AttnRes-Full-64,Full r=64,lr_attnres,36,37,1007616,3.3551871388908325,0.04340037428789999,0.9291784884483834,28.677835479984438,0.10327326942507814,0.24822604086825517,0.34687817120939735,0.3861740134595855,0.04414514624854413,0.04259151523407212,0.2826933839783373,0.00844001527069375
Jonnester/LR-AttnRes-Full-64,Full r=64,lr_attnres,37,38,1007616,3.0840588236242774,0.10585166843661575,0.8478311780022412,21.972274950849332,0.1535682053100772,0.3733633262355153,0.4996174503632677,0.5462571023925533,0.07014345371626257,0.049242257318882654,0.3255956528777567,0.008064782416713406
Jonnester/LR-AttnRes-Full-64,Full r=64,lr_attnres,38,39,1007616,3.461693488485445,0.035283630612742846,0.9448984250789736,31.890612191301052,0.09267759728964751,0.2147564752315118,0.30551928717915605,0.34366200779511674,0.03827703344385799,0.0326464220266347,0.24883192069031984,0.008077469360637048
Jonnester/LR-AttnRes-Full-64,Full r=64,lr_attnres,39,40,1007616,3.156409403172935,0.09804811476637765,0.8556553178686437,23.60163524286534,0.12749260027961032,0.3273801452260676,0.4716406980665719,0.5448271336594248,0.06157363827029864,0.04996443354900837,0.32818354382438536,0.007745780371795825
Jonnester/LR-AttnRes-Full-64,Full r=64,lr_attnres,40,41,1007616,3.4141902923583984,0.05996938445617838,0.9193817643615289,30.446687450253865,0.10454560149975908,0.25369873715610036,0.3541874117482968,0.41304463148117065,0.04344330961263277,0.05966070733741713,0.32343471430698095,0.00781151259935921
Jonnester/LR-AttnRes-Full-64,Full r=64,lr_attnres,41,42,1007616,3.159972950695007,0.09772820227999157,0.8454393429484793,23.68559398496054,0.12563817675520733,0.3217084623449217,0.46953789829238646,0.5674324631690979,0.06137564769241868,0.05109085299232774,0.33918540337916164,0.007296305021434803
Jonnester/LR-AttnRes-Full-64,Full r=64,lr_attnres,42,43,1007616,3.441376899316059,0.059707389970072786,0.9149677104097071,31.285383565639094,0.10883927963128905,0.25638589856585836,0.3495645406769543,0.423640880885163,0.04332018580015113,0.05492096190819007,0.32124811620107707,0.007387399329740669
Jonnester/LR-AttnRes-Full-64,Full r=64,lr_attnres,43,44,1007616,3.1932129588553577,0.09502354425836448,0.843830067936967,24.47954781074834,0.11513041892671973,0.30512220224713893,0.45301760599865176,0.5757769627299735,0.05847869961848104,0.05225354247187086,0.34227561965476383,0.006934318248201809
Jonnester/LR-AttnRes-Full-64,Full r=64,lr_attnres,44,45,1007616,3.5481984460256935,0.052078746412988375,0.932102189316013,34.79767496992902,0.09248565579575252,0.2229408265613928,0.3107880324852176,0.3839884422174314,0.036955161095877,0.05309579842666201,0.3097523489582703,0.007169750690890952
Jonnester/LR-AttnRes-Full-64,Full r=64,lr_attnres,45,46,1007616,3.2451916671380765,0.08204131997675025,0.8476091889831109,25.755041417067613,0.1080002062688998,0.288901895526948,0.4337744359078446,0.5739779002298184,0.055072994948160356,0.04617009493854951,0.32509097031223416,0.006699189770217496
Jonnester/LR-AttnRes-Full-64,Full r=64,lr_attnres,46,47,1007616,3.514903700448633,0.06950662694165567,0.912927018917673,33.6933677797395,0.11073092322766297,0.25380710906129544,0.34090998647658804,0.4280144608602291,0.04165441588294215,0.07023683606753606,0.35185282085845104,0.006753097302648481
Jonnester/LR-AttnRes-Full-64,Full r=64,lr_attnres,47,48,1007616,3.3500978210108068,0.0701401481664592,0.865389795807319,28.576747351545627,0.10492900401596131,0.25648733731207807,0.38030730078860026,0.5466411462644252,0.048365319314284054,0.04050581650869978,0.29523133873323504,0.006340577723937952
Jonnester/LR-AttnRes-Full-64,Full r=64,lr_attnres,48,49,1007616,3.267730542314731,0.07554979178885975,0.8396407055660962,26.327021606569367,0.09453179547941781,0.2527377656320246,0.39032074566779096,0.5930433505918922,0.051463622115249553,0.03402481431672033,0.2771513997318667,0.006042643592827194
Jonnester/LR-AttnRes-n4-r32,n=4 r=32,lr_attnres,1,2,1007616,0.48042835234626524,0.048792927563580814,0.6931115917074002,1.6186752047965196,0.8115363532934732,1.0,1.0,0.31153635402035906,0.6962513482667566,0.0035592003917700454,0.1069753546478746,0.04471393668554663
Jonnester/LR-AttnRes-n4-r32,n=4 r=32,lr_attnres,2,2,1007616,0.6798170334924527,0.015435498480791942,0.9807686519816639,1.973749836285909,0.5669568525097235,1.0,1.0,0.0669568465734885,0.5131906896102719,0.01186453658515485,0.1535891197873298,0.0586397570928907
Jonnester/LR-AttnRes-n4-r32,n=4 r=32,lr_attnres,3,2,1007616,0.6679537902033426,0.023326816755856572,0.9636536017666019,1.9507679338377666,0.5980326751383339,1.0,1.0,0.09803267465374334,0.5247970136200509,0.009359369899010206,0.13888698708487696,0.050837231875677416
Jonnester/LR-AttnRes-n4-r32,n=4 r=32,lr_attnres,4,2,1007616,0.47450735656226556,0.07955878522820603,0.6845693985621134,1.612326893380018,0.8109139330018826,1.0,1.0,0.3109139349402451,0.6998047954667874,0.010387677917554905,0.18546744767191067,0.05333815057708965
Jonnester/LR-AttnRes-n4-r32,n=4 r=32,lr_attnres,5,2,1007616,0.6071168208509926,0.056289282747414904,0.8758844142037678,1.8380143148143118,0.6893174299379674,1.0,1.0,0.18931742739386676,0.5824306059659012,0.01354947641489146,0.17830919877244275,0.04241561477746421
Jonnester/LR-AttnRes-n4-r32,n=4 r=32,lr_attnres,6,2,1007616,0.34095776008396617,0.051239825501986684,0.4918980617833331,1.408159361622198,0.8911245285980101,1.0,1.0,0.39112452641735235,0.8072477264132926,0.003200004812588808,0.1309297061972819,0.046639627072869276
Jonnester/LR-AttnRes-n4-r32,n=4 r=32,lr_attnres,7,2,1007616,0.5740397606438737,0.0693914206008532,0.8281643051442092,1.7796874618142602,0.7239301005999247,1.0,1.0,0.22393010387091133,0.6125975687329362,0.015612397718637983,0.19935351647707383,0.03914396876726693
Jonnester/LR-AttnRes-n4-r32,n=4 r=32,lr_attnres,8,2,1007616,0.23031715697389307,0.033561387058224014,0.33227741548685524,1.2597145559341927,0.9382874742756045,1.0,1.0,0.4382874757293763,0.8845149230181686,0.0013366629910083194,0.10975251157988997,0.04568244968124521
Jonnester/LR-AttnRes-n4-r32,n=4 r=32,lr_attnres,9,2,1007616,0.5910741008394133,0.05945286003450267,0.8527396616896963,1.8091012200688927,0.7085045517944708,1.0,1.0,0.20850455264250436,0.597311316466913,0.012747031125131314,0.17676797107290723,0.03880676830081436
Jonnester/LR-AttnRes-n4-r32,n=4 r=32,lr_attnres,10,2,1007616,0.21217512260607588,0.02540116656749459,0.30610399226832197,1.2367651336561374,0.9450116680889595,1.0,1.0,0.44501166663518765,0.8962355260926533,0.0007738975125086422,0.08733271054566942,0.046713215367096224
Jonnester/LR-AttnRes-n4-r32,n=4 r=32,lr_attnres,11,2,1007616,0.5921875708471469,0.05447406995899143,0.854346065017266,1.8106055094943783,0.7097499961775493,1.0,1.0,0.20974999278541503,0.5964740262768133,0.010389085397567,0.1597561400963414,0.04027521997932496
Jonnester/LR-AttnRes-n4-r32,n=4 r=32,lr_attnres,12,2,1007616,0.18605500980605924,0.028968822742583594,0.26842063810767197,1.2049989748776444,0.953821000044908,1.0,1.0,0.4538210061022906,0.9121035691199264,0.001051969406143216,0.11253670844448241,0.051060471653453704
Jonnester/LR-AttnRes-n4-r32,n=4 r=32,lr_attnres,13,3,1007616,0.3276457740523951,0.0352316313650665,0.29823603256931147,1.3885658911573209,0.9214593874729746,1.0,1.0,0.5918231451414465,0.8524563724432535,0.0013240779491281995,0.12624723854658326,0.037074353697338726
Jonnester/LR-AttnRes-n4-r32,n=4 r=32,lr_attnres,14,3,1007616,0.5427959013760575,0.05352833540610475,0.4940741156659475,1.7232885409176835,0.8253769297909931,1.0,1.0,0.5290123204874798,0.7041616948639474,0.0033047147165521373,0.1310108623928035,0.039170400580255
Jonnester/LR-AttnRes-n4-r32,n=4 r=32,lr_attnres,15,3,1007616,0.7558298687624737,0.03110934015358213,0.6879859964052836,2.1303983665094144,0.6482228985646876,1.0,1.0,0.4097833844219766,0.5252216589160081,0.0034429449430625203,0.10674697290474537,0.038935060867772195
Jonnester/LR-AttnRes-n4-r32,n=4 r=32,lr_attnres,16,3,1007616,0.7919920731366166,0.013935777650274159,0.7209022490958857,2.2080044823933425,0.5239502632521033,1.0,1.0,0.3317512550005099,0.4789157865977869,0.00406993331380856,0.11164796245286307,0.03898991587846906
Jonnester/LR-AttnRes-n4-r32,n=4 r=32,lr_attnres,17,3,1007616,0.7938097642689217,0.019738845873713825,0.7225567771167289,2.212237920218367,0.5609413501692981,1.0,1.0,0.3534861226391986,0.485010773185792,0.004103027582592844,0.11471798648980298,0.03568498075492983
Jonnester/LR-AttnRes-n4-r32,n=4 r=32,lr_attnres,18,3,1007616,0.7360096927580795,0.026220908796653862,0.6699448906309237,2.0883030038538988,0.6020314160401259,1.0,1.0,0.39020767565665204,0.5129790882754132,0.006043631053322507,0.13825359571280807,0.034627989156620936
Jonnester/LR-AttnRes-n4-r32,n=4 r=32,lr_attnres,19,3,1007616,0.7167090788120176,0.04539384673087961,0.6523767084610171,2.0497920435618577,0.6935074920576763,1.0,1.0,0.44015421276170064,0.5600851691835295,0.004859046617900931,0.1397951885687218,0.03161901695941522
Jonnester/LR-AttnRes-n4-r32,n=4 r=32,lr_attnres,20,3,1007616,0.6841899975528561,0.03678507731028167,0.6227765596979032,1.983504483370277,0.6796176884232498,1.0,1.0,0.44284920309617265,0.5588527796714287,0.004637745433786367,0.13235753934656858,0.030894770006823346
Jonnester/LR-AttnRes-n4-r32,n=4 r=32,lr_attnres,21,3,1007616,0.6856892225218982,0.048989233379939504,0.6241412177318479,1.9875287796423686,0.7167108674359516,1.0,1.0,0.4581277145118248,0.5823196531311283,0.005044736945886696,0.14888292631953856,0.0288522237644286
Jonnester/LR-AttnRes-n4-r32,n=4 r=32,lr_attnres,22,3,1007616,0.5830621845353909,0.04772023627338187,0.5307260654806122,1.7935648138930158,0.7734437143899561,1.0,1.0,0.506537738854323,0.6460375659834079,0.003574766816508479,0.1379079882124298,0.028913234206557597
Jonnester/LR-AttnRes-n4-r32,n=4 r=32,lr_attnres,23,3,1007616,0.6693845425194841,0.05619030194778729,0.6093000658159333,1.9561208438097946,0.7392615273716004,1.0,1.0,0.4702525780937536,0.6021255041525616,0.005177806641723515,0.16219394346784996,0.029196217333075154
Jonnester/LR-AttnRes-n4-r32,n=4 r=32,lr_attnres,24,3,1007616,0.5564972947283489,0.05416519451114544,0.5065456648183063,1.7471206672792512,0.7938188837795723,1.0,1.0,0.5197953460662346,0.6694997534519289,0.003863288995299863,0.15530998871763552,0.030992131347094123
Jonnester/LR-AttnRes-n4-r32,n=4 r=32,lr_attnres,25,4,1007616,0.8234492390136409,0.04838572744614413,0.5939930522344946,2.281016917732673,0.675770557508236,0.9809843083707298,1.0,0.5468259468311216,0.5302586327723371,0.005005594955182491,0.15318894811625763,0.025608824793158506
Jonnester/LR-AttnRes-n4-r32,n=4 r=32,lr_attnres,26,4,1007616,0.9912560620928198,0.05568223103319031,0.7150400881844807,2.6987808467896004,0.6089724578508516,0.9827975097710524,1.0,0.4539586482493858,0.444848083625964,0.006596051597472896,0.16063853828838823,0.027688419946083207
Jonnester/LR-AttnRes-n4-r32,n=4 r=32,lr_attnres,27,4,1007616,1.1391532072206823,0.03858554231373285,0.8217253360321851,3.126437788087178,0.4460944797449965,0.9763559190238394,1.0,0.33505207784776764,0.3478261128189118,0.011513505176457217,0.18025840836953794,0.028217248936615338
Jonnester/LR-AttnRes-n4-r32,n=4 r=32,lr_attnres,28,4,1007616,1.0881199681661962,0.04075240431925328,0.7849126307944941,2.9711419062885813,0.48961383952357906,0.986196852796446,1.0,0.3748528802297949,0.3700500591014459,0.009657826450466755,0.17560242460534126,0.02630656342802009
Jonnester/LR-AttnRes-n4-r32,n=4 r=32,lr_attnres,29,4,1007616,1.1064590399827414,0.050185597437078136,0.7981414678620129,3.0274161342682877,0.48349398350327966,0.97551113609376,1.0,0.3752914890041196,0.3691258631586059,0.01228494536111091,0.18709823700311692,0.026213872344876692
Jonnester/LR-AttnRes-n4-r32,n=4 r=32,lr_attnres,30,4,1007616,1.102341059746781,0.03305059254174235,0.7951709754098721,3.012846576489084,0.4305755246460922,0.9860228963983737,1.0,0.35414606478156113,0.3571634106035155,0.009906813187592345,0.16742729407879073,0.0248914449437847
Jonnester/LR-AttnRes-n4-r32,n=4 r=32,lr_attnres,31,4,1007616,0.9908567361715364,0.08630257107545798,0.7147520392890868,2.7035293016976456,0.61408569124656,0.9752764696997356,1.0,0.45844441821904686,0.4522629561947613,0.012625250215879236,0.21094026288336046,0.02402614296330669
Jonnester/LR-AttnRes-n4-r32,n=4 r=32,lr_attnres,32,4,1007616,1.08292395603366,0.0486798565308623,0.7811645017406805,2.956790499570893,0.4639927718212934,0.9865985367356277,1.0,0.37593257839117594,0.3693110198993993,0.012853847212404679,0.2040945467120686,0.02351337559218329
Jonnester/LR-AttnRes-n4-r32,n=4 r=32,lr_attnres,33,4,1007616,0.9372929218338757,0.10494289178790597,0.6761139146680755,2.5669986930319935,0.6571394844752986,0.9756845943326873,1.0,0.48299501315364995,0.49089921393045566,0.013779584795128308,0.22956106271442203,0.022511967874275958
Jonnester/LR-AttnRes-n4-r32,n=4 r=32,lr_attnres,34,4,1007616,1.1065588288190888,0.03830764588280476,0.7982134552505927,3.0261509980612655,0.42251129630135326,0.9865281543111414,1.0,0.3463628522264279,0.3537329173669582,0.009202146688706003,0.18644269559739754,0.02305982652597311
Jonnester/LR-AttnRes-n4-r32,n=4 r=32,lr_attnres,35,4,1007616,0.8686224348176785,0.11144908187953571,0.6265786314398293,2.3984858776495708,0.7022140854742469,0.9747789027245064,1.0,0.5181829759745094,0.5381981798303805,0.013059645083751015,0.2457095621892025,0.02203556362206374
Jonnester/LR-AttnRes-n4-r32,n=4 r=32,lr_attnres,36,4,1007616,1.1045657561077336,0.02957036959510497,0.7967757558434959,3.019234942226875,0.4557260194929635,0.984064274687108,1.0,0.36228983407098103,0.3596749635246711,0.0073231070899162365,0.1825496024562132,0.023800672251519148
Jonnester/LR-AttnRes-n4-r32,n=4 r=32,lr_attnres,37,5,1007616,0.9808189796238411,0.08572644465228156,0.6094170731257617,2.6765846779675986,0.6677402383912869,0.95789163287093,1.0,0.5753222839619087,0.49369493272246384,0.009297385977046657,0.21161053098405117,0.019642726798367694
Jonnester/LR-AttnRes-n4-r32,n=4 r=32,lr_attnres,38,5,1007616,1.2459838496960276,0.024640266610062318,0.7741732626426511,3.477402171468347,0.36958307924309397,0.9536832231816238,1.0,0.40077203851405196,0.31233550402207105,0.008272015048090609,0.16016755225657126,0.02001301997560796
Jonnester/LR-AttnRes-n4-r32,n=4 r=32,lr_attnres,39,5,1007616,1.229883635916361,0.08935983398938678,0.7641696362960629,3.434509911188265,0.5414807016287393,0.8686626446925527,1.0,0.44652766425435136,0.3671281596994012,0.019381220546085487,0.26430059797255046,0.021306045341297864
Jonnester/LR-AttnRes-n4-r32,n=4 r=32,lr_attnres,40,5,1007616,1.2157294440075634,0.03631251045937067,0.7553751381432138,3.3749705368910377,0.4347311020866642,0.9510520575492363,1.0,0.4475436690377026,0.3325270848061011,0.007838427670155745,0.1776102237642551,0.019968174821962188
Jonnester/LR-AttnRes-n4-r32,n=4 r=32,lr_attnres,41,5,1007616,1.2816717488978937,0.07643873676027915,0.796347401006435,3.6132344230403746,0.42143148498806526,0.8871023839082175,1.0,0.4166448159915645,0.3209155121954476,0.022448232184521633,0.28353809525388207,0.022043609497992972
Jonnester/LR-AttnRes-n4-r32,n=4 r=32,lr_attnres,42,5,1007616,1.3257394185880336,0.031217155168151496,0.8237281829361024,3.7667958057992825,0.37573592667657185,0.9054502117924574,1.0,0.3715950946013133,0.2917219036962928,0.008057407111214498,0.16973322443276806,0.01989490330461564
Jonnester/LR-AttnRes-n4-r32,n=4 r=32,lr_attnres,43,5,1007616,1.1821702243835945,0.08819587828485996,0.73452363023913,3.2743680050702597,0.4987253500678675,0.910434763121411,1.0,0.4819306173944861,0.3693854079498508,0.01715208053674755,0.28651986373584243,0.021616424329397154
Jonnester/LR-AttnRes-n4-r32,n=4 r=32,lr_attnres,44,5,1007616,1.3151026780043191,0.04100816522982778,0.8171192044165076,3.7282491079190883,0.41185763405590525,0.8911715673237313,1.0,0.38487110898746707,0.29867969998499244,0.010980030899663484,0.19220589446171638,0.01992425859216752
Jonnester/LR-AttnRes-n4-r32,n=4 r=32,lr_attnres,45,5,1007616,1.1149180836793853,0.09575413113110073,0.6927375342787766,3.0636200711009947,0.573485173830172,0.921222492931335,1.0,0.5216363067549419,0.4119020421815112,0.016050207193259558,0.29318163085945737,0.021303965127080438
Jonnester/LR-AttnRes-n4-r32,n=4 r=32,lr_attnres,46,5,1007616,1.2791144091908524,0.041256294583776054,0.7947584361564822,3.596493651227253,0.43247131264306665,0.909445641971216,1.0,0.40998728343141755,0.3123039162255884,0.009583980633616873,0.17821450934333183,0.019783665760745847
Jonnester/LR-AttnRes-n4-r32,n=4 r=32,lr_attnres,47,5,1007616,1.135251917490145,0.07708605854698766,0.7053716488000823,3.1214056945428617,0.5829689788624524,0.9103399442463387,1.0,0.511277453201573,0.4089216517239082,0.010540403168815438,0.2313803521233324,0.019990746046954055
Jonnester/LR-AttnRes-n4-r32,n=4 r=32,lr_attnres,48,5,1007616,0.9397886574752932,0.08884703503276958,0.5839235041199661,2.5698965216070655,0.6968285611005334,0.9349029471234578,1.0,0.5933016485315028,0.5248292660325523,0.009304097371654274,0.26321741053240205,0.01719810228522231
Jonnester/LR-AttnRes-LR-n8-r32,n=8 r=32,lr_attnres,1,2,1007616,0.36201831262286116,0.05215968674996747,0.5222820225285321,1.4381778395272853,0.8808209934854895,1.0,1.0,0.38082099178942236,0.7914187297588442,0.0032677123537626085,0.12463639314657826,0.037262983559592955
Jonnester/LR-AttnRes-LR-n8-r32,n=8 r=32,lr_attnres,2,2,1007616,0.6793938884890176,0.01331365085573424,0.9801581778177401,1.9728557104017677,0.5701446407209567,1.0,1.0,0.07014464126612113,0.5136305951490635,0.006756285212421442,0.11695788377461586,0.08548472870171554
Jonnester/LR-AttnRes-LR-n8-r32,n=8 r=32,lr_attnres,3,2,1007616,0.6581546959838247,0.03832139908110407,0.9495165008839553,1.9326164315386516,0.6102902225362576,1.0,1.0,0.11029022374773413,0.534081162475958,0.014778634091276777,0.17435643194002234,0.05637000758594614
Jonnester/LR-AttnRes-LR-n8-r32,n=8 r=32,lr_attnres,4,2,1007616,0.5802590284890276,0.0280634848852076,0.8371368128109754,1.7872042559026702,0.7309542022100309,1.0,1.0,0.23095420535986985,0.6082951974093429,0.002048426637818901,0.07225918034832116,0.08041140812683881
Jonnester/LR-AttnRes-LR-n8-r32,n=8 r=32,lr_attnres,5,2,1007616,0.6781492969854092,0.02092532084496253,0.9783626140617743,1.9706521169926092,0.5685503453743167,1.0,1.0,0.06855034425370092,0.5147747993469238,0.013164984262639012,0.16148300348410288,0.05330811916449206
Jonnester/LR-AttnRes-LR-n8-r32,n=8 r=32,lr_attnres,6,2,1007616,0.378856828057669,0.027263450195844096,0.5465748557230321,1.4611589433701058,0.8734503412634377,1.0,1.0,0.3734503393250752,0.7793419937777325,0.0009178937510597174,0.06489903212155165,0.08017025276170514
Jonnester/LR-AttnRes-LR-n8-r32,n=8 r=32,lr_attnres,7,3,1007616,0.6500080072782873,0.03835151991319333,0.5916627819945173,1.916958953306927,0.7936054002947923,1.0,1.0,0.46601381655631025,0.6518798276660888,0.0018248642571377927,0.08905033246217135,0.05857264313109845
Jonnester/LR-AttnRes-LR-n8-r32,n=8 r=32,lr_attnres,8,3,1007616,0.8879368450583481,0.024536962462209818,0.8082349392456737,2.430831579658074,0.5704216593649329,1.0,1.0,0.3255924250536818,0.4565633220401237,0.004804207729311227,0.10328003511607982,0.06036064133734561
Jonnester/LR-AttnRes-LR-n8-r32,n=8 r=32,lr_attnres,9,3,1007616,0.9274382954690514,0.03944690464471325,0.8441907089900195,2.529985780638408,0.5310764162521052,1.0,1.0,0.28737561489508406,0.4331426690749037,0.009025056707810508,0.1467080097637277,0.05085884050786657
Jonnester/LR-AttnRes-LR-n8-r32,n=8 r=32,lr_attnres,10,3,1007616,0.7519969862651049,0.05107074009315298,0.6844971475562429,2.1240053273798005,0.6847207560771849,1.0,1.0,0.42460747462947196,0.5467244895493112,0.005451387230540394,0.1278122171762424,0.04939094710802321
Jonnester/LR-AttnRes-LR-n8-r32,n=8 r=32,lr_attnres,11,3,1007616,0.874568717266486,0.07521499977318104,0.7960667518096242,2.404614343875792,0.628444220961594,1.0,1.0,0.34523400349345634,0.483131226727633,0.011645169017198809,0.17897113312217736,0.04436757885989781
Jonnester/LR-AttnRes-LR-n8-r32,n=8 r=32,lr_attnres,12,3,1007616,0.6838263840210147,0.06044497871216941,0.6224455886740026,1.985076536977194,0.747722994021284,1.0,1.0,0.466021851310885,0.6056913147127725,0.004754469170887843,0.14329284181837895,0.04882362319363488
Jonnester/LR-AttnRes-LR-n8-r32,n=8 r=32,lr_attnres,13,4,1007616,1.0213735597889597,0.056772682522937344,0.7367652669185545,2.7814687306318824,0.6170510208703638,0.931698483664815,1.0,0.4487170976836507,0.4490982541223852,0.005869915684351357,0.13631226430274057,0.03873478360776979
Jonnester/LR-AttnRes-LR-n8-r32,n=8 r=32,lr_attnres,14,4,1007616,1.170447602504637,0.027574428406021406,0.8442994593604793,3.224661520826138,0.457085544743189,0.9544990896209469,1.0,0.3403006460123915,0.34473541766647403,0.004141927957555858,0.11119652931669932,0.04153100389048336
Jonnester/LR-AttnRes-LR-n8-r32,n=8 r=32,lr_attnres,15,4,1007616,1.1531690960007954,0.03359849217946414,0.8318356517853776,3.1700141662504615,0.46302418519810934,0.9517165301291923,1.0,0.3558715635198888,0.3547016784427612,0.004901362017388555,0.12215751606211916,0.03786331242540988
Jonnester/LR-AttnRes-LR-n8-r32,n=8 r=32,lr_attnres,16,4,1007616,1.0119523338186063,0.03847989681538574,0.7299692940905811,2.75301882115806,0.5847512280068746,0.9712229453451265,1.0,0.4577294239183752,0.4328084731005072,0.003752183482281346,0.11800934757814936,0.03534403155610814
Jonnester/LR-AttnRes-LR-n8-r32,n=8 r=32,lr_attnres,17,4,1007616,1.0215775603201331,0.06128787365473533,0.7369124336940486,2.782826514748054,0.6196501918924533,0.9530387176730768,1.0,0.44993119801932235,0.4479333598439286,0.005911687289559042,0.14766180526022898,0.03271216918843064
Jonnester/LR-AttnRes-LR-n8-r32,n=8 r=32,lr_attnres,18,4,1007616,0.8674186366360362,0.055976374399759915,0.6257102736612645,2.3845142542831295,0.6923952277113752,0.979152437632646,1.0,0.5306780561199033,0.5286252009190195,0.003902246661390829,0.14111942288088158,0.032784111676661946
Jonnester/LR-AttnRes-LR-n8-r32,n=8 r=32,lr_attnres,19,5,1007616,1.1503439831539868,0.06745434433316663,0.7147488695819203,3.1665092522535865,0.6060523298697743,0.894672207231444,1.0,0.5006137206787016,0.42005895477969474,0.0065475950500410995,0.1576001009554606,0.028149360612155946
Jonnester/LR-AttnRes-LR-n8-r32,n=8 r=32,lr_attnres,20,5,1007616,1.2840209278633925,0.035467939598825535,0.7978070291077218,3.613406113492764,0.46501462682475886,0.8995455513155557,1.0,0.4310598211075232,0.32494218683824305,0.0054754064469326735,0.1367102076148679,0.029185600905883603
Jonnester/LR-AttnRes-LR-n8-r32,n=8 r=32,lr_attnres,21,5,1007616,1.3454128387497692,0.03858018525069248,0.8359519582453782,3.842643249325636,0.4062069448513713,0.8611452477734264,1.0,0.3842258879808876,0.30185802317247157,0.008678682098742563,0.15179978872313363,0.027678742883651238
Jonnester/LR-AttnRes-LR-n8-r32,n=8 r=32,lr_attnres,22,5,1007616,1.2020951538551143,0.03772435290859943,0.7469036869886445,3.329477422605685,0.4870550058236936,0.9249607373059281,1.0,0.47854950103333327,0.3571848706985877,0.004913400591664896,0.13828695254174478,0.026512748947957666
Jonnester/LR-AttnRes-LR-n8-r32,n=8 r=32,lr_attnres,23,5,1007616,1.2068153047949317,0.07048950368986664,0.7498364845911661,3.3511516563291472,0.571731668177659,0.8797681670847947,1.0,0.47059180145341206,0.3889533632654485,0.008720556047091765,0.17033624101268557,0.025575432060210686
Jonnester/LR-AttnRes-LR-n8-r32,n=8 r=32,lr_attnres,24,5,1007616,1.1981207461861092,0.04516086498531632,0.7444342389339353,3.3172913935126327,0.49737136853419667,0.9241825342178345,1.0,0.4816388936062169,0.35919936594924307,0.004810742975956961,0.1407279787954337,0.025698242172962283
Jonnester/LR-AttnRes-LR-n8-r32,n=8 r=32,lr_attnres,25,6,1007616,1.353340413512253,0.04745501428824434,0.7553136164579934,3.8746987590944864,0.5376190470486153,0.8287952886364325,0.9788459277734524,0.4894871042995918,0.34665119526832083,0.006741383282458102,0.15388189693368623,0.023634553985382483
Jonnester/LR-AttnRes-LR-n8-r32,n=8 r=32,lr_attnres,26,6,1007616,1.4922629856481784,0.04198652200141651,0.8328477842051808,4.451075732223386,0.4076168151890359,0.812214633313621,0.9803449501836203,0.417552130251396,0.26700357402243263,0.006691412657393592,0.14864101981124136,0.024044293314622347
Jonnester/LR-AttnRes-LR-n8-r32,n=8 r=32,lr_attnres,27,6,1007616,1.532591623988578,0.03923649605074811,0.8553556223225788,4.633741960292909,0.3544011045762194,0.7880482877173075,0.9713003679019648,0.38461385243307283,0.2526103701533341,0.00829687447408145,0.15335054560470066,0.02367050879127611
Jonnester/LR-AttnRes-LR-n8-r32,n=8 r=32,lr_attnres,28,6,1007616,1.4406155958408262,0.037744173412143395,0.8040228301916665,4.226340600145542,0.4010110327867958,0.8466827147375278,0.9849382164032479,0.44954991219489554,0.28148475119738076,0.006259856948245268,0.1452392205160759,0.022680726639300503
Jonnester/LR-AttnRes-LR-n8-r32,n=8 r=32,lr_attnres,29,6,1007616,1.4193162259047594,0.07625278982803937,0.7921354164922141,4.146440172583107,0.4872861519092467,0.812841361615716,0.9697321299614945,0.456726819519105,0.31357829091025563,0.012496483658854585,0.19419294319937494,0.022970681813189654
Jonnester/LR-AttnRes-LR-n8-r32,n=8 r=32,lr_attnres,30,6,1007616,1.6453732407189967,0.01956590818659619,0.9183002361437169,5.1839357352838284,0.2824436879254938,0.692320228592167,0.9739973457848153,0.26854287051573034,0.20721740027268729,0.008988120672534405,0.1489362619458457,0.022946880701273115
Jonnester/LR-AttnRes-LR-n8-r32,n=8 r=32,lr_attnres,31,7,1007616,1.5335943369361442,0.08865874336390854,0.7881116324323949,4.653312586187347,0.4871773862741827,0.7608264956047864,0.9119587511551089,0.4665630484014992,0.2983262425031119,0.014359201206661565,0.20989641428431624,0.0207268058319125
Jonnester/LR-AttnRes-LR-n8-r32,n=8 r=32,lr_attnres,32,7,1007616,1.7386534485390517,0.026851008888271827,0.893491171724428,5.69172335058693,0.30351181800772503,0.6627547144889832,0.9179157285186333,0.334059916860689,0.1971336391156282,0.008324249094211478,0.13782259647760273,0.020381609979545336
Jonnester/LR-AttnRes-LR-n8-r32,n=8 r=32,lr_attnres,33,7,1007616,1.6430630557905368,0.06638955262224297,0.8443674231932415,5.1825555630815705,0.3385083098721698,0.7595827133674932,0.912932296593984,0.41557255920355884,0.23546339547246453,0.01358659010738772,0.2001986401095687,0.02087095552897481
Jonnester/LR-AttnRes-LR-n8-r32,n=8 r=32,lr_attnres,34,7,1007616,1.7751821638122807,0.020118354816983364,0.9122632242799774,5.902546681039702,0.28271216880984423,0.61764467780183,0.8878549172626278,0.28503450072877773,0.1848184416691462,0.009293614847396992,0.14390762197975798,0.020451998617175563
Jonnester/LR-AttnRes-LR-n8-r32,n=8 r=32,lr_attnres,35,7,1007616,1.4355151343151806,0.0944109071195646,0.7377088932487054,4.221132662238144,0.5152988177004868,0.8150262997402409,0.9320956153598258,0.525806224443079,0.33067310026021507,0.01458292057600774,0.23635830860609716,0.01931717653480833
Jonnester/LR-AttnRes-LR-n8-r32,n=8 r=32,lr_attnres,36,7,1007616,1.8148338058130529,0.022120909939376186,0.9326401391649634,6.141553665564312,0.23423846901916875,0.5960679829605227,0.8784349352363648,0.2457675647929432,0.1730860905434058,0.009941124736733586,0.1549867572492592,0.019685388061366153
Jonnester/LR-AttnRes-LR-n8-r32,n=8 r=32,lr_attnres,37,8,1007616,1.4349294329077247,0.1010828941596303,0.6900552002395072,4.221585413304771,0.5633375101942357,0.800582749087636,0.909347571977755,0.5716042378084446,0.3612910625411243,0.013956144567677686,0.2416291739291267,0.016883944994126394
Jonnester/LR-AttnRes-LR-n8-r32,n=8 r=32,lr_attnres,38,8,1007616,1.8753894334886132,0.017098851866403357,0.9018716831517414,6.524310468658199,0.24239236310245546,0.5857018716936189,0.8558391802679233,0.3211309328311827,0.1675761539519318,0.007468674969146827,0.13476218247175548,0.01779473363989737
Jonnester/LR-AttnRes-LR-n8-r32,n=8 r=32,lr_attnres,39,8,1007616,1.5954117949415998,0.0888300013223556,0.7672309041992436,4.950443314342964,0.4631467868642109,0.7799487017034515,0.9034554977727131,0.5177559978593655,0.2805401086807251,0.014278495609904018,0.2373493030984265,0.017221533170923953
Jonnester/LR-AttnRes-LR-n8-r32,n=8 r=32,lr_attnres,40,8,1007616,1.842995703704958,0.03247342393910612,0.8862935905534077,6.318741348700795,0.27583016879190275,0.6363211976803416,0.8527960176390361,0.3630306437248137,0.18208416448376044,0.011153459608050031,0.16679263277466985,0.018237056240924004
Jonnester/LR-AttnRes-LR-n8-r32,n=8 r=32,lr_attnres,41,8,1007616,1.560488385882804,0.08033179646205638,0.7504362914620376,4.777051607767741,0.37470778798669335,0.8151754010014418,0.9195836995675312,0.5320447697872068,0.27282674113909405,0.012006744190392382,0.23251409112406446,0.01659230144346148
Jonnester/LR-AttnRes-LR-n8-r32,n=8 r=32,lr_attnres,42,8,1007616,1.8941340882603714,0.02588255663512192,0.9108859571984144,6.649002269031556,0.2514795187285276,0.5946278504239835,0.826718605630766,0.3138632018391679,0.16685331303898882,0.012608041092167399,0.17021466932590779,0.017807312173450867
Jonnester/LR-AttnRes-LR-n8-r32,n=8 r=32,lr_attnres,43,9,1007616,1.5992542573106967,0.06907560817595879,0.727851974285715,4.961549367361922,0.3875932969698092,0.80630637039014,0.9037437041600546,0.5677989464465195,0.27250651348897115,0.009640463436619395,0.21069165739445028,0.0149381284306689
Jonnester/LR-AttnRes-LR-n8-r32,n=8 r=32,lr_attnres,44,9,1007616,2.019615485416195,0.03190529876410387,0.9191666075853797,7.539217034006507,0.22148049762093924,0.5400273344381069,0.7640506174506211,0.30659273145644644,0.14615615645075233,0.015444188867827613,0.18234270922203294,0.016486002958456245
Jonnester/LR-AttnRes-LR-n8-r32,n=8 r=32,lr_attnres,45,9,1007616,1.7343572436309442,0.06945025809248799,0.789339993542772,5.679371853184894,0.33497340456257024,0.7542634761430383,0.890586185261486,0.5142985020226579,0.227149162471779,0.011043017082360773,0.214621241371165,0.01590287129461173
Jonnester/LR-AttnRes-LR-n8-r32,n=8 r=32,lr_attnres,46,9,1007616,1.9655071748950617,0.04377868826633215,0.8945408594317552,7.145299628498108,0.2634883515718507,0.5919601946342282,0.7860516396964469,0.3577477444962757,0.16355732071205853,0.01573366086667627,0.18848848009570818,0.016370382735399695
Jonnester/LR-AttnRes-LR-n8-r32,n=8 r=32,lr_attnres,47,9,1007616,1.7970212019555938,0.05162611051460521,0.8178595837538805,6.039887924504474,0.28668950849432284,0.7473054697843102,0.880264643731156,0.4767184739674979,0.20355215196202442,0.0068024102264854225,0.16803941953374082,0.015542402890424203
Jonnester/LR-AttnRes-LR-n8-r32,n=8 r=32,lr_attnres,48,9,1007616,1.6376916625635412,0.04820982050915418,0.7453455944371418,5.149399912454249,0.338014147630552,0.8255244159116978,0.9170259770339098,0.554661748370504,0.2457710373692396,0.006149550767900802,0.17442020470291908,0.0163056600196144
Jonnester/LR-AttnRes-n16-r32,n=16 r=32,lr_attnres,1,2,1007616,0.3267235188949399,0.043920321739416436,0.47136239331912216,1.387752437010044,0.8982328137731165,1.0,1.0,0.39823281328852583,0.8179837945030957,0.0022251033947811028,0.10974117500242299,0.038085320858451406
Jonnester/LR-AttnRes-n16-r32,n=16 r=32,lr_attnres,2,2,1007616,0.6902003579023408,0.0029135477251078555,0.9957486158464013,1.9941234743692042,0.5331310188867212,1.0,1.0,0.033131014797987975,0.5029410986396355,0.001348158410079181,0.051998300917261334,0.09028134634339713
Jonnester/LR-AttnRes-n16-r32,n=16 r=32,lr_attnres,3,2,1007616,0.6395679067790023,0.044623591863643515,0.9227014397217975,1.8975145671425797,0.647093997253635,1.0,1.0,0.1470939996765881,0.5519299516832925,0.009768816456574125,0.144896080946348,0.07292783339091433
Jonnester/LR-AttnRes-n16-r32,n=16 r=32,lr_attnres,4,3,1007616,0.9698799325198662,0.03249909231754586,0.8828227495759483,2.6390134978100535,0.565767495612788,1.0,1.0,0.2637680432176202,0.42248688577636473,0.005341749334162982,0.09550854452665129,0.09442422633894737
Jonnester/LR-AttnRes-n16-r32,n=16 r=32,lr_attnres,5,3,1007616,1.089366571690009,0.010878574565649135,0.9915841793626304,2.9725647883686594,0.38107986518037995,1.0,1.0,0.06137074654301008,0.3395471916935308,0.009135334172057474,0.1306401906168205,0.06768489336256735
Jonnester/LR-AttnRes-n16-r32,n=16 r=32,lr_attnres,6,3,1007616,0.9052826001392147,0.03759344784596318,0.8240237289327916,2.4743773743389097,0.6131268899615218,1.0,1.0,0.3277378649246402,0.4629635209959697,0.002816137750872638,0.08831197507276323,0.06903086501731459
Jonnester/LR-AttnRes-n16-r32,n=16 r=32,lr_attnres,7,4,1007616,1.1639677441217067,0.05466369561801305,0.839625237433891,3.207386425840176,0.5471611507539826,0.897454155654442,1.0,0.34675325731921003,0.3758186462933455,0.0060547797559875605,0.12587742565598592,0.053777979247696034
Jonnester/LR-AttnRes-n16-r32,n=16 r=32,lr_attnres,8,4,1007616,1.2765433129256334,0.026260537717676568,0.9208313318772045,3.5854641674010734,0.38986733095432685,0.9044348098398224,1.0,0.24536756710792945,0.3006669617280727,0.0051111499424914,0.10488146938772169,0.05440601022020588
Jonnester/LR-AttnRes-n16-r32,n=16 r=32,lr_attnres,9,4,1007616,1.192257025377537,0.05064159368549883,0.8600316372344164,3.298722918440656,0.48111569178782826,0.8986346464816147,1.0,0.3286732362537849,0.3490758751466022,0.008666804491547886,0.14151215152894933,0.05598767952826934
Jonnester/LR-AttnRes-n16-r32,n=16 r=32,lr_attnres,10,5,1007616,1.4853664946749927,0.024074673270367324,0.9229100574322833,4.4178602404710725,0.3739909905243695,0.773850814113772,1.0,0.26761779552552756,0.2533690553855121,0.00548539532214698,0.10425512993653971,0.04266368412389988
Jonnester/LR-AttnRes-n16-r32,n=16 r=32,lr_attnres,11,5,1007616,1.4610464979962605,0.03471412139021845,0.9077991940141693,4.313073394744377,0.3687302879686278,0.8227849709309214,1.0,0.2941981537070701,0.25847324026309376,0.00686186608180428,0.12675882337496863,0.03916477207245866
Jonnester/LR-AttnRes-n16-r32,n=16 r=32,lr_attnres,12,5,1007616,1.3251032179933253,0.036934178342042524,0.8233328859011332,3.7651400663019197,0.49402070941963816,0.8444237156612117,1.0,0.4047302870246453,0.32612944351948375,0.0033720914056005746,0.09457220627284742,0.03661319470502497
Jonnester/LR-AttnRes-n16-r32,n=16 r=32,lr_attnres,13,6,1007616,1.3666681148172395,0.06705508482935867,0.7627519509656643,3.9311128980745145,0.5473930651579446,0.8185755906066274,0.9547138563016566,0.4740045489819069,0.3514034091457119,0.007021003581060059,0.14221640932118937,0.028737467478930464
Jonnester/LR-AttnRes-n16-r32,n=16 r=32,lr_attnres,14,6,1007616,1.5924182006014072,0.02677823318814991,0.8887454678372639,4.9173902961296765,0.3237469019444008,0.7734814727209448,0.9573578611622012,0.34394917933921504,0.2318699861445078,0.0032145059461028413,0.09186347801691104,0.03153863708743558
Jonnester/LR-AttnRes-n16-r32,n=16 r=32,lr_attnres,15,6,1007616,1.5424256722132366,0.037096255584720815,0.8608441086319404,4.6791615020938035,0.34891509258650183,0.7893825793653969,0.9601700955290136,0.3800764573298819,0.2512356102224288,0.006548858326489437,0.12785263530103738,0.030631505275967967
Jonnester/LR-AttnRes-n16-r32,n=16 r=32,lr_attnres,16,7,1007616,1.770092836240443,0.024897674185448727,0.9096478170495692,5.873220536766983,0.30478366385630473,0.6768978751771818,0.8884587888795186,0.32731499662244223,0.1944569322636457,0.0045601323022337326,0.10204005312494643,0.027157818294983708
Jonnester/LR-AttnRes-n16-r32,n=16 r=32,lr_attnres,17,7,1007616,1.804995131686451,0.026204295115625796,0.9275840627468699,6.0820398989731705,0.25538322390095003,0.6644920285155134,0.8799561107061743,0.2895881291327438,0.18176174151703595,0.005924839185009967,0.11778603343016515,0.026880192787805086
Jonnester/LR-AttnRes-n16-r32,n=16 r=32,lr_attnres,18,7,1007616,1.681745817990807,0.029285571593764794,0.8642464309203916,5.3772565717619605,0.3627295217862943,0.7413228411015457,0.9074033086862021,0.3996765363991745,0.22497201365668598,0.0034302330557971494,0.09681613458709434,0.02600590133570074
Jonnester/LR-AttnRes-n16-r32,n=16 r=32,lr_attnres,19,8,1007616,1.805513400372451,0.051840067079081696,0.8682684190874177,6.091302805799779,0.3693915181528262,0.6767713999360557,0.8468116899816002,0.39498818138750585,0.2088814110048418,0.006987515301929648,0.13446575619492485,0.023541564742724102
Jonnester/LR-AttnRes-n16-r32,n=16 r=32,lr_attnres,20,8,1007616,1.897053186486407,0.024905235259132227,0.912289743985587,6.668304369701603,0.25362764226227275,0.6292962935881886,0.8503517721726642,0.33303500481737336,0.1701328957953104,0.00491019040357199,0.10693283058975207,0.023967520401972097
Jonnester/LR-AttnRes-n16-r32,n=16 r=32,lr_attnres,21,8,1007616,1.903673444336992,0.035754291444779214,0.9154734185071496,6.71480586276791,0.2951516123806558,0.6141437088570944,0.8205617399719672,0.32210675923804927,0.17435150005953098,0.007569227619023788,0.13089847310862934,0.0268661224896588
Jonnester/LR-AttnRes-n16-r32,n=16 r=32,lr_attnres,22,9,1007616,2.0957606711038728,0.020310350048893925,0.953821772482337,8.13329961047909,0.19248986413808372,0.5075519780317942,0.7380697746586994,0.24908366423796832,0.1332809604038068,0.005401248626869748,0.1088769158604255,0.023215020198270667
Jonnester/LR-AttnRes-n16-r32,n=16 r=32,lr_attnres,23,9,1007616,2.0198407638363722,0.039003384043687354,0.9192691372662056,7.542871141821388,0.26418861964853796,0.5787708172953225,0.7758344087174268,0.32574466936956575,0.15472221362396954,0.008168887856162321,0.13455962907502148,0.021446915607573003
Jonnester/LR-AttnRes-n16-r32,n=16 r=32,lr_attnres,24,9,1007616,1.974602474429743,0.03446461215410994,0.8986803084854188,7.208043327176474,0.2916771323700261,0.5918193696960201,0.8113283636124153,0.3641673299839826,0.1658547808968924,0.00559886873324178,0.11483742419952872,0.020504407510632528
Jonnester/LR-AttnRes-n16-r32,n=16 r=32,lr_attnres,25,10,1007616,1.991778002521856,0.0591459158547569,0.8650181511553322,7.34141277685398,0.3599574369628255,0.6063905649068879,0.7652538263700842,0.40347862243652344,0.18626456786461962,0.00757955040905145,0.1366224592567278,0.018393818113377425
Jonnester/LR-AttnRes-n16-r32,n=16 r=32,lr_attnres,26,10,1007616,2.103252416703759,0.032634515135065115,0.9134308753944025,8.197155913686364,0.23556346379644502,0.5443924728447829,0.7499829380492854,0.346628269528955,0.14246949735211162,0.006016178262134186,0.11809429632540962,0.019395419846220716
Jonnester/LR-AttnRes-n16-r32,n=16 r=32,lr_attnres,27,10,1007616,2.0597058486163133,0.0596225449516498,0.8945188439958464,7.857707810595753,0.2676450920298817,0.5839733510482602,0.7590552825268692,0.37319898363051374,0.1571018248796463,0.011439217840349514,0.15778122756965512,0.019078464297259727
Jonnester/LR-AttnRes-n16-r32,n=16 r=32,lr_attnres,28,11,1007616,2.2246273009757687,0.02957389419807234,0.9277416365902599,9.254088967796264,0.23766751090685526,0.48434392393119935,0.6814970844160251,0.3179245302832224,0.1264147731225665,0.006959542617735792,0.12450887303325171,0.018094563618555656
Jonnester/LR-AttnRes-n16-r32,n=16 r=32,lr_attnres,29,11,1007616,2.2261019857918343,0.045636393876968766,0.9283566329537368,9.273353351810114,0.20848660667737326,0.5198939810923444,0.6885048272163887,0.3189535455975106,0.12550251476648377,0.013469839240109582,0.16118846787066426,0.01776545667154914
Jonnester/LR-AttnRes-n16-r32,n=16 r=32,lr_attnres,30,11,1007616,2.2730505040021445,0.023273540703348587,0.9479356815175313,9.711599753154971,0.1852046284006863,0.44859981464176646,0.6442920744903688,0.26794956854688445,0.1135484422973501,0.006588097132020021,0.11394786712602058,0.01787996414363252
Jonnester/LR-AttnRes-n16-r32,n=16 r=32,lr_attnres,31,12,1007616,2.251711641869894,0.06379358210476622,0.9061554408654934,9.523243245070542,0.24706129366304816,0.5246426419513982,0.686100396198955,0.3641137672149069,0.1314166963585024,0.018497950773920024,0.18358198176044918,0.0168753375771246
Jonnester/LR-AttnRes-n16-r32,n=16 r=32,lr_attnres,32,12,1007616,2.3744881850917166,0.014252773801745725,0.9555643593392721,10.746603547072992,0.15095225194605386,0.3948192489825613,0.5873797288755092,0.24762613744270512,0.1000148589170076,0.007353017771301484,0.11848261333833936,0.016677595119731537
Jonnester/LR-AttnRes-n16-r32,n=16 r=32,lr_attnres,33,12,1007616,2.165604707671375,0.062268656392563446,0.871503465059327,8.737114960585183,0.29991397164701444,0.5660358056789492,0.7195880151376491,0.4198180202061568,0.15362777894105367,0.012704385766215687,0.1693585448611045,0.016335550534127528
Jonnester/LR-AttnRes-n16-r32,n=16 r=32,lr_attnres,34,13,1007616,2.458712922848337,0.01752877355388415,0.9585815319200841,11.691551743484125,0.15043053685165034,0.3733703096707662,0.5537375672076775,0.24322260346839097,0.09234672639428115,0.008612653138114101,0.13119426852845154,0.01538538566561622
Jonnester/LR-AttnRes-n16-r32,n=16 r=32,lr_attnres,35,13,1007616,2.203058029577984,0.07142699567758455,0.8589090263940454,9.076252363561615,0.2705105419565992,0.5801208043486122,0.7310528183371071,0.45376046450157476,0.14743989245678352,0.017175638724714393,0.1962178665132886,0.01501322522284166
Jonnester/LR-AttnRes-n16-r32,n=16 r=32,lr_attnres,36,13,1007616,2.471498706476475,0.016966202182029887,0.9635663347515634,11.841882217221144,0.1417034708145188,0.36861047439458894,0.5430594416168647,0.23062430661383684,0.09069949933668463,0.009894427574903109,0.13289360327394167,0.01494943889660564
Jonnester/LR-AttnRes-n16-r32,n=16 r=32,lr_attnres,37,14,1007616,2.2074657087403584,0.07021067199193179,0.8364599225966911,9.115718135988809,0.2703570083874028,0.5957089730394565,0.7299302331800384,0.4863232456571688,0.1534860239523213,0.01627625554355916,0.2005227419931766,0.013913419188522711
Jonnester/LR-AttnRes-n16-r32,n=16 r=32,lr_attnres,38,14,1007616,2.485796174382776,0.023547197039335416,0.9419257844366679,12.014006366574668,0.15430279378968526,0.3928253325989576,0.5678258601242934,0.30274505634618,0.09299667391592895,0.010893885121646907,0.14973405619765945,0.014408000618323216
Jonnester/LR-AttnRes-n16-r32,n=16 r=32,lr_attnres,39,14,1007616,2.2152588444996657,0.07239327997840399,0.8394129227816574,9.18851289516542,0.23384692901518286,0.6094317242382018,0.7446297562219263,0.486794699982899,0.14537496077335946,0.01644861441745782,0.20279149500857443,0.013411759482166632
Jonnester/LR-AttnRes-n16-r32,n=16 r=32,lr_attnres,40,15,1007616,2.5476621360313603,0.03305002582210504,0.9407735956393606,12.784125614941605,0.15053844536707653,0.37599946328294953,0.5516089704947743,0.310422467506998,0.08823170652234458,0.013440292569441237,0.16520409502976868,0.013614258945472841
Jonnester/LR-AttnRes-n16-r32,n=16 r=32,lr_attnres,41,15,1007616,2.2921930289850003,0.0654320016695521,0.8464366798478413,9.918424637337042,0.21537096095763572,0.5485243850607213,0.7351044290434054,0.4906025252691129,0.13093830693543443,0.01479601893157989,0.20014843169044205,0.012723636732191897
Jonnester/LR-AttnRes-n16-r32,n=16 r=32,lr_attnres,42,15,1007616,2.526324923445539,0.04557394238856769,0.9328944169408907,12.520364133323111,0.1597586384391397,0.39707249475688466,0.5704892461862021,0.32820295463732585,0.09179109995200382,0.017074113314465844,0.1826751298301695,0.013435308308136173
Jonnester/LR-AttnRes-n16-r32,n=16 r=32,lr_attnres,43,16,1007616,2.278081688454481,0.05995919350474119,0.8216442746844718,9.775999030446618,0.21785508689841604,0.5722120719227365,0.7513754358136557,0.5242051501584247,0.1375059896126026,0.012453546331822718,0.1924083749395913,0.011979599839182405
Jonnester/LR-AttnRes-n16-r32,n=16 r=32,lr_attnres,44,16,1007616,2.5903664623818745,0.048201732213161375,0.9342771952714377,13.349993837558157,0.14745943599600134,0.37732259820147257,0.5474997245199312,0.32966630051775675,0.08586227936231024,0.01931920801479592,0.19132989859549168,0.012695692381177976
Jonnester/LR-AttnRes-n16-r32,n=16 r=32,lr_attnres,45,16,1007616,2.389761756106121,0.056603531484054684,0.8619243497770976,10.928877628915679,0.1756850224200303,0.4772802617976336,0.714418005652544,0.4704138430638042,0.1147545662110414,0.01206098416896939,0.18525199568447304,0.011816811899283552
Jonnester/LR-AttnRes-n16-r32,n=16 r=32,lr_attnres,46,17,1007616,2.6641383500603157,0.03871954928588287,0.9403239202693225,14.366259342286645,0.13836230482996964,0.3514094982689958,0.5167968496074521,0.31833445274732947,0.07922997289314503,0.015104010679172664,0.1739276703403216,0.012098847180676197
Jonnester/LR-AttnRes-n16-r32,n=16 r=32,lr_attnres,47,17,1007616,2.5530748832516554,0.033247950159447974,0.9011233952956471,12.853771535361686,0.15985916894141253,0.42289060039248894,0.6336491955974237,0.4070941721036182,0.09563488295165504,0.006325316133109382,0.1290087981457698,0.01168954770767991
Jonnester/LR-AttnRes-n16-r32,n=16 r=32,lr_attnres,48,17,1007616,2.4065996844594073,0.03472403944169199,0.849424078212521,11.102993461174693,0.18503920176649483,0.485955253364594,0.7044730452987237,0.49789119178686686,0.114896319382559,0.007494238654312202,0.14315198653276665,0.012681133678117932
