repo_id,label,group,residual_idx,category,count,mass_mean,mass_std
Jonnester/LR-AttnRes-Full,Full,standard_attnres,1,embedding,1007616,0.9649869586394085,0.014750580412174379
Jonnester/LR-AttnRes-Full,Full,standard_attnres,1,previous,1007616,0.035013042360059615,0.01475073456865931
Jonnester/LR-AttnRes-Full,Full,standard_attnres,2,embedding,1007616,0.2691314151374305,0.1690104801766241
Jonnester/LR-AttnRes-Full,Full,standard_attnres,2,previous,1007616,0.7308685915256904,0.16901046121871238
Jonnester/LR-AttnRes-Full,Full,standard_attnres,3,embedding,1007616,0.7706366995485817,0.06216901368968499
Jonnester/LR-AttnRes-Full,Full,standard_attnres,3,previous,1007616,0.22936330008797529,0.06216901405621173
Jonnester/LR-AttnRes-Full,Full,standard_attnres,4,embedding,1007616,0.15266492187492248,0.0421592988014563
Jonnester/LR-AttnRes-Full,Full,standard_attnres,4,previous,1007616,0.8473350764290104,0.04215937240122652
Jonnester/LR-AttnRes-Full,Full,standard_attnres,5,embedding,1007616,0.18065846511503544,0.06254096688441038
Jonnester/LR-AttnRes-Full,Full,standard_attnres,5,previous,1007616,0.819341534036931,0.06254096322406186
Jonnester/LR-AttnRes-Full,Full,standard_attnres,6,embedding,1007616,0.10443995995977061,0.028671729222370834
Jonnester/LR-AttnRes-Full,Full,standard_attnres,6,previous,1007616,0.8955600460370382,0.028671568188192748
Jonnester/LR-AttnRes-Full,Full,standard_attnres,7,embedding,1007616,0.17455069817663207,0.06019821946273092
Jonnester/LR-AttnRes-Full,Full,standard_attnres,7,previous,1007616,0.8254493004907437,0.060198237735922186
Jonnester/LR-AttnRes-Full,Full,standard_attnres,8,embedding,1007616,0.08827261657007342,0.032192944190916825
Jonnester/LR-AttnRes-Full,Full,standard_attnres,8,previous,1007616,0.9117273814309903,0.03219301150368802
Jonnester/LR-AttnRes-Full,Full,standard_attnres,9,embedding,1007616,0.12564277212794234,0.04307735113604546
Jonnester/LR-AttnRes-Full,Full,standard_attnres,9,previous,1007616,0.874357231264192,0.04307721452486661
Jonnester/LR-AttnRes-Full,Full,standard_attnres,10,embedding,1007616,0.08002299082473041,0.02489831044724693
Jonnester/LR-AttnRes-Full,Full,standard_attnres,10,previous,1007616,0.9199770049351018,0.024898471603840403
Jonnester/LR-AttnRes-Full,Full,standard_attnres,11,embedding,1007616,0.1223639751352915,0.0343541341387168
Jonnester/LR-AttnRes-Full,Full,standard_attnres,11,previous,1007616,0.8776360221994601,0.03435418195007591
Jonnester/LR-AttnRes-Full,Full,standard_attnres,12,embedding,1007616,0.08288492256306051,0.024424091363851392
Jonnester/LR-AttnRes-Full,Full,standard_attnres,12,previous,1007616,0.9171150791935805,0.0244240169547654
Jonnester/LR-AttnRes-Full,Full,standard_attnres,13,embedding,1007616,0.0987989259808044,0.036303276273006634
Jonnester/LR-AttnRes-Full,Full,standard_attnres,13,previous,1007616,0.9012010737163264,0.036303191082601646
Jonnester/LR-AttnRes-Full,Full,standard_attnres,14,embedding,1007616,0.06703631958462358,0.019549919275083948
Jonnester/LR-AttnRes-Full,Full,standard_attnres,14,previous,1007616,0.9329636775381197,0.01955002085498849
Jonnester/LR-AttnRes-Full,Full,standard_attnres,15,embedding,1007616,0.09557411813639044,0.031258335609156335
Jonnester/LR-AttnRes-Full,Full,standard_attnres,15,previous,1007616,0.9044258831962337,0.031258295234372103
Jonnester/LR-AttnRes-Full,Full,standard_attnres,16,embedding,1007616,0.05387105017415876,0.0182841913778821
Jonnester/LR-AttnRes-Full,Full,standard_attnres,16,previous,1007616,0.9461289469788714,0.018284266744080433
Jonnester/LR-AttnRes-Full,Full,standard_attnres,17,embedding,1007616,0.06621170174179038,0.01662904777351721
Jonnester/LR-AttnRes-Full,Full,standard_attnres,17,previous,1007616,0.933788300529728,0.016628812701768993
Jonnester/LR-AttnRes-Full,Full,standard_attnres,18,embedding,1007616,0.05106823973175956,0.014422906209944157
Jonnester/LR-AttnRes-Full,Full,standard_attnres,18,previous,1007616,0.9489317594504938,0.014422945575272707
Jonnester/LR-AttnRes-Full,Full,standard_attnres,19,embedding,1007616,0.065718327111345,0.024573630524960793
Jonnester/LR-AttnRes-Full,Full,standard_attnres,19,previous,1007616,0.9342816724040643,0.02457363562257604
Jonnester/LR-AttnRes-Full,Full,standard_attnres,20,embedding,1007616,0.042341214369952196,0.015236200216758332
Jonnester/LR-AttnRes-Full,Full,standard_attnres,20,previous,1007616,0.9576587832070947,0.015236488237986677
Jonnester/LR-AttnRes-Full,Full,standard_attnres,21,embedding,1007616,0.034408424110189684,0.009789802034133498
Jonnester/LR-AttnRes-Full,Full,standard_attnres,21,previous,1007616,0.9655915770104261,0.009789394257746028
Jonnester/LR-AttnRes-Full,Full,standard_attnres,22,embedding,1007616,0.018177997018021298,0.007504356176855893
Jonnester/LR-AttnRes-Full,Full,standard_attnres,22,previous,1007616,0.9818220007710341,0.007504333132551336
Jonnester/LR-AttnRes-Full,Full,standard_attnres,23,embedding,1007616,0.032780642492499776,0.011963880986510333
Jonnester/LR-AttnRes-Full,Full,standard_attnres,23,previous,1007616,0.9672193556297116,0.011964017289841995
Jonnester/LR-AttnRes-Full,Full,standard_attnres,24,embedding,1007616,0.03959395421472022,0.0156835060563228
Jonnester/LR-AttnRes-Full,Full,standard_attnres,24,previous,1007616,0.9604060426960147,0.01568365117809244
Jonnester/LR-AttnRes-Full,Full,standard_attnres,25,embedding,1007616,0.03697148128980544,0.011817166993016916
Jonnester/LR-AttnRes-Full,Full,standard_attnres,25,previous,1007616,0.9630285201033926,0.011817156054143995
Jonnester/LR-AttnRes-Full,Full,standard_attnres,26,embedding,1007616,0.03743125755733591,0.016056071713313937
Jonnester/LR-AttnRes-Full,Full,standard_attnres,26,previous,1007616,0.9625687410191792,0.016056011893428975
Jonnester/LR-AttnRes-Full,Full,standard_attnres,27,embedding,1007616,0.03883727624770102,0.013075302513743139
Jonnester/LR-AttnRes-Full,Full,standard_attnres,27,previous,1007616,0.961162722692257,0.013075533494903742
Jonnester/LR-AttnRes-Full,Full,standard_attnres,28,embedding,1007616,0.03449358500358535,0.011396317245139245
Jonnester/LR-AttnRes-Full,Full,standard_attnres,28,previous,1007616,0.9655064165107603,0.011396437392324883
Jonnester/LR-AttnRes-Full,Full,standard_attnres,29,embedding,1007616,0.030993262002986622,0.012127780875052566
Jonnester/LR-AttnRes-Full,Full,standard_attnres,29,previous,1007616,0.9690067404653968,0.012127456733059512
Jonnester/LR-AttnRes-Full,Full,standard_attnres,30,embedding,1007616,0.0333280048931275,0.012144828782754483
Jonnester/LR-AttnRes-Full,Full,standard_attnres,30,previous,1007616,0.9666719930927928,0.012145035344798837
Jonnester/LR-AttnRes-Full,Full,standard_attnres,31,embedding,1007616,0.05440192581798003,0.021301067920860086
Jonnester/LR-AttnRes-Full,Full,standard_attnres,31,previous,1007616,0.9455980779678841,0.021300748251488432
Jonnester/LR-AttnRes-Full,Full,standard_attnres,32,embedding,1007616,0.028889575064545724,0.01059781736574888
Jonnester/LR-AttnRes-Full,Full,standard_attnres,32,previous,1007616,0.9711104224367839,0.010598074589303062
Jonnester/LR-AttnRes-Full,Full,standard_attnres,33,embedding,1007616,0.026520736515522003,0.00943502247613092
Jonnester/LR-AttnRes-Full,Full,standard_attnres,33,previous,1007616,0.9734792631816088,0.009435227642709577
Jonnester/LR-AttnRes-Full,Full,standard_attnres,34,embedding,1007616,0.025931879363166606,0.010571862879165976
Jonnester/LR-AttnRes-Full,Full,standard_attnres,34,previous,1007616,0.9740681187893317,0.010572816040741959
Jonnester/LR-AttnRes-Full,Full,standard_attnres,35,embedding,1007616,0.03553702794318277,0.013504382517289887
Jonnester/LR-AttnRes-Full,Full,standard_attnres,35,previous,1007616,0.9644629688766914,0.013504540882022341
Jonnester/LR-AttnRes-Full,Full,standard_attnres,36,embedding,1007616,0.027657197970079213,0.009177996009209365
Jonnester/LR-AttnRes-Full,Full,standard_attnres,36,previous,1007616,0.9723427998341196,0.009178314354378481
Jonnester/LR-AttnRes-Full,Full,standard_attnres,37,embedding,1007616,0.05229139321945547,0.026547385008796207
Jonnester/LR-AttnRes-Full,Full,standard_attnres,37,previous,1007616,0.9477086042970176,0.02654726414083309
Jonnester/LR-AttnRes-Full,Full,standard_attnres,38,embedding,1007616,0.024865889376619967,0.008537446378290427
Jonnester/LR-AttnRes-Full,Full,standard_attnres,38,previous,1007616,0.9751341086093003,0.008537566587472007
Jonnester/LR-AttnRes-Full,Full,standard_attnres,39,embedding,1007616,0.0231936406798479,0.010560856124343435
Jonnester/LR-AttnRes-Full,Full,standard_attnres,39,previous,1007616,0.9768063668313065,0.01056044964990482
Jonnester/LR-AttnRes-Full,Full,standard_attnres,40,embedding,1007616,0.031369564979057005,0.009412375595760828
Jonnester/LR-AttnRes-Full,Full,standard_attnres,40,previous,1007616,0.9686304364747148,0.009411986783261713
Jonnester/LR-AttnRes-Full,Full,standard_attnres,41,embedding,1007616,0.01815754051009814,0.00977159324436334
Jonnester/LR-AttnRes-Full,Full,standard_attnres,41,previous,1007616,0.9818424640632257,0.009771178774986957
Jonnester/LR-AttnRes-Full,Full,standard_attnres,42,embedding,1007616,0.028683120778542223,0.01222260591324511
Jonnester/LR-AttnRes-Full,Full,standard_attnres,42,previous,1007616,0.9713168764502053,0.012222558155904636
Jonnester/LR-AttnRes-Full,Full,standard_attnres,43,embedding,1007616,0.03459005440941187,0.014795154031459123
Jonnester/LR-AttnRes-Full,Full,standard_attnres,43,previous,1007616,0.9654099432433524,0.014795052170587094
Jonnester/LR-AttnRes-Full,Full,standard_attnres,44,embedding,1007616,0.024255340994615866,0.011217041370679727
Jonnester/LR-AttnRes-Full,Full,standard_attnres,44,previous,1007616,0.9757446535234529,0.011216900713590812
Jonnester/LR-AttnRes-Full,Full,standard_attnres,45,embedding,1007616,0.020027266595724638,0.010830217232093414
Jonnester/LR-AttnRes-Full,Full,standard_attnres,45,previous,1007616,0.9799727395298036,0.010829869452350272
Jonnester/LR-AttnRes-Full,Full,standard_attnres,46,embedding,1007616,0.026701217880699693,0.009722476229107664
Jonnester/LR-AttnRes-Full,Full,standard_attnres,46,previous,1007616,0.9732987841939539,0.00972248129404068
Jonnester/LR-AttnRes-Full,Full,standard_attnres,47,embedding,1007616,0.021346608600844214,0.010544746460775347
Jonnester/LR-AttnRes-Full,Full,standard_attnres,47,previous,1007616,0.9786533907177003,0.01054483085504743
Jonnester/LR-AttnRes-Full,Full,standard_attnres,48,embedding,1007616,0.024842374193353382,0.013169389047683623
Jonnester/LR-AttnRes-Full,Full,standard_attnres,48,previous,1007616,0.9751576282144562,0.013169513897215344
Jonnester/LR-AttnRes-n4,n=4,standard_attnres,1,embedding,1007616,0.9239273318430272,0.03074194200851631
Jonnester/LR-AttnRes-n4,n=4,standard_attnres,1,partial,1007616,0.0760726696713184,0.03074207317151253
Jonnester/LR-AttnRes-n4,n=4,standard_attnres,2,embedding,1007616,0.7745514759203282,0.09074666064742982
Jonnester/LR-AttnRes-n4,n=4,standard_attnres,2,partial,1007616,0.22544852553344355,0.09074665736947102
Jonnester/LR-AttnRes-n4,n=4,standard_attnres,3,embedding,1007616,0.8565043530813078,0.1131113746199861
Jonnester/LR-AttnRes-n4,n=4,standard_attnres,3,partial,1007616,0.1434956447380345,0.11311136921968089
Jonnester/LR-AttnRes-n4,n=4,standard_attnres,4,embedding,1007616,0.8053896814827027,0.1348058415816735
Jonnester/LR-AttnRes-n4,n=4,standard_attnres,4,partial,1007616,0.19461031439827708,0.13480583623833253
Jonnester/LR-AttnRes-n4,n=4,standard_attnres,5,embedding,1007616,0.8423826161438857,0.08422011249637493
Jonnester/LR-AttnRes-n4,n=4,standard_attnres,5,partial,1007616,0.1576173814937351,0.08422008751892748
Jonnester/LR-AttnRes-n4,n=4,standard_attnres,6,embedding,1007616,0.7159220862194775,0.15156605973709544
Jonnester/LR-AttnRes-n4,n=4,standard_attnres,6,partial,1007616,0.28407791789954273,0.15156605051818117
Jonnester/LR-AttnRes-n4,n=4,standard_attnres,7,embedding,1007616,0.866637837596056,0.07975160525251941
Jonnester/LR-AttnRes-n4,n=4,standard_attnres,7,partial,1007616,0.133362160344434,0.07975159331596543
Jonnester/LR-AttnRes-n4,n=4,standard_attnres,8,embedding,1007616,0.7682321304228248,0.12459290384593266
Jonnester/LR-AttnRes-n4,n=4,standard_attnres,8,partial,1007616,0.23176786824455106,0.12459290693259918
Jonnester/LR-AttnRes-n4,n=4,standard_attnres,9,embedding,1007616,0.8968155684509898,0.06453294889720203
Jonnester/LR-AttnRes-n4,n=4,standard_attnres,9,partial,1007616,0.10318443345708575,0.06453296520594602
Jonnester/LR-AttnRes-n4,n=4,standard_attnres,10,embedding,1007616,0.840472348337251,0.11067193633607193
Jonnester/LR-AttnRes-n4,n=4,standard_attnres,10,partial,1007616,0.1595276443938899,0.11067190836396137
Jonnester/LR-AttnRes-n4,n=4,standard_attnres,11,embedding,1007616,0.005193534591121644,0.03591060266453079
Jonnester/LR-AttnRes-n4,n=4,standard_attnres,11,partial,1007616,0.9948064602487455,0.03591063984476443
Jonnester/LR-AttnRes-n4,n=4,standard_attnres,12,completed,1007616,0.44718684631634537,0.25926235006825704
Jonnester/LR-AttnRes-n4,n=4,standard_attnres,12,embedding,1007616,0.5528131502915204,0.25926234889014027
Jonnester/LR-AttnRes-n4,n=4,standard_attnres,13,completed,1007616,0.7420156113500518,0.06994937353551987
Jonnester/LR-AttnRes-n4,n=4,standard_attnres,13,embedding,1007616,0.0633045434346044,0.033723342291797465
Jonnester/LR-AttnRes-n4,n=4,standard_attnres,13,partial,1007616,0.1946798437009982,0.06250564221886222
Jonnester/LR-AttnRes-n4,n=4,standard_attnres,14,completed,1007616,0.3905281426945353,0.06719232291915314
Jonnester/LR-AttnRes-n4,n=4,standard_attnres,14,embedding,1007616,0.05071209065192114,0.01328931777683376
Jonnester/LR-AttnRes-n4,n=4,standard_attnres,14,partial,1007616,0.558759766865552,0.07051385522032753
Jonnester/LR-AttnRes-n4,n=4,standard_attnres,15,completed,1007616,0.28186456774308427,0.10153757839588723
Jonnester/LR-AttnRes-n4,n=4,standard_attnres,15,embedding,1007616,0.06091101764421153,0.03740027948301869
Jonnester/LR-AttnRes-n4,n=4,standard_attnres,15,partial,1007616,0.6572244157636069,0.113012730876235
Jonnester/LR-AttnRes-n4,n=4,standard_attnres,16,completed,1007616,0.18557826193367563,0.05819998295147747
Jonnester/LR-AttnRes-n4,n=4,standard_attnres,16,embedding,1007616,0.03493126502972308,0.015572145606962852
Jonnester/LR-AttnRes-n4,n=4,standard_attnres,16,partial,1007616,0.7794904742783647,0.0649136690740459
Jonnester/LR-AttnRes-n4,n=4,standard_attnres,17,completed,1007616,0.2790386802781888,0.08301042168188014
Jonnester/LR-AttnRes-n4,n=4,standard_attnres,17,embedding,1007616,0.035671145238769734,0.017771973503760547
Jonnester/LR-AttnRes-n4,n=4,standard_attnres,17,partial,1007616,0.6852901733018518,0.09253086444480306
Jonnester/LR-AttnRes-n4,n=4,standard_attnres,18,completed,1007616,0.17012417122600523,0.07079689937569386
Jonnester/LR-AttnRes-n4,n=4,standard_attnres,18,embedding,1007616,0.016697550555918275,0.007502032889421041
Jonnester/LR-AttnRes-n4,n=4,standard_attnres,18,partial,1007616,0.8131782790509666,0.07497026583280758
Jonnester/LR-AttnRes-n4,n=4,standard_attnres,19,completed,1007616,0.07489501457752251,0.05575774884173237
Jonnester/LR-AttnRes-n4,n=4,standard_attnres,19,embedding,1007616,0.0157160208431807,0.01304613847433373
Jonnester/LR-AttnRes-n4,n=4,standard_attnres,19,partial,1007616,0.9093889632845312,0.06528224053087937
Jonnester/LR-AttnRes-n4,n=4,standard_attnres,20,completed,1007616,0.23666024547282274,0.08464102807146544
Jonnester/LR-AttnRes-n4,n=4,standard_attnres,20,embedding,1007616,0.017226171982663917,0.008244169726725403
Jonnester/LR-AttnRes-n4,n=4,standard_attnres,20,partial,1007616,0.7461135809014483,0.0891782381567451
Jonnester/LR-AttnRes-n4,n=4,standard_attnres,21,completed,1007616,0.10229448750009382,0.05565666827061503
Jonnester/LR-AttnRes-n4,n=4,standard_attnres,21,embedding,1007616,0.018463081778670714,0.012964392502910685
Jonnester/LR-AttnRes-n4,n=4,standard_attnres,21,partial,1007616,0.8792424323112984,0.06388894566385434
Jonnester/LR-AttnRes-n4,n=4,standard_attnres,22,completed,1007616,0.1835259259716282,0.07033667722227221
Jonnester/LR-AttnRes-n4,n=4,standard_attnres,22,embedding,1007616,0.013896161940221379,0.007016286236743865
Jonnester/LR-AttnRes-n4,n=4,standard_attnres,22,partial,1007616,0.8025779157150082,0.07510261214474553
Jonnester/LR-AttnRes-n4,n=4,standard_attnres,23,completed,1007616,0.3561482645147215,0.149803777705692
Jonnester/LR-AttnRes-n4,n=4,standard_attnres,23,embedding,1007616,0.046376453121987786,0.025776134881615814
Jonnester/LR-AttnRes-n4,n=4,standard_attnres,23,partial,1007616,0.597475283998784,0.16674294671563294
Jonnester/LR-AttnRes-n4,n=4,standard_attnres,24,completed,1007616,0.9852152805987412,0.007942528263700665
Jonnester/LR-AttnRes-n4,n=4,standard_attnres,24,embedding,1007616,0.01478471759918744,0.0079424265443882
Jonnester/LR-AttnRes-n4,n=4,standard_attnres,25,completed,1007616,0.6686893517408914,0.06471492915917891
Jonnester/LR-AttnRes-n4,n=4,standard_attnres,25,embedding,1007616,0.027559551069649253,0.011423305544367088
Jonnester/LR-AttnRes-n4,n=4,standard_attnres,25,partial,1007616,0.30375109625056507,0.06562685928808562
Jonnester/LR-AttnRes-n4,n=4,standard_attnres,26,completed,1007616,0.5890085915239845,0.05704786371064922
Jonnester/LR-AttnRes-n4,n=4,standard_attnres,26,embedding,1007616,0.014335973544152288,0.004680795163975558
Jonnester/LR-AttnRes-n4,n=4,standard_attnres,26,partial,1007616,0.3966554318501697,0.05740368548699394
Jonnester/LR-AttnRes-n4,n=4,standard_attnres,27,completed,1007616,0.528557098977934,0.10528316066908236
Jonnester/LR-AttnRes-n4,n=4,standard_attnres,27,embedding,1007616,0.02076790648383823,0.010769187510669062
Jonnester/LR-AttnRes-n4,n=4,standard_attnres,27,partial,1007616,0.45067499323589044,0.10922050155880213
Jonnester/LR-AttnRes-n4,n=4,standard_attnres,28,completed,1007616,0.21213118283729243,0.05852319383047897
Jonnester/LR-AttnRes-n4,n=4,standard_attnres,28,embedding,1007616,0.006842708430911709,0.003377498287620428
Jonnester/LR-AttnRes-n4,n=4,standard_attnres,28,partial,1007616,0.7810261089627336,0.06042508585913008
Jonnester/LR-AttnRes-n4,n=4,standard_attnres,29,completed,1007616,0.2274612294949167,0.10104645147753054
Jonnester/LR-AttnRes-n4,n=4,standard_attnres,29,embedding,1007616,0.006649375435086043,0.004289114124508333
Jonnester/LR-AttnRes-n4,n=4,standard_attnres,29,partial,1007616,0.7658893979661833,0.10398353799830334
Jonnester/LR-AttnRes-n4,n=4,standard_attnres,30,completed,1007616,0.12327291083529712,0.03995173784246079
Jonnester/LR-AttnRes-n4,n=4,standard_attnres,30,embedding,1007616,0.00436728728586823,0.002165310877483953
Jonnester/LR-AttnRes-n4,n=4,standard_attnres,30,partial,1007616,0.8723598015986807,0.04113275865652685
Jonnester/LR-AttnRes-n4,n=4,standard_attnres,31,completed,1007616,0.27575868925428004,0.08499397390239019
Jonnester/LR-AttnRes-n4,n=4,standard_attnres,31,embedding,1007616,0.01776430106199369,0.010488343061794046
Jonnester/LR-AttnRes-n4,n=4,standard_attnres,31,partial,1007616,0.7064770120915359,0.09218791091497361
Jonnester/LR-AttnRes-n4,n=4,standard_attnres,32,completed,1007616,0.09312632152946984,0.033775340609490646
Jonnester/LR-AttnRes-n4,n=4,standard_attnres,32,embedding,1007616,0.004940432581550828,0.002775433381156768
Jonnester/LR-AttnRes-n4,n=4,standard_attnres,32,partial,1007616,0.9019332503884788,0.03545004545164159
Jonnester/LR-AttnRes-n4,n=4,standard_attnres,33,completed,1007616,0.21214823267324184,0.06455932031800095
Jonnester/LR-AttnRes-n4,n=4,standard_attnres,33,embedding,1007616,0.010807432310004545,0.0050873009403406295
Jonnester/LR-AttnRes-n4,n=4,standard_attnres,33,partial,1007616,0.7770443340627159,0.06747002254083828
Jonnester/LR-AttnRes-n4,n=4,standard_attnres,34,completed,1007616,0.10513091468956412,0.038886536996166544
Jonnester/LR-AttnRes-n4,n=4,standard_attnres,34,embedding,1007616,0.0032980255631169654,0.001842948519974893
Jonnester/LR-AttnRes-n4,n=4,standard_attnres,34,partial,1007616,0.8915710599441838,0.04002270687356129
Jonnester/LR-AttnRes-n4,n=4,standard_attnres,35,completed,1007616,0.5360895511580677,0.11858180139230176
Jonnester/LR-AttnRes-n4,n=4,standard_attnres,35,embedding,1007616,0.02095990811239898,0.009304354801852403
Jonnester/LR-AttnRes-n4,n=4,standard_attnres,35,partial,1007616,0.4429505368073781,0.12461032495315967
Jonnester/LR-AttnRes-n4,n=4,standard_attnres,36,completed,1007616,0.9939536626746015,0.0028709243547195154
Jonnester/LR-AttnRes-n4,n=4,standard_attnres,36,embedding,1007616,0.006046339218330577,0.0028714434090972504
Jonnester/LR-AttnRes-n4,n=4,standard_attnres,37,completed,1007616,0.5403851447551231,0.08028758476953043
Jonnester/LR-AttnRes-n4,n=4,standard_attnres,37,embedding,1007616,0.007340426102462338,0.003173331637543497
Jonnester/LR-AttnRes-n4,n=4,standard_attnres,37,partial,1007616,0.45227443226953834,0.08088261080381456
Jonnester/LR-AttnRes-n4,n=4,standard_attnres,38,completed,1007616,0.8481418916849586,0.05077017768805811
Jonnester/LR-AttnRes-n4,n=4,standard_attnres,38,embedding,1007616,0.009710437406187619,0.0034370479457071688
Jonnester/LR-AttnRes-n4,n=4,standard_attnres,38,partial,1007616,0.14214767376339532,0.05179625684809822
Jonnester/LR-AttnRes-n4,n=4,standard_attnres,39,completed,1007616,0.28678825982217865,0.08321698536091764
Jonnester/LR-AttnRes-n4,n=4,standard_attnres,39,embedding,1007616,0.004142117601387748,0.002034720026747253
Jonnester/LR-AttnRes-n4,n=4,standard_attnres,39,partial,1007616,0.7090696212722034,0.08400627639505497
Jonnester/LR-AttnRes-n4,n=4,standard_attnres,40,completed,1007616,0.8230531230205442,0.04540056192430537
Jonnester/LR-AttnRes-n4,n=4,standard_attnres,40,embedding,1007616,0.009961001529562764,0.0037930292106209424
Jonnester/LR-AttnRes-n4,n=4,standard_attnres,40,partial,1007616,0.16698587279978808,0.04598968148314114
Jonnester/LR-AttnRes-n4,n=4,standard_attnres,41,completed,1007616,0.27985327297109897,0.09709697612316874
Jonnester/LR-AttnRes-n4,n=4,standard_attnres,41,embedding,1007616,0.013139535112654775,0.008760447163231664
Jonnester/LR-AttnRes-n4,n=4,standard_attnres,41,partial,1007616,0.7070071973451754,0.10290576329591739
Jonnester/LR-AttnRes-n4,n=4,standard_attnres,42,completed,1007616,0.6915166092112781,0.08021306141924078
Jonnester/LR-AttnRes-n4,n=4,standard_attnres,42,embedding,1007616,0.009338202212399584,0.0032179923181148568
Jonnester/LR-AttnRes-n4,n=4,standard_attnres,42,partial,1007616,0.2991451858505001,0.08098647794289968
Jonnester/LR-AttnRes-n4,n=4,standard_attnres,43,completed,1007616,0.04254713245644802,0.019232349756531847
Jonnester/LR-AttnRes-n4,n=4,standard_attnres,43,embedding,1007616,0.0012199906660698171,0.0011021680145044748
Jonnester/LR-AttnRes-n4,n=4,standard_attnres,43,partial,1007616,0.9562328782508044,0.01978486053899286
Jonnester/LR-AttnRes-n4,n=4,standard_attnres,44,completed,1007616,0.7909287049518368,0.07784601405153516
Jonnester/LR-AttnRes-n4,n=4,standard_attnres,44,embedding,1007616,0.009121934088265024,0.0033223042695836045
Jonnester/LR-AttnRes-n4,n=4,standard_attnres,44,partial,1007616,0.19994935829464983,0.0787359204917556
Jonnester/LR-AttnRes-n4,n=4,standard_attnres,45,completed,1007616,0.13942350307858087,0.06479484070650453
Jonnester/LR-AttnRes-n4,n=4,standard_attnres,45,embedding,1007616,0.00397854200867194,0.0025588395813998114
Jonnester/LR-AttnRes-n4,n=4,standard_attnres,45,partial,1007616,0.8565979580569073,0.06645702784235025
Jonnester/LR-AttnRes-n4,n=4,standard_attnres,46,completed,1007616,0.770950741884185,0.0811752593475757
Jonnester/LR-AttnRes-n4,n=4,standard_attnres,46,embedding,1007616,0.008642206998254225,0.003207274811675156
Jonnester/LR-AttnRes-n4,n=4,standard_attnres,46,partial,1007616,0.22040704631708502,0.08173700888293792
Jonnester/LR-AttnRes-n4,n=4,standard_attnres,47,completed,1007616,0.18893196912315802,0.08572916944043829
Jonnester/LR-AttnRes-n4,n=4,standard_attnres,47,embedding,1007616,0.007041899377586153,0.006189390999744462
Jonnester/LR-AttnRes-n4,n=4,standard_attnres,47,partial,1007616,0.804026132192069,0.09025794203119236
Jonnester/LR-AttnRes-n4,n=4,standard_attnres,48,completed,1007616,0.988061695564084,0.010692918228627559
Jonnester/LR-AttnRes-n4,n=4,standard_attnres,48,embedding,1007616,0.011938306147126647,0.010693005246020874
Jonnester/LR-AttnRes-n8,n=8,standard_attnres,1,embedding,1007616,0.9467663716494552,0.030418806248304966
Jonnester/LR-AttnRes-n8,n=8,standard_attnres,1,partial,1007616,0.053233626866486014,0.030418748109876517
Jonnester/LR-AttnRes-n8,n=8,standard_attnres,2,embedding,1007616,0.8786432558928079,0.07561272816967085
Jonnester/LR-AttnRes-n8,n=8,standard_attnres,2,partial,1007616,0.12135673556628267,0.07561262807042325
Jonnester/LR-AttnRes-n8,n=8,standard_attnres,3,embedding,1007616,0.9315160532307819,0.07204598925592141
Jonnester/LR-AttnRes-n8,n=8,standard_attnres,3,partial,1007616,0.06848394725380874,0.07204598406598058
Jonnester/LR-AttnRes-n8,n=8,standard_attnres,4,embedding,1007616,0.8491180689354253,0.12144249202918905
Jonnester/LR-AttnRes-n8,n=8,standard_attnres,4,partial,1007616,0.15088192985309817,0.12144249378373803
Jonnester/LR-AttnRes-n8,n=8,standard_attnres,5,embedding,1007616,0.9075173265565701,0.050615965519823926
Jonnester/LR-AttnRes-n8,n=8,standard_attnres,5,partial,1007616,0.09248267277711775,0.050615935061219815
Jonnester/LR-AttnRes-n8,n=8,standard_attnres,6,completed,1007616,0.4022189921479884,0.22940721922434565
Jonnester/LR-AttnRes-n8,n=8,standard_attnres,6,embedding,1007616,0.5977810117287364,0.2294072188921811
Jonnester/LR-AttnRes-n8,n=8,standard_attnres,7,completed,1007616,0.6138096960579477,0.10236674048789703
Jonnester/LR-AttnRes-n8,n=8,standard_attnres,7,embedding,1007616,0.21349839151390199,0.0834111258941695
Jonnester/LR-AttnRes-n8,n=8,standard_attnres,7,partial,1007616,0.1726919127915933,0.07965804193438497
Jonnester/LR-AttnRes-n8,n=8,standard_attnres,8,completed,1007616,0.37291518944065744,0.1036613906988793
Jonnester/LR-AttnRes-n8,n=8,standard_attnres,8,embedding,1007616,0.09781797181784622,0.020757874723865057
Jonnester/LR-AttnRes-n8,n=8,standard_attnres,8,partial,1007616,0.5292668361973957,0.10182229238473392
Jonnester/LR-AttnRes-n8,n=8,standard_attnres,9,completed,1007616,0.41672693083925944,0.12280438318257987
Jonnester/LR-AttnRes-n8,n=8,standard_attnres,9,embedding,1007616,0.0920476931018558,0.03218627487527979
Jonnester/LR-AttnRes-n8,n=8,standard_attnres,9,partial,1007616,0.4912253775732304,0.1257116162109069
Jonnester/LR-AttnRes-n8,n=8,standard_attnres,10,completed,1007616,0.10159081814250326,0.056020374555822386
Jonnester/LR-AttnRes-n8,n=8,standard_attnres,10,embedding,1007616,0.016851364862082933,0.007640552421980784
Jonnester/LR-AttnRes-n8,n=8,standard_attnres,10,partial,1007616,0.8815578188353438,0.06007477628108463
Jonnester/LR-AttnRes-n8,n=8,standard_attnres,11,completed,1007616,0.43168733226574535,0.21574126575382033
Jonnester/LR-AttnRes-n8,n=8,standard_attnres,11,embedding,1007616,0.07080001759577573,0.030796137277611862
Jonnester/LR-AttnRes-n8,n=8,standard_attnres,11,partial,1007616,0.49751265092593866,0.22461015219585811
Jonnester/LR-AttnRes-n8,n=8,standard_attnres,12,completed,1007616,0.9754712702782173,0.009530737930751234
Jonnester/LR-AttnRes-n8,n=8,standard_attnres,12,embedding,1007616,0.02452873215987915,0.009530946007179247
Jonnester/LR-AttnRes-n8,n=8,standard_attnres,13,completed,1007616,0.6634566972895366,0.06788936776770035
Jonnester/LR-AttnRes-n8,n=8,standard_attnres,13,embedding,1007616,0.03429202859600385,0.011650713576436642
Jonnester/LR-AttnRes-n8,n=8,standard_attnres,13,partial,1007616,0.30225127232753163,0.06769277975698432
Jonnester/LR-AttnRes-n8,n=8,standard_attnres,14,completed,1007616,0.6135814228678137,0.07461426824339573
Jonnester/LR-AttnRes-n8,n=8,standard_attnres,14,embedding,1007616,0.03536469731631318,0.00914305067901791
Jonnester/LR-AttnRes-n8,n=8,standard_attnres,14,partial,1007616,0.3510538758785744,0.0751382064513187
Jonnester/LR-AttnRes-n8,n=8,standard_attnres,15,completed,1007616,0.37143316719590164,0.125611711075466
Jonnester/LR-AttnRes-n8,n=8,standard_attnres,15,embedding,1007616,0.03859222671244203,0.016491127658069198
Jonnester/LR-AttnRes-n8,n=8,standard_attnres,15,partial,1007616,0.589974606909403,0.13255909821952727
Jonnester/LR-AttnRes-n8,n=8,standard_attnres,16,completed,1007616,0.2688253369273209,0.0723981909650094
Jonnester/LR-AttnRes-n8,n=8,standard_attnres,16,embedding,1007616,0.025944029155179738,0.008513937865826798
Jonnester/LR-AttnRes-n8,n=8,standard_attnres,16,partial,1007616,0.7052306324485841,0.07617545689729718
Jonnester/LR-AttnRes-n8,n=8,standard_attnres,17,completed,1007616,0.29279409385308985,0.11749472010375679
Jonnester/LR-AttnRes-n8,n=8,standard_attnres,17,embedding,1007616,0.040339946655965436,0.02200803408675506
Jonnester/LR-AttnRes-n8,n=8,standard_attnres,17,partial,1007616,0.6668659584309028,0.13004422530011409
Jonnester/LR-AttnRes-n8,n=8,standard_attnres,18,completed,1007616,0.9799204308812212,0.008047642336897651
Jonnester/LR-AttnRes-n8,n=8,standard_attnres,18,embedding,1007616,0.020079566453530536,0.008047313150940478
Jonnester/LR-AttnRes-n8,n=8,standard_attnres,19,completed,1007616,0.7135850006971902,0.07426080245529768
Jonnester/LR-AttnRes-n8,n=8,standard_attnres,19,embedding,1007616,0.027774591907495406,0.01351860768365331
Jonnester/LR-AttnRes-n8,n=8,standard_attnres,19,partial,1007616,0.2586404094851114,0.07069445211829087
Jonnester/LR-AttnRes-n8,n=8,standard_attnres,20,completed,1007616,0.5978447572002566,0.09135637506247497
Jonnester/LR-AttnRes-n8,n=8,standard_attnres,20,embedding,1007616,0.025091984104819415,0.00997998271536407
Jonnester/LR-AttnRes-n8,n=8,standard_attnres,20,partial,1007616,0.3770632566959877,0.09629585334383639
Jonnester/LR-AttnRes-n8,n=8,standard_attnres,21,completed,1007616,0.41902686570718034,0.09551199902555524
Jonnester/LR-AttnRes-n8,n=8,standard_attnres,21,embedding,1007616,0.03129966067892265,0.014190465778194517
Jonnester/LR-AttnRes-n8,n=8,standard_attnres,21,partial,1007616,0.5496734715089565,0.10181357652585311
Jonnester/LR-AttnRes-n8,n=8,standard_attnres,22,completed,1007616,0.23802457168334867,0.08001850608502352
Jonnester/LR-AttnRes-n8,n=8,standard_attnres,22,embedding,1007616,0.005389970606117229,0.003540933541547021
Jonnester/LR-AttnRes-n8,n=8,standard_attnres,22,partial,1007616,0.7565854569760765,0.08251989944503392
Jonnester/LR-AttnRes-n8,n=8,standard_attnres,23,completed,1007616,0.2494629637254932,0.10645843130708119
Jonnester/LR-AttnRes-n8,n=8,standard_attnres,23,embedding,1007616,0.01616672103149377,0.008349808021799009
Jonnester/LR-AttnRes-n8,n=8,standard_attnres,23,partial,1007616,0.734370316916365,0.11197912834242364
Jonnester/LR-AttnRes-n8,n=8,standard_attnres,24,completed,1007616,0.9858075913374986,0.0060057095664797005
Jonnester/LR-AttnRes-n8,n=8,standard_attnres,24,embedding,1007616,0.014192406269835263,0.006005333367622349
Jonnester/LR-AttnRes-n8,n=8,standard_attnres,25,completed,1007616,0.8648914142352778,0.06700748409276977
Jonnester/LR-AttnRes-n8,n=8,standard_attnres,25,embedding,1007616,0.024852916386311617,0.011018802342542348
Jonnester/LR-AttnRes-n8,n=8,standard_attnres,25,partial,1007616,0.11025566898468064,0.06292555375793059
Jonnester/LR-AttnRes-n8,n=8,standard_attnres,26,completed,1007616,0.7175143521006514,0.08416931868545872
Jonnester/LR-AttnRes-n8,n=8,standard_attnres,26,embedding,1007616,0.01343159695587507,0.004535280244997016
Jonnester/LR-AttnRes-n8,n=8,standard_attnres,26,partial,1007616,0.2690540549716329,0.08416340480432948
Jonnester/LR-AttnRes-n8,n=8,standard_attnres,27,completed,1007616,0.8444860437052036,0.06503606189580201
Jonnester/LR-AttnRes-n8,n=8,standard_attnres,27,embedding,1007616,0.023212292920646627,0.009124936108406898
Jonnester/LR-AttnRes-n8,n=8,standard_attnres,27,partial,1007616,0.13230166426761364,0.0635339923401195
Jonnester/LR-AttnRes-n8,n=8,standard_attnres,28,completed,1007616,0.3474136491616567,0.08332094307649023
Jonnester/LR-AttnRes-n8,n=8,standard_attnres,28,embedding,1007616,0.012867034534068128,0.004541637231322067
Jonnester/LR-AttnRes-n8,n=8,standard_attnres,28,partial,1007616,0.639719320991175,0.08514931105163628
Jonnester/LR-AttnRes-n8,n=8,standard_attnres,29,completed,1007616,0.6590672658710945,0.09687670460707028
Jonnester/LR-AttnRes-n8,n=8,standard_attnres,29,embedding,1007616,0.01645438011917399,0.006883282611340158
Jonnester/LR-AttnRes-n8,n=8,standard_attnres,29,partial,1007616,0.32447835488048027,0.09686951232045012
Jonnester/LR-AttnRes-n8,n=8,standard_attnres,30,completed,1007616,0.9922554943619705,0.0031960307883437734
Jonnester/LR-AttnRes-n8,n=8,standard_attnres,30,embedding,1007616,0.007744505921969327,0.003195649910502169
Jonnester/LR-AttnRes-n8,n=8,standard_attnres,31,completed,1007616,0.7138362347595091,0.05808278882035158
Jonnester/LR-AttnRes-n8,n=8,standard_attnres,31,embedding,1007616,0.012682539971197039,0.004877633568097392
Jonnester/LR-AttnRes-n8,n=8,standard_attnres,31,partial,1007616,0.27348122473170117,0.05783708024799553
Jonnester/LR-AttnRes-n8,n=8,standard_attnres,32,completed,1007616,0.6132820263141538,0.07475870481362187
Jonnester/LR-AttnRes-n8,n=8,standard_attnres,32,embedding,1007616,0.007974881913543232,0.003269347696409794
Jonnester/LR-AttnRes-n8,n=8,standard_attnres,32,partial,1007616,0.37874309391510197,0.07604145034339745
Jonnester/LR-AttnRes-n8,n=8,standard_attnres,33,completed,1007616,0.2883330229821244,0.06787497234833186
Jonnester/LR-AttnRes-n8,n=8,standard_attnres,33,embedding,1007616,0.01104454701478646,0.004387515925309605
Jonnester/LR-AttnRes-n8,n=8,standard_attnres,33,partial,1007616,0.7006224311464201,0.07070149773327734
Jonnester/LR-AttnRes-n8,n=8,standard_attnres,34,completed,1007616,0.41841641480360575,0.10184779931614452
Jonnester/LR-AttnRes-n8,n=8,standard_attnres,34,embedding,1007616,0.01029289800794871,0.0042967798315457426
Jonnester/LR-AttnRes-n8,n=8,standard_attnres,34,partial,1007616,0.5712906841824694,0.10437817331263101
Jonnester/LR-AttnRes-n8,n=8,standard_attnres,35,completed,1007616,0.35018425186475116,0.10178902784140328
Jonnester/LR-AttnRes-n8,n=8,standard_attnres,35,embedding,1007616,0.015208088164407064,0.006498508668927677
Jonnester/LR-AttnRes-n8,n=8,standard_attnres,35,partial,1007616,0.6346076610611706,0.1057825109401379
Jonnester/LR-AttnRes-n8,n=8,standard_attnres,36,completed,1007616,0.9887766004577885,0.003452217657201325
Jonnester/LR-AttnRes-n8,n=8,standard_attnres,36,embedding,1007616,0.011223399231770658,0.0034518347588028994
Jonnester/LR-AttnRes-n8,n=8,standard_attnres,37,completed,1007616,0.5801975979068414,0.0779672424953155
Jonnester/LR-AttnRes-n8,n=8,standard_attnres,37,embedding,1007616,0.013780358406465227,0.0048339166263305765
Jonnester/LR-AttnRes-n8,n=8,standard_attnres,37,partial,1007616,0.40602204930491564,0.07881102480567798
Jonnester/LR-AttnRes-n8,n=8,standard_attnres,38,completed,1007616,0.8144753328183802,0.05479121576412876
Jonnester/LR-AttnRes-n8,n=8,standard_attnres,38,embedding,1007616,0.009767912706829668,0.0043594480159835775
Jonnester/LR-AttnRes-n8,n=8,standard_attnres,38,partial,1007616,0.17575675794264164,0.05568841131459749
Jonnester/LR-AttnRes-n8,n=8,standard_attnres,39,completed,1007616,0.26385506103193856,0.07779044382108892
Jonnester/LR-AttnRes-n8,n=8,standard_attnres,39,embedding,1007616,0.0031531673716002607,0.001705322375367429
Jonnester/LR-AttnRes-n8,n=8,standard_attnres,39,partial,1007616,0.7329917719693688,0.0782491019748588
Jonnester/LR-AttnRes-n8,n=8,standard_attnres,40,completed,1007616,0.7641166351675018,0.0657991234755138
Jonnester/LR-AttnRes-n8,n=8,standard_attnres,40,embedding,1007616,0.016674706303491826,0.006039635154205195
Jonnester/LR-AttnRes-n8,n=8,standard_attnres,40,partial,1007616,0.21920865846843254,0.06762251535827149
Jonnester/LR-AttnRes-n8,n=8,standard_attnres,41,completed,1007616,0.23529825971378543,0.10979114190962373
Jonnester/LR-AttnRes-n8,n=8,standard_attnres,41,embedding,1007616,0.01640399710494813,0.012366803099431022
Jonnester/LR-AttnRes-n8,n=8,standard_attnres,41,partial,1007616,0.7482977456193629,0.1191336947402283
Jonnester/LR-AttnRes-n8,n=8,standard_attnres,42,completed,1007616,0.9877581591528606,0.004269625252763148
Jonnester/LR-AttnRes-n8,n=8,standard_attnres,42,embedding,1007616,0.012241840332261915,0.004269298209087536
Jonnester/LR-AttnRes-n8,n=8,standard_attnres,43,completed,1007616,0.9818995231535377,0.012785517563346064
Jonnester/LR-AttnRes-n8,n=8,standard_attnres,43,embedding,1007616,0.012736634979766558,0.010007412041650956
Jonnester/LR-AttnRes-n8,n=8,standard_attnres,43,partial,1007616,0.00536383548372887,0.0034425201475416574
Jonnester/LR-AttnRes-n8,n=8,standard_attnres,44,completed,1007616,0.7987848951564571,0.10349970833716043
Jonnester/LR-AttnRes-n8,n=8,standard_attnres,44,embedding,1007616,0.007489802857209754,0.0027767999458521075
Jonnester/LR-AttnRes-n8,n=8,standard_attnres,44,partial,1007616,0.19372530475379976,0.10396646951075966
Jonnester/LR-AttnRes-n8,n=8,standard_attnres,45,completed,1007616,0.6074707861838302,0.08502537539179865
Jonnester/LR-AttnRes-n8,n=8,standard_attnres,45,embedding,1007616,0.011586714520808158,0.009005647400053026
Jonnester/LR-AttnRes-n8,n=8,standard_attnres,45,partial,1007616,0.38094250385354206,0.0897763359775414
Jonnester/LR-AttnRes-n8,n=8,standard_attnres,46,completed,1007616,0.9221689618699919,0.03668205762473022
Jonnester/LR-AttnRes-n8,n=8,standard_attnres,46,embedding,1007616,0.00806377684636935,0.0033494271036773157
Jonnester/LR-AttnRes-n8,n=8,standard_attnres,46,partial,1007616,0.06976726269576608,0.03641726865765761
Jonnester/LR-AttnRes-n8,n=8,standard_attnres,47,completed,1007616,0.8144716615599346,0.08777146879833328
Jonnester/LR-AttnRes-n8,n=8,standard_attnres,47,embedding,1007616,0.007432064461726241,0.0049715538937727234
Jonnester/LR-AttnRes-n8,n=8,standard_attnres,47,partial,1007616,0.1780962713850223,0.08750960783115971
Jonnester/LR-AttnRes-n8,n=8,standard_attnres,48,completed,1007616,0.9840350553272216,0.010473006780685124
Jonnester/LR-AttnRes-n8,n=8,standard_attnres,48,embedding,1007616,0.0159649462628413,0.0104731823880705
Jonnester/LR-AttnRes-n16,n=16,standard_attnres,1,embedding,1007616,0.9663173721088627,0.013985235691824255
Jonnester/LR-AttnRes-n16,n=16,standard_attnres,1,partial,1007616,0.033682630056651626,0.013985327489678933
Jonnester/LR-AttnRes-n16,n=16,standard_attnres,2,embedding,1007616,0.8320895714488455,0.10182629890139037
Jonnester/LR-AttnRes-n16,n=16,standard_attnres,2,partial,1007616,0.16791042515902016,0.10182627415640028
Jonnester/LR-AttnRes-n16,n=16,standard_attnres,3,completed,1007616,0.057762449743544185,0.02637238846458579
Jonnester/LR-AttnRes-n16,n=16,standard_attnres,3,embedding,1007616,0.9422375462888702,0.02637254916786244
Jonnester/LR-AttnRes-n16,n=16,standard_attnres,4,completed,1007616,0.33660722263460235,0.1351950156002481
Jonnester/LR-AttnRes-n16,n=16,standard_attnres,4,embedding,1007616,0.3378096012080588,0.13907764777912243
Jonnester/LR-AttnRes-n16,n=16,standard_attnres,4,partial,1007616,0.3255831730074999,0.11449440129401836
Jonnester/LR-AttnRes-n16,n=16,standard_attnres,5,completed,1007616,0.3642271359761556,0.09151420269196324
Jonnester/LR-AttnRes-n16,n=16,standard_attnres,5,embedding,1007616,0.19746160870645105,0.0454440726682394
Jonnester/LR-AttnRes-n16,n=16,standard_attnres,5,partial,1007616,0.43831125434821216,0.10643664123394898
Jonnester/LR-AttnRes-n16,n=16,standard_attnres,6,completed,1007616,0.9699497077523208,0.013237864018123156
Jonnester/LR-AttnRes-n16,n=16,standard_attnres,6,embedding,1007616,0.030050291036202655,0.01323787179085922
Jonnester/LR-AttnRes-n16,n=16,standard_attnres,7,completed,1007616,0.6570884628993708,0.10771797152537312
Jonnester/LR-AttnRes-n16,n=16,standard_attnres,7,embedding,1007616,0.09549303498209977,0.039497314654739685
Jonnester/LR-AttnRes-n16,n=16,standard_attnres,7,partial,1007616,0.24741849933213333,0.08178393353038484
Jonnester/LR-AttnRes-n16,n=16,standard_attnres,8,completed,1007616,0.4419453863690539,0.06209842882404668
Jonnester/LR-AttnRes-n16,n=16,standard_attnres,8,embedding,1007616,0.059231281250230666,0.028085211182763303
Jonnester/LR-AttnRes-n16,n=16,standard_attnres,8,partial,1007616,0.4988233308966567,0.06796624466491988
Jonnester/LR-AttnRes-n16,n=16,standard_attnres,9,completed,1007616,0.943189500793209,0.017426057615571557
Jonnester/LR-AttnRes-n16,n=16,standard_attnres,9,embedding,1007616,0.05681049642039508,0.017425886432916007
Jonnester/LR-AttnRes-n16,n=16,standard_attnres,10,completed,1007616,0.31532376592721395,0.07074549700995411
Jonnester/LR-AttnRes-n16,n=16,standard_attnres,10,embedding,1007616,0.05939451556622497,0.02141939536128295
Jonnester/LR-AttnRes-n16,n=16,standard_attnres,10,partial,1007616,0.6252817167499201,0.08421873367939714
Jonnester/LR-AttnRes-n16,n=16,standard_attnres,11,completed,1007616,0.4557046575274894,0.1257734703079052
Jonnester/LR-AttnRes-n16,n=16,standard_attnres,11,embedding,1007616,0.06511410150101514,0.02286273067694891
Jonnester/LR-AttnRes-n16,n=16,standard_attnres,11,partial,1007616,0.47918124048690486,0.13538542545627746
Jonnester/LR-AttnRes-n16,n=16,standard_attnres,12,completed,1007616,0.9735560189417707,0.011586316292534912
Jonnester/LR-AttnRes-n16,n=16,standard_attnres,12,embedding,1007616,0.026443981709397907,0.01158637695052304
Jonnester/LR-AttnRes-n16,n=16,standard_attnres,13,completed,1007616,0.8513458695838122,0.05314487827753369
Jonnester/LR-AttnRes-n16,n=16,standard_attnres,13,embedding,1007616,0.0677843407947358,0.03274372226370912
Jonnester/LR-AttnRes-n16,n=16,standard_attnres,13,partial,1007616,0.08086979062092013,0.03296832741816366
Jonnester/LR-AttnRes-n16,n=16,standard_attnres,14,completed,1007616,0.7166252412447115,0.03953544288124201
Jonnester/LR-AttnRes-n16,n=16,standard_attnres,14,embedding,1007616,0.03336114740771491,0.011519494448888563
Jonnester/LR-AttnRes-n16,n=16,standard_attnres,14,partial,1007616,0.2500136077888613,0.03883124722817196
Jonnester/LR-AttnRes-n16,n=16,standard_attnres,15,completed,1007616,0.9611888876775416,0.01843117380217532
Jonnester/LR-AttnRes-n16,n=16,standard_attnres,15,embedding,1007616,0.03881111338250036,0.018431323543785003
Jonnester/LR-AttnRes-n16,n=16,standard_attnres,16,completed,1007616,0.7006631454801172,0.12507017059516432
Jonnester/LR-AttnRes-n16,n=16,standard_attnres,16,embedding,1007616,0.059482660296002056,0.020797794157013383
Jonnester/LR-AttnRes-n16,n=16,standard_attnres,16,partial,1007616,0.23985419307297806,0.13280506607700818
Jonnester/LR-AttnRes-n16,n=16,standard_attnres,17,completed,1007616,0.5165198537392345,0.10408654830516499
Jonnester/LR-AttnRes-n16,n=16,standard_attnres,17,embedding,1007616,0.05673586601406578,0.02601507122274246
Jonnester/LR-AttnRes-n16,n=16,standard_attnres,17,partial,1007616,0.4267442815187501,0.11239372364675794
Jonnester/LR-AttnRes-n16,n=16,standard_attnres,18,completed,1007616,0.9616204359667088,0.017693209034916335
Jonnester/LR-AttnRes-n16,n=16,standard_attnres,18,embedding,1007616,0.03837956200406804,0.017693104256753026
Jonnester/LR-AttnRes-n16,n=16,standard_attnres,19,completed,1007616,0.7753958978304049,0.07917364368407674
Jonnester/LR-AttnRes-n16,n=16,standard_attnres,19,embedding,1007616,0.06397051506531917,0.026252700679553147
Jonnester/LR-AttnRes-n16,n=16,standard_attnres,19,partial,1007616,0.16063358695284138,0.07672734311956325
Jonnester/LR-AttnRes-n16,n=16,standard_attnres,20,completed,1007616,0.6151975679203747,0.08945483515284802
Jonnester/LR-AttnRes-n16,n=16,standard_attnres,20,embedding,1007616,0.02540776447006842,0.009557185198658953
Jonnester/LR-AttnRes-n16,n=16,standard_attnres,20,partial,1007616,0.35939466177932616,0.09333475577663627
Jonnester/LR-AttnRes-n16,n=16,standard_attnres,21,completed,1007616,0.9662246272815922,0.013948898478252347
Jonnester/LR-AttnRes-n16,n=16,standard_attnres,21,embedding,1007616,0.033775375050500156,0.01394915056641696
Jonnester/LR-AttnRes-n16,n=16,standard_attnres,22,completed,1007616,0.5316252601825124,0.09111679876190419
Jonnester/LR-AttnRes-n16,n=16,standard_attnres,22,embedding,1007616,0.033017982403195,0.014537092114110717
Jonnester/LR-AttnRes-n16,n=16,standard_attnres,22,partial,1007616,0.4353567560513814,0.09950717710779754
Jonnester/LR-AttnRes-n16,n=16,standard_attnres,23,completed,1007616,0.5253241171197194,0.11852038360563047
Jonnester/LR-AttnRes-n16,n=16,standard_attnres,23,embedding,1007616,0.027174105898030404,0.01026043176832717
Jonnester/LR-AttnRes-n16,n=16,standard_attnres,23,partial,1007616,0.4475017744835799,0.1226661097354657
Jonnester/LR-AttnRes-n16,n=16,standard_attnres,24,completed,1007616,0.978199583728139,0.007795157629982352
Jonnester/LR-AttnRes-n16,n=16,standard_attnres,24,embedding,1007616,0.021800419906290565,0.007795559272072036
Jonnester/LR-AttnRes-n16,n=16,standard_attnres,25,completed,1007616,0.9415780218636117,0.01855196240950804
Jonnester/LR-AttnRes-n16,n=16,standard_attnres,25,embedding,1007616,0.03458426838240972,0.017314175593267582
Jonnester/LR-AttnRes-n16,n=16,standard_attnres,25,partial,1007616,0.023837709345105217,0.005916064538679608
Jonnester/LR-AttnRes-n16,n=16,standard_attnres,26,completed,1007616,0.751151503101597,0.08744200539442308
Jonnester/LR-AttnRes-n16,n=16,standard_attnres,26,embedding,1007616,0.015621182077178141,0.005914116943233104
Jonnester/LR-AttnRes-n16,n=16,standard_attnres,26,partial,1007616,0.2332273117168163,0.08941294938355747
Jonnester/LR-AttnRes-n16,n=16,standard_attnres,27,completed,1007616,0.9788800555516065,0.0065698555994947215
Jonnester/LR-AttnRes-n16,n=16,standard_attnres,27,embedding,1007616,0.021119947673949768,0.006570199577695105
Jonnester/LR-AttnRes-n16,n=16,standard_attnres,28,completed,1007616,0.6803298287275361,0.04588442847806423
Jonnester/LR-AttnRes-n16,n=16,standard_attnres,28,embedding,1007616,0.026861319197266083,0.009088512673907355
Jonnester/LR-AttnRes-n16,n=16,standard_attnres,28,partial,1007616,0.29280885181775906,0.0482450918825768
Jonnester/LR-AttnRes-n16,n=16,standard_attnres,29,completed,1007616,0.6279822704268665,0.08777702452173418
Jonnester/LR-AttnRes-n16,n=16,standard_attnres,29,embedding,1007616,0.020972335847412666,0.006196987614668324
Jonnester/LR-AttnRes-n16,n=16,standard_attnres,29,partial,1007616,0.3510453902124389,0.08928399371679457
Jonnester/LR-AttnRes-n16,n=16,standard_attnres,30,completed,1007616,0.9871925440261035,0.003926799951814173
Jonnester/LR-AttnRes-n16,n=16,standard_attnres,30,embedding,1007616,0.012807454762420034,0.003926865289221274
Jonnester/LR-AttnRes-n16,n=16,standard_attnres,31,completed,1007616,0.7720319027823161,0.029983694323589532
Jonnester/LR-AttnRes-n16,n=16,standard_attnres,31,embedding,1007616,0.024539882907780204,0.007444651863494881
Jonnester/LR-AttnRes-n16,n=16,standard_attnres,31,partial,1007616,0.20342821682371745,0.030253447809737943
Jonnester/LR-AttnRes-n16,n=16,standard_attnres,32,completed,1007616,0.6399948882862805,0.053789592699017605
Jonnester/LR-AttnRes-n16,n=16,standard_attnres,32,embedding,1007616,0.011941048256083718,0.004096390528002101
Jonnester/LR-AttnRes-n16,n=16,standard_attnres,32,partial,1007616,0.34806406110282834,0.05507664897163184
Jonnester/LR-AttnRes-n16,n=16,standard_attnres,33,completed,1007616,0.9823462764422098,0.006020565630836161
Jonnester/LR-AttnRes-n16,n=16,standard_attnres,33,embedding,1007616,0.017653725223570334,0.0060207196005542495
Jonnester/LR-AttnRes-n16,n=16,standard_attnres,34,completed,1007616,0.8279008317769059,0.037752801204305256
Jonnester/LR-AttnRes-n16,n=16,standard_attnres,34,embedding,1007616,0.026198690166560616,0.007710784774512257
Jonnester/LR-AttnRes-n16,n=16,standard_attnres,34,partial,1007616,0.14590047808682047,0.03937655378932133
Jonnester/LR-AttnRes-n16,n=16,standard_attnres,35,completed,1007616,0.6896063845332076,0.0543838442823052
Jonnester/LR-AttnRes-n16,n=16,standard_attnres,35,embedding,1007616,0.01592240534056493,0.004696738603096816
Jonnester/LR-AttnRes-n16,n=16,standard_attnres,35,partial,1007616,0.2944712130034842,0.05498128264277769
Jonnester/LR-AttnRes-n16,n=16,standard_attnres,36,completed,1007616,0.9874477197484273,0.003369786708961145
Jonnester/LR-AttnRes-n16,n=16,standard_attnres,36,embedding,1007616,0.012552278888661688,0.0033693454045663107
Jonnester/LR-AttnRes-n16,n=16,standard_attnres,37,completed,1007616,0.669405440489451,0.062412969080988326
Jonnester/LR-AttnRes-n16,n=16,standard_attnres,37,embedding,1007616,0.010552534144523182,0.0038096823979219137
Jonnester/LR-AttnRes-n16,n=16,standard_attnres,37,partial,1007616,0.3200420293866134,0.06334572435552176
Jonnester/LR-AttnRes-n16,n=16,standard_attnres,38,completed,1007616,0.8332195325595576,0.05786113525520492
Jonnester/LR-AttnRes-n16,n=16,standard_attnres,38,embedding,1007616,0.01277220670921289,0.004851782760472883
Jonnester/LR-AttnRes-n16,n=16,standard_attnres,38,partial,1007616,0.1540082605873666,0.05862183755550773
Jonnester/LR-AttnRes-n16,n=16,standard_attnres,39,completed,1007616,0.9908618524791749,0.0053154889345305295
Jonnester/LR-AttnRes-n16,n=16,standard_attnres,39,embedding,1007616,0.009138150382938423,0.005316163691532525
Jonnester/LR-AttnRes-n16,n=16,standard_attnres,40,completed,1007616,0.9170614093299804,0.024525347193089485
Jonnester/LR-AttnRes-n16,n=16,standard_attnres,40,embedding,1007616,0.017954853779780185,0.007624294062137679
Jonnester/LR-AttnRes-n16,n=16,standard_attnres,40,partial,1007616,0.06498373063599192,0.02436811038227976
Jonnester/LR-AttnRes-n16,n=16,standard_attnres,41,completed,1007616,0.7572693582472763,0.03567562419832896
Jonnester/LR-AttnRes-n16,n=16,standard_attnres,41,embedding,1007616,0.021224221078360955,0.013584669192987791
Jonnester/LR-AttnRes-n16,n=16,standard_attnres,41,partial,1007616,0.2215064232184635,0.03862336870651578
Jonnester/LR-AttnRes-n16,n=16,standard_attnres,42,completed,1007616,0.9883721543521415,0.004854524769152004
Jonnester/LR-AttnRes-n16,n=16,standard_attnres,42,embedding,1007616,0.011627839908488398,0.004853935061622738
Jonnester/LR-AttnRes-n16,n=16,standard_attnres,43,completed,1007616,0.9078314527263486,0.022612494466710806
Jonnester/LR-AttnRes-n16,n=16,standard_attnres,43,embedding,1007616,0.015920473323241483,0.010106617097989821
Jonnester/LR-AttnRes-n16,n=16,standard_attnres,43,partial,1007616,0.07624807523760369,0.01971094212744719
Jonnester/LR-AttnRes-n16,n=16,standard_attnres,44,completed,1007616,0.9533267796524172,0.016813248228127582
Jonnester/LR-AttnRes-n16,n=16,standard_attnres,44,embedding,1007616,0.015214573644949653,0.006014740167104513
Jonnester/LR-AttnRes-n16,n=16,standard_attnres,44,partial,1007616,0.031458645392724166,0.016485467873595772
Jonnester/LR-AttnRes-n16,n=16,standard_attnres,45,completed,1007616,0.9913336150045318,0.005647888649772996
Jonnester/LR-AttnRes-n16,n=16,standard_attnres,45,embedding,1007616,0.008666384760744689,0.005647463323009875
Jonnester/LR-AttnRes-n16,n=16,standard_attnres,46,completed,1007616,0.9874003766998043,0.004872869982642268
Jonnester/LR-AttnRes-n16,n=16,standard_attnres,46,embedding,1007616,0.009030504106748395,0.004362924505672961
Jonnester/LR-AttnRes-n16,n=16,standard_attnres,46,partial,1007616,0.0035691132326042506,0.0019261264640420693
Jonnester/LR-AttnRes-n16,n=16,standard_attnres,47,completed,1007616,0.9123725988031403,0.054614485916593875
Jonnester/LR-AttnRes-n16,n=16,standard_attnres,47,embedding,1007616,0.015462128483364737,0.009156863851996978
Jonnester/LR-AttnRes-n16,n=16,standard_attnres,47,partial,1007616,0.07216527397797359,0.05205841172070072
Jonnester/LR-AttnRes-n16,n=16,standard_attnres,48,completed,1007616,0.9813064230166799,0.010462517361852018
Jonnester/LR-AttnRes-n16,n=16,standard_attnres,48,embedding,1007616,0.018693576824313742,0.010462571210945393
Jonnester/LR-AttnRes-tail-r16,Full r=16,sliced_lr_attnres,1,embedding,1007616,0.7781449105681443,0.08100891044924936
Jonnester/LR-AttnRes-tail-r16,Full r=16,sliced_lr_attnres,1,previous,1007616,0.22185509137021817,0.08100897094209215
Jonnester/LR-AttnRes-tail-r16,Full r=16,sliced_lr_attnres,2,embedding,1007616,0.4381581612718784,0.06605817605024972
Jonnester/LR-AttnRes-tail-r16,Full r=16,sliced_lr_attnres,2,previous,1007616,0.5618418367897592,0.06605815677441823
Jonnester/LR-AttnRes-tail-r16,Full r=16,sliced_lr_attnres,3,embedding,1007616,0.38375408789975857,0.0754194459512022
Jonnester/LR-AttnRes-tail-r16,Full r=16,sliced_lr_attnres,3,previous,1007616,0.6162459128271274,0.07541946651613139
Jonnester/LR-AttnRes-tail-r16,Full r=16,sliced_lr_attnres,4,embedding,1007616,0.3776209303518621,0.10460033596260965
Jonnester/LR-AttnRes-tail-r16,Full r=16,sliced_lr_attnres,4,previous,1007616,0.6223790645599365,0.10460036102586852
Jonnester/LR-AttnRes-tail-r16,Full r=16,sliced_lr_attnres,5,embedding,1007616,0.27461294430058175,0.07903428671858247
Jonnester/LR-AttnRes-tail-r16,Full r=16,sliced_lr_attnres,5,previous,1007616,0.7253870615145055,0.07903426017180636
Jonnester/LR-AttnRes-tail-r16,Full r=16,sliced_lr_attnres,6,embedding,1007616,0.2514841940587129,0.08013635509158534
Jonnester/LR-AttnRes-tail-r16,Full r=16,sliced_lr_attnres,6,previous,1007616,0.7485158060624347,0.08013637266814133
Jonnester/LR-AttnRes-tail-r16,Full r=16,sliced_lr_attnres,7,embedding,1007616,0.2539750102574263,0.0863043435300622
Jonnester/LR-AttnRes-tail-r16,Full r=16,sliced_lr_attnres,7,previous,1007616,0.7460249928924126,0.08630433841116518
Jonnester/LR-AttnRes-tail-r16,Full r=16,sliced_lr_attnres,8,embedding,1007616,0.21928849307502188,0.06908107112880293
Jonnester/LR-AttnRes-tail-r16,Full r=16,sliced_lr_attnres,8,previous,1007616,0.7807115074095687,0.06908103562009404
Jonnester/LR-AttnRes-tail-r16,Full r=16,sliced_lr_attnres,9,embedding,1007616,0.2063646639992551,0.06777955489251934
Jonnester/LR-AttnRes-tail-r16,Full r=16,sliced_lr_attnres,9,previous,1007616,0.7936353353950066,0.06777956153830472
Jonnester/LR-AttnRes-tail-r16,Full r=16,sliced_lr_attnres,10,embedding,1007616,0.16320729001266202,0.051462057882933024
Jonnester/LR-AttnRes-tail-r16,Full r=16,sliced_lr_attnres,10,previous,1007616,0.8367927108353715,0.051461998188287734
Jonnester/LR-AttnRes-tail-r16,Full r=16,sliced_lr_attnres,11,embedding,1007616,0.1599679863065239,0.05131077049386123
Jonnester/LR-AttnRes-tail-r16,Full r=16,sliced_lr_attnres,11,previous,1007616,0.8400320115128184,0.05131081431051804
Jonnester/LR-AttnRes-tail-r16,Full r=16,sliced_lr_attnres,12,embedding,1007616,0.1301776858849254,0.03777540912456074
Jonnester/LR-AttnRes-tail-r16,Full r=16,sliced_lr_attnres,12,previous,1007616,0.8698223194455713,0.037775328476187295
Jonnester/LR-AttnRes-tail-r16,Full r=16,sliced_lr_attnres,13,embedding,1007616,0.12768174398963045,0.03827950053166792
Jonnester/LR-AttnRes-tail-r16,Full r=16,sliced_lr_attnres,13,previous,1007616,0.8723182566766816,0.03827949583112054
Jonnester/LR-AttnRes-tail-r16,Full r=16,sliced_lr_attnres,14,embedding,1007616,0.09672316412130992,0.023331743248836665
Jonnester/LR-AttnRes-tail-r16,Full r=16,sliced_lr_attnres,14,previous,1007616,0.9032768340614753,0.02333177855270442
Jonnester/LR-AttnRes-tail-r16,Full r=16,sliced_lr_attnres,15,embedding,1007616,0.09401333095823847,0.022713460029129235
Jonnester/LR-AttnRes-tail-r16,Full r=16,sliced_lr_attnres,15,previous,1007616,0.9059866671639729,0.022713570598820693
Jonnester/LR-AttnRes-tail-r16,Full r=16,sliced_lr_attnres,16,embedding,1007616,0.0892405967886855,0.02659782344054112
Jonnester/LR-AttnRes-tail-r16,Full r=16,sliced_lr_attnres,16,previous,1007616,0.9107593966693412,0.026597901269396998
Jonnester/LR-AttnRes-tail-r16,Full r=16,sliced_lr_attnres,17,embedding,1007616,0.08146284647831102,0.021913147320245227
Jonnester/LR-AttnRes-tail-r16,Full r=16,sliced_lr_attnres,17,previous,1007616,0.9185371510381621,0.021913256259866395
Jonnester/LR-AttnRes-tail-r16,Full r=16,sliced_lr_attnres,18,embedding,1007616,0.07038558771212895,0.019441392459587477
Jonnester/LR-AttnRes-tail-r16,Full r=16,sliced_lr_attnres,18,previous,1007616,0.9296144111369683,0.01944136453552074
Jonnester/LR-AttnRes-tail-r16,Full r=16,sliced_lr_attnres,19,embedding,1007616,0.0703195638772918,0.01703557446277092
Jonnester/LR-AttnRes-tail-r16,Full r=16,sliced_lr_attnres,19,previous,1007616,0.9296804370918894,0.01703565968925454
Jonnester/LR-AttnRes-tail-r16,Full r=16,sliced_lr_attnres,20,embedding,1007616,0.06221648790245134,0.016810288832677288
Jonnester/LR-AttnRes-tail-r16,Full r=16,sliced_lr_attnres,20,previous,1007616,0.9377835092505789,0.016810459871372016
Jonnester/LR-AttnRes-tail-r16,Full r=16,sliced_lr_attnres,21,embedding,1007616,0.06032096340161998,0.013395008064993365
Jonnester/LR-AttnRes-tail-r16,Full r=16,sliced_lr_attnres,21,previous,1007616,0.9396790343571485,0.013395285547838687
Jonnester/LR-AttnRes-tail-r16,Full r=16,sliced_lr_attnres,22,embedding,1007616,0.050647554298241935,0.011184432462171545
Jonnester/LR-AttnRes-tail-r16,Full r=16,sliced_lr_attnres,22,previous,1007616,0.9493524480641373,0.011184075634324019
Jonnester/LR-AttnRes-tail-r16,Full r=16,sliced_lr_attnres,23,embedding,1007616,0.0547232699345767,0.012129540859774935
Jonnester/LR-AttnRes-tail-r16,Full r=16,sliced_lr_attnres,23,previous,1007616,0.9452767241291884,0.01212984382831554
Jonnester/LR-AttnRes-tail-r16,Full r=16,sliced_lr_attnres,24,embedding,1007616,0.045946417603550886,0.009849845924829213
Jonnester/LR-AttnRes-tail-r16,Full r=16,sliced_lr_attnres,24,previous,1007616,0.9540535885144056,0.00984941101425464
Jonnester/LR-AttnRes-tail-r16,Full r=16,sliced_lr_attnres,25,embedding,1007616,0.052019678177387736,0.010893554787366725
Jonnester/LR-AttnRes-tail-r16,Full r=16,sliced_lr_attnres,25,previous,1007616,0.9479803161892465,0.010893905909306074
Jonnester/LR-AttnRes-tail-r16,Full r=16,sliced_lr_attnres,26,embedding,1007616,0.043252322762235396,0.009111675952134668
Jonnester/LR-AttnRes-tail-r16,Full r=16,sliced_lr_attnres,26,previous,1007616,0.9567476709683737,0.009112014003365363
Jonnester/LR-AttnRes-tail-r16,Full r=16,sliced_lr_attnres,27,embedding,1007616,0.047770403476992275,0.010247898576260028
Jonnester/LR-AttnRes-tail-r16,Full r=16,sliced_lr_attnres,27,previous,1007616,0.9522295962504255,0.010247682018977527
Jonnester/LR-AttnRes-tail-r16,Full r=16,sliced_lr_attnres,28,embedding,1007616,0.04041018818573254,0.008296734025440696
Jonnester/LR-AttnRes-tail-r16,Full r=16,sliced_lr_attnres,28,previous,1007616,0.9595898108753732,0.008296590277330559
Jonnester/LR-AttnRes-tail-r16,Full r=16,sliced_lr_attnres,29,embedding,1007616,0.043627956200663634,0.009251341020569855
Jonnester/LR-AttnRes-tail-r16,Full r=16,sliced_lr_attnres,29,previous,1007616,0.9563720405586367,0.0092513935665174
Jonnester/LR-AttnRes-tail-r16,Full r=16,sliced_lr_attnres,30,embedding,1007616,0.03563397286868677,0.006262146195853147
Jonnester/LR-AttnRes-tail-r16,Full r=16,sliced_lr_attnres,30,previous,1007616,0.9643660255563937,0.006261910442699621
Jonnester/LR-AttnRes-tail-r16,Full r=16,sliced_lr_attnres,31,embedding,1007616,0.042098286856965324,0.00939182651908823
Jonnester/LR-AttnRes-tail-r16,Full r=16,sliced_lr_attnres,31,previous,1007616,0.957901712355575,0.009391775826275274
Jonnester/LR-AttnRes-tail-r16,Full r=16,sliced_lr_attnres,32,embedding,1007616,0.03762173083254961,0.007123709834683137
Jonnester/LR-AttnRes-tail-r16,Full r=16,sliced_lr_attnres,32,previous,1007616,0.9623782702577792,0.007123348155557757
Jonnester/LR-AttnRes-tail-r16,Full r=16,sliced_lr_attnres,33,embedding,1007616,0.03847796318492269,0.009216562422646164
Jonnester/LR-AttnRes-tail-r16,Full r=16,sliced_lr_attnres,33,previous,1007616,0.9615220301519565,0.009216790767009427
Jonnester/LR-AttnRes-tail-r16,Full r=16,sliced_lr_attnres,34,embedding,1007616,0.034050902730323435,0.0059369458897315
Jonnester/LR-AttnRes-tail-r16,Full r=16,sliced_lr_attnres,34,previous,1007616,0.9659491016612789,0.005936630708047749
Jonnester/LR-AttnRes-tail-r16,Full r=16,sliced_lr_attnres,35,embedding,1007616,0.03613873313718695,0.009263654928315556
Jonnester/LR-AttnRes-tail-r16,Full r=16,sliced_lr_attnres,35,previous,1007616,0.9638612599876838,0.00926375234553012
Jonnester/LR-AttnRes-tail-r16,Full r=16,sliced_lr_attnres,36,embedding,1007616,0.02733239487601005,0.004739598610233279
Jonnester/LR-AttnRes-tail-r16,Full r=16,sliced_lr_attnres,36,previous,1007616,0.9726676088038498,0.00473977119569025
Jonnester/LR-AttnRes-tail-r16,Full r=16,sliced_lr_attnres,37,embedding,1007616,0.03405940832524765,0.009646963986840241
Jonnester/LR-AttnRes-tail-r16,Full r=16,sliced_lr_attnres,37,previous,1007616,0.9659405815892104,0.009647355592112175
Jonnester/LR-AttnRes-tail-r16,Full r=16,sliced_lr_attnres,38,embedding,1007616,0.028808292183207303,0.00404790217662196
Jonnester/LR-AttnRes-tail-r16,Full r=16,sliced_lr_attnres,38,previous,1007616,0.971191711542083,0.004048871496101346
Jonnester/LR-AttnRes-tail-r16,Full r=16,sliced_lr_attnres,39,embedding,1007616,0.031498304818098136,0.009008749166500058
Jonnester/LR-AttnRes-tail-r16,Full r=16,sliced_lr_attnres,39,previous,1007616,0.9685016885036375,0.00900878352109176
Jonnester/LR-AttnRes-tail-r16,Full r=16,sliced_lr_attnres,40,embedding,1007616,0.024911791267918378,0.004429316181743981
Jonnester/LR-AttnRes-tail-r16,Full r=16,sliced_lr_attnres,40,previous,1007616,0.9750882198170918,0.004428034601184292
Jonnester/LR-AttnRes-tail-r16,Full r=16,sliced_lr_attnres,41,embedding,1007616,0.02952666892632236,0.008367520397508014
Jonnester/LR-AttnRes-tail-r16,Full r=16,sliced_lr_attnres,41,previous,1007616,0.9704733263186323,0.008367247132601391
Jonnester/LR-AttnRes-tail-r16,Full r=16,sliced_lr_attnres,42,embedding,1007616,0.02052641210214394,0.005670851558470567
Jonnester/LR-AttnRes-tail-r16,Full r=16,sliced_lr_attnres,42,previous,1007616,0.9794735961813268,0.0056701850489272185
Jonnester/LR-AttnRes-tail-r16,Full r=16,sliced_lr_attnres,43,embedding,1007616,0.02564271132090712,0.007455462855820506
Jonnester/LR-AttnRes-tail-r16,Full r=16,sliced_lr_attnres,43,previous,1007616,0.9743572836968957,0.007455619987830707
Jonnester/LR-AttnRes-tail-r16,Full r=16,sliced_lr_attnres,44,embedding,1007616,0.019732987780759974,0.0055466127209488235
Jonnester/LR-AttnRes-tail-r16,Full r=16,sliced_lr_attnres,44,previous,1007616,0.980267018322053,0.005547100915735326
Jonnester/LR-AttnRes-tail-r16,Full r=16,sliced_lr_attnres,45,embedding,1007616,0.02325709754737412,0.006833552077231496
Jonnester/LR-AttnRes-tail-r16,Full r=16,sliced_lr_attnres,45,previous,1007616,0.9767429033915201,0.006833507869914203
Jonnester/LR-AttnRes-tail-r16,Full r=16,sliced_lr_attnres,46,embedding,1007616,0.019277053180991148,0.0051822307422846456
Jonnester/LR-AttnRes-tail-r16,Full r=16,sliced_lr_attnres,46,previous,1007616,0.9807229531489736,0.0051820815121576165
Jonnester/LR-AttnRes-tail-r16,Full r=16,sliced_lr_attnres,47,embedding,1007616,0.021630729677352478,0.005535703290480633
Jonnester/LR-AttnRes-tail-r16,Full r=16,sliced_lr_attnres,47,previous,1007616,0.9783692810593582,0.005535245914542585
Jonnester/LR-AttnRes-tail-r16,Full r=16,sliced_lr_attnres,48,embedding,1007616,0.023183936858928302,0.006505830621284185
Jonnester/LR-AttnRes-tail-r16,Full r=16,sliced_lr_attnres,48,previous,1007616,0.9768160625201899,0.006505690201545421
Jonnester/LR-AttnRes-tail-r32,Full r=32,sliced_lr_attnres,1,embedding,1007616,0.8746924298565563,0.07837491121266862
Jonnester/LR-AttnRes-tail-r32,Full r=32,sliced_lr_attnres,1,previous,1007616,0.12530757305098744,0.07837496375658212
Jonnester/LR-AttnRes-tail-r32,Full r=32,sliced_lr_attnres,2,embedding,1007616,0.36995423494315727,0.07741824259467765
Jonnester/LR-AttnRes-tail-r32,Full r=32,sliced_lr_attnres,2,previous,1007616,0.6300457691758629,0.0774181973368736
Jonnester/LR-AttnRes-tail-r32,Full r=32,sliced_lr_attnres,3,embedding,1007616,0.5074991935152349,0.12279876375406307
Jonnester/LR-AttnRes-tail-r32,Full r=32,sliced_lr_attnres,3,previous,1007616,0.49250080551558395,0.12279877652008178
Jonnester/LR-AttnRes-tail-r32,Full r=32,sliced_lr_attnres,4,embedding,1007616,0.377972481454291,0.1322012318827586
Jonnester/LR-AttnRes-tail-r32,Full r=32,sliced_lr_attnres,4,previous,1007616,0.6220275158804607,0.1322012435067812
Jonnester/LR-AttnRes-tail-r32,Full r=32,sliced_lr_attnres,5,embedding,1007616,0.34831131255723596,0.12235919794513317
Jonnester/LR-AttnRes-tail-r32,Full r=32,sliced_lr_attnres,5,previous,1007616,0.6516886818699721,0.12235920312105018
Jonnester/LR-AttnRes-tail-r32,Full r=32,sliced_lr_attnres,6,embedding,1007616,0.286609628820807,0.1126052845160564
Jonnester/LR-AttnRes-tail-r32,Full r=32,sliced_lr_attnres,6,previous,1007616,0.7133903677870588,0.11260531649595004
Jonnester/LR-AttnRes-tail-r32,Full r=32,sliced_lr_attnres,7,embedding,1007616,0.337314280794888,0.135213768466666
Jonnester/LR-AttnRes-tail-r32,Full r=32,sliced_lr_attnres,7,previous,1007616,0.6626857199319979,0.13521375101662625
Jonnester/LR-AttnRes-tail-r32,Full r=32,sliced_lr_attnres,8,embedding,1007616,0.21749813600284298,0.08125330660466157
Jonnester/LR-AttnRes-tail-r32,Full r=32,sliced_lr_attnres,8,previous,1007616,0.7825018676315866,0.08125325259354388
Jonnester/LR-AttnRes-tail-r32,Full r=32,sliced_lr_attnres,9,embedding,1007616,0.25888633400928684,0.1106753907643872
Jonnester/LR-AttnRes-tail-r32,Full r=32,sliced_lr_attnres,9,previous,1007616,0.7411136675656327,0.11067537447151794
Jonnester/LR-AttnRes-tail-r32,Full r=32,sliced_lr_attnres,10,embedding,1007616,0.20878688361102005,0.09230770140774888
Jonnester/LR-AttnRes-tail-r32,Full r=32,sliced_lr_attnres,10,previous,1007616,0.7912131165101276,0.09230768494824872
Jonnester/LR-AttnRes-tail-r32,Full r=32,sliced_lr_attnres,11,embedding,1007616,0.23741966328485226,0.09944143127473351
Jonnester/LR-AttnRes-tail-r32,Full r=32,sliced_lr_attnres,11,previous,1007616,0.7625803370785907,0.0994414341221725
Jonnester/LR-AttnRes-tail-r32,Full r=32,sliced_lr_attnres,12,embedding,1007616,0.16966801154904249,0.07390242175338665
Jonnester/LR-AttnRes-tail-r32,Full r=32,sliced_lr_attnres,12,previous,1007616,0.8303319865125951,0.07390241504919265
Jonnester/LR-AttnRes-tail-r32,Full r=32,sliced_lr_attnres,13,embedding,1007616,0.18632522249609473,0.08076494548415393
Jonnester/LR-AttnRes-tail-r32,Full r=32,sliced_lr_attnres,13,previous,1007616,0.8136747765347241,0.08076494999825955
Jonnester/LR-AttnRes-tail-r32,Full r=32,sliced_lr_attnres,14,embedding,1007616,0.12069100928985006,0.04504598342104506
Jonnester/LR-AttnRes-tail-r32,Full r=32,sliced_lr_attnres,14,previous,1007616,0.8793089859853915,0.045046005136239325
Jonnester/LR-AttnRes-tail-r32,Full r=32,sliced_lr_attnres,15,embedding,1007616,0.12366704715461266,0.04883376309465633
Jonnester/LR-AttnRes-tail-r32,Full r=32,sliced_lr_attnres,15,previous,1007616,0.8763329512704678,0.0488337430585256
Jonnester/LR-AttnRes-tail-r32,Full r=32,sliced_lr_attnres,16,embedding,1007616,0.10531975159315558,0.046025314708202154
Jonnester/LR-AttnRes-tail-r32,Full r=32,sliced_lr_attnres,16,previous,1007616,0.8946802490125827,0.04602524724588483
Jonnester/LR-AttnRes-tail-r32,Full r=32,sliced_lr_attnres,17,embedding,1007616,0.09985756904371386,0.03877131057576486
Jonnester/LR-AttnRes-tail-r32,Full r=32,sliced_lr_attnres,17,previous,1007616,0.9001424273824304,0.03877136796565103
Jonnester/LR-AttnRes-tail-r32,Full r=32,sliced_lr_attnres,18,embedding,1007616,0.07611457076741428,0.029390763929640292
Jonnester/LR-AttnRes-tail-r32,Full r=32,sliced_lr_attnres,18,previous,1007616,0.9238854244472535,0.029390789793810632
Jonnester/LR-AttnRes-tail-r32,Full r=32,sliced_lr_attnres,19,embedding,1007616,0.08508316130657506,0.030653205868417546
Jonnester/LR-AttnRes-tail-r32,Full r=32,sliced_lr_attnres,19,previous,1007616,0.9149168322725993,0.030653368303349117
Jonnester/LR-AttnRes-tail-r32,Full r=32,sliced_lr_attnres,20,embedding,1007616,0.056844646005126516,0.02251951866208908
Jonnester/LR-AttnRes-tail-r32,Full r=32,sliced_lr_attnres,20,previous,1007616,0.9431553546006117,0.02251946799142049
Jonnester/LR-AttnRes-tail-r32,Full r=32,sliced_lr_attnres,21,embedding,1007616,0.06964126598786533,0.024404387992256468
Jonnester/LR-AttnRes-tail-r32,Full r=32,sliced_lr_attnres,21,previous,1007616,0.9303587355264803,0.024404367958159378
Jonnester/LR-AttnRes-tail-r32,Full r=32,sliced_lr_attnres,22,embedding,1007616,0.05395761547171003,0.02045796852075234
Jonnester/LR-AttnRes-tail-r32,Full r=32,sliced_lr_attnres,22,previous,1007616,0.9460423879507112,0.020457688765974025
Jonnester/LR-AttnRes-tail-r32,Full r=32,sliced_lr_attnres,23,embedding,1007616,0.06967334200938542,0.022903431870085443
Jonnester/LR-AttnRes-tail-r32,Full r=32,sliced_lr_attnres,23,previous,1007616,0.930326658535779,0.022903347078114998
Jonnester/LR-AttnRes-tail-r32,Full r=32,sliced_lr_attnres,24,embedding,1007616,0.05040997254654644,0.014548940892644777
Jonnester/LR-AttnRes-tail-r32,Full r=32,sliced_lr_attnres,24,previous,1007616,0.9495900258785341,0.014548939339010188
Jonnester/LR-AttnRes-tail-r32,Full r=32,sliced_lr_attnres,25,embedding,1007616,0.06444272486780717,0.021067059724564286
Jonnester/LR-AttnRes-tail-r32,Full r=32,sliced_lr_attnres,25,previous,1007616,0.9355572738298555,0.02106710605826015
Jonnester/LR-AttnRes-tail-r32,Full r=32,sliced_lr_attnres,26,embedding,1007616,0.049303681354939455,0.01567851321773811
Jonnester/LR-AttnRes-tail-r32,Full r=32,sliced_lr_attnres,26,previous,1007616,0.9506963190993643,0.015678403872402057
Jonnester/LR-AttnRes-tail-r32,Full r=32,sliced_lr_attnres,27,embedding,1007616,0.06307477119371174,0.0202666924629772
Jonnester/LR-AttnRes-tail-r32,Full r=32,sliced_lr_attnres,27,previous,1007616,0.9369252314412497,0.020266552108612897
Jonnester/LR-AttnRes-tail-r32,Full r=32,sliced_lr_attnres,28,embedding,1007616,0.05036769577158176,0.01818869530403379
Jonnester/LR-AttnRes-tail-r32,Full r=32,sliced_lr_attnres,28,previous,1007616,0.9496323054398947,0.01818867602317769
Jonnester/LR-AttnRes-tail-r32,Full r=32,sliced_lr_attnres,29,embedding,1007616,0.06332884207973635,0.020948896028907663
Jonnester/LR-AttnRes-tail-r32,Full r=32,sliced_lr_attnres,29,previous,1007616,0.9366711567087871,0.020948905197644845
Jonnester/LR-AttnRes-tail-r32,Full r=32,sliced_lr_attnres,30,embedding,1007616,0.040657098003761556,0.010116175233587989
Jonnester/LR-AttnRes-tail-r32,Full r=32,sliced_lr_attnres,30,previous,1007616,0.9593429032380019,0.010115763968922255
Jonnester/LR-AttnRes-tail-r32,Full r=32,sliced_lr_attnres,31,embedding,1007616,0.05935628581943551,0.021312640047670414
Jonnester/LR-AttnRes-tail-r32,Full r=32,sliced_lr_attnres,31,previous,1007616,0.9406437132416702,0.021312621756555954
Jonnester/LR-AttnRes-tail-r32,Full r=32,sliced_lr_attnres,32,embedding,1007616,0.0449336451909891,0.012411226353011595
Jonnester/LR-AttnRes-tail-r32,Full r=32,sliced_lr_attnres,32,previous,1007616,0.9550663562324958,0.012410859586699432
Jonnester/LR-AttnRes-tail-r32,Full r=32,sliced_lr_attnres,33,embedding,1007616,0.05001704958153934,0.017484068518027678
Jonnester/LR-AttnRes-tail-r32,Full r=32,sliced_lr_attnres,33,previous,1007616,0.9499829493887056,0.017484031197655767
Jonnester/LR-AttnRes-tail-r32,Full r=32,sliced_lr_attnres,34,embedding,1007616,0.04191081671089661,0.01002814024894725
Jonnester/LR-AttnRes-tail-r32,Full r=32,sliced_lr_attnres,34,previous,1007616,0.95808918204734,0.010028229534217704
Jonnester/LR-AttnRes-tail-r32,Full r=32,sliced_lr_attnres,35,embedding,1007616,0.04781765648262287,0.01702648367103084
Jonnester/LR-AttnRes-tail-r32,Full r=32,sliced_lr_attnres,35,previous,1007616,0.9521823443048368,0.017026379431460917
Jonnester/LR-AttnRes-tail-r32,Full r=32,sliced_lr_attnres,36,embedding,1007616,0.03339872457753352,0.00948134141393399
Jonnester/LR-AttnRes-tail-r32,Full r=32,sliced_lr_attnres,36,previous,1007616,0.9666012714548808,0.009481610634871764
Jonnester/LR-AttnRes-tail-r32,Full r=32,sliced_lr_attnres,37,embedding,1007616,0.04494052713479453,0.016563271469545417
Jonnester/LR-AttnRes-tail-r32,Full r=32,sliced_lr_attnres,37,previous,1007616,0.9550594697153665,0.016563303094317205
Jonnester/LR-AttnRes-tail-r32,Full r=32,sliced_lr_attnres,38,embedding,1007616,0.03216726602456434,0.006724595671406824
Jonnester/LR-AttnRes-tail-r32,Full r=32,sliced_lr_attnres,38,previous,1007616,0.9678327392756454,0.0067245209536210895
Jonnester/LR-AttnRes-tail-r32,Full r=32,sliced_lr_attnres,39,embedding,1007616,0.04022467206042957,0.014577863212943552
Jonnester/LR-AttnRes-tail-r32,Full r=32,sliced_lr_attnres,39,previous,1007616,0.9597753237902633,0.014577977035882336
Jonnester/LR-AttnRes-tail-r32,Full r=32,sliced_lr_attnres,40,embedding,1007616,0.027967924040144053,0.007437891487299671
Jonnester/LR-AttnRes-tail-r32,Full r=32,sliced_lr_attnres,40,previous,1007616,0.9720320783979525,0.0074380084660114025
Jonnester/LR-AttnRes-tail-r32,Full r=32,sliced_lr_attnres,41,embedding,1007616,0.03698252332283229,0.01373888608928008
Jonnester/LR-AttnRes-tail-r32,Full r=32,sliced_lr_attnres,41,previous,1007616,0.9630174680453975,0.013738909216826294
Jonnester/LR-AttnRes-tail-r32,Full r=32,sliced_lr_attnres,42,embedding,1007616,0.021890243984819428,0.01058414933871307
Jonnester/LR-AttnRes-tail-r32,Full r=32,sliced_lr_attnres,42,previous,1007616,0.9781097614668249,0.010583809779756537
Jonnester/LR-AttnRes-tail-r32,Full r=32,sliced_lr_attnres,43,embedding,1007616,0.03286275359976098,0.012056992959603694
Jonnester/LR-AttnRes-tail-r32,Full r=32,sliced_lr_attnres,43,previous,1007616,0.9671372432049697,0.01205719686426585
Jonnester/LR-AttnRes-tail-r32,Full r=32,sliced_lr_attnres,44,embedding,1007616,0.020180958633621533,0.00976104369902779
Jonnester/LR-AttnRes-tail-r32,Full r=32,sliced_lr_attnres,44,previous,1007616,0.9798190414420958,0.009761589212152385
Jonnester/LR-AttnRes-tail-r32,Full r=32,sliced_lr_attnres,45,embedding,1007616,0.029549582217766986,0.010152754959964387
Jonnester/LR-AttnRes-tail-r32,Full r=32,sliced_lr_attnres,45,previous,1007616,0.9704504226281391,0.010152410896976216
Jonnester/LR-AttnRes-tail-r32,Full r=32,sliced_lr_attnres,46,embedding,1007616,0.018612937123431424,0.009711583664682293
Jonnester/LR-AttnRes-tail-r32,Full r=32,sliced_lr_attnres,46,previous,1007616,0.9813870700394235,0.009711582445262193
Jonnester/LR-AttnRes-tail-r32,Full r=32,sliced_lr_attnres,47,embedding,1007616,0.026204685824431057,0.00842498156882922
Jonnester/LR-AttnRes-tail-r32,Full r=32,sliced_lr_attnres,47,previous,1007616,0.9737953175374163,0.008424346240548285
Jonnester/LR-AttnRes-tail-r32,Full r=32,sliced_lr_attnres,48,embedding,1007616,0.026893830244860997,0.009128489107931726
Jonnester/LR-AttnRes-tail-r32,Full r=32,sliced_lr_attnres,48,previous,1007616,0.9731061633040266,0.009128653048612509
Jonnester/LR-AttnRes-tail-r64,Full r=64,sliced_lr_attnres,1,embedding,1007616,0.9165177834712392,0.05803877325078764
Jonnester/LR-AttnRes-tail-r64,Full r=64,sliced_lr_attnres,1,previous,1007616,0.08348221507498889,0.05803872896338829
Jonnester/LR-AttnRes-tail-r64,Full r=64,sliced_lr_attnres,2,embedding,1007616,0.4445127549210215,0.12751789282148995
Jonnester/LR-AttnRes-tail-r64,Full r=64,sliced_lr_attnres,2,previous,1007616,0.5554872489557033,0.12751789160962104
Jonnester/LR-AttnRes-tail-r64,Full r=64,sliced_lr_attnres,3,embedding,1007616,0.5731870866403347,0.14045425477939458
Jonnester/LR-AttnRes-tail-r64,Full r=64,sliced_lr_attnres,3,previous,1007616,0.42681291311736996,0.1404542447339109
Jonnester/LR-AttnRes-tail-r64,Full r=64,sliced_lr_attnres,4,embedding,1007616,0.4073249528078529,0.16583284155676176
Jonnester/LR-AttnRes-tail-r64,Full r=64,sliced_lr_attnres,4,previous,1007616,0.5926750471921471,0.16583284374838397
Jonnester/LR-AttnRes-tail-r64,Full r=64,sliced_lr_attnres,5,embedding,1007616,0.4221513031459436,0.15389687657078063
Jonnester/LR-AttnRes-tail-r64,Full r=64,sliced_lr_attnres,5,previous,1007616,0.5778486980655329,0.15389686808595343
Jonnester/LR-AttnRes-tail-r64,Full r=64,sliced_lr_attnres,6,embedding,1007616,0.29494656658754115,0.15157049630282105
Jonnester/LR-AttnRes-tail-r64,Full r=64,sliced_lr_attnres,6,previous,1007616,0.7050534302626199,0.15157050356141652
Jonnester/LR-AttnRes-tail-r64,Full r=64,sliced_lr_attnres,7,embedding,1007616,0.3668690020960521,0.17723528795619695
Jonnester/LR-AttnRes-tail-r64,Full r=64,sliced_lr_attnres,7,previous,1007616,0.6331310000846057,0.17723527367267122
Jonnester/LR-AttnRes-tail-r64,Full r=64,sliced_lr_attnres,8,embedding,1007616,0.2235515694308087,0.12667312936441075
Jonnester/LR-AttnRes-tail-r64,Full r=64,sliced_lr_attnres,8,previous,1007616,0.7764484281462383,0.12667313584768067
Jonnester/LR-AttnRes-tail-r64,Full r=64,sliced_lr_attnres,9,embedding,1007616,0.30596142377310653,0.15531246423203163
Jonnester/LR-AttnRes-tail-r64,Full r=64,sliced_lr_attnres,9,previous,1007616,0.6940385738039404,0.15531246433403698
Jonnester/LR-AttnRes-tail-r64,Full r=64,sliced_lr_attnres,10,embedding,1007616,0.19819049791591922,0.12587772065986233
Jonnester/LR-AttnRes-tail-r64,Full r=64,sliced_lr_attnres,10,previous,1007616,0.80180949748047,0.1258777629764153
Jonnester/LR-AttnRes-tail-r64,Full r=64,sliced_lr_attnres,11,embedding,1007616,0.30530608015331795,0.15112616508130092
Jonnester/LR-AttnRes-tail-r64,Full r=64,sliced_lr_attnres,11,previous,1007616,0.6946939162122525,0.15112617377165252
Jonnester/LR-AttnRes-tail-r64,Full r=64,sliced_lr_attnres,12,embedding,1007616,0.18639369006079387,0.11138112885162728
Jonnester/LR-AttnRes-tail-r64,Full r=64,sliced_lr_attnres,12,previous,1007616,0.813606308243139,0.11138112302216378
Jonnester/LR-AttnRes-tail-r64,Full r=64,sliced_lr_attnres,13,embedding,1007616,0.316712468377943,0.1603252216218438
Jonnester/LR-AttnRes-tail-r64,Full r=64,sliced_lr_attnres,13,previous,1007616,0.6832875308951711,0.16032521565210447
Jonnester/LR-AttnRes-tail-r64,Full r=64,sliced_lr_attnres,14,embedding,1007616,0.13241890121281633,0.06395985809800463
Jonnester/LR-AttnRes-tail-r64,Full r=64,sliced_lr_attnres,14,previous,1007616,0.8675810970911165,0.06395981256075767
Jonnester/LR-AttnRes-tail-r64,Full r=64,sliced_lr_attnres,15,embedding,1007616,0.15484249216269672,0.0786934836068501
Jonnester/LR-AttnRes-tail-r64,Full r=64,sliced_lr_attnres,15,previous,1007616,0.8451575089276322,0.07869345582845502
Jonnester/LR-AttnRes-tail-r64,Full r=64,sliced_lr_attnres,16,embedding,1007616,0.08862503781551268,0.04751370937421377
Jonnester/LR-AttnRes-tail-r64,Full r=64,sliced_lr_attnres,16,previous,1007616,0.9113749638805545,0.047513701143649036
Jonnester/LR-AttnRes-tail-r64,Full r=64,sliced_lr_attnres,17,embedding,1007616,0.11849073120733587,0.05074016851244159
Jonnester/LR-AttnRes-tail-r64,Full r=64,sliced_lr_attnres,17,previous,1007616,0.8815092672177447,0.05074019602274484
Jonnester/LR-AttnRes-tail-r64,Full r=64,sliced_lr_attnres,18,embedding,1007616,0.07871215172657152,0.03901208253386977
Jonnester/LR-AttnRes-tail-r64,Full r=64,sliced_lr_attnres,18,previous,1007616,0.9212878443361298,0.03901216809103485
Jonnester/LR-AttnRes-tail-r64,Full r=64,sliced_lr_attnres,19,embedding,1007616,0.1090761516394654,0.04474089790401157
Jonnester/LR-AttnRes-tail-r64,Full r=64,sliced_lr_attnres,19,previous,1007616,0.8909238441203667,0.04474097548423026
Jonnester/LR-AttnRes-tail-r64,Full r=64,sliced_lr_attnres,20,embedding,1007616,0.054750982126811655,0.027080719449214793
Jonnester/LR-AttnRes-tail-r64,Full r=64,sliced_lr_attnres,20,previous,1007616,0.9452490191149517,0.027080671876656748
Jonnester/LR-AttnRes-tail-r64,Full r=64,sliced_lr_attnres,21,embedding,1007616,0.08100697228579017,0.03370864856489261
Jonnester/LR-AttnRes-tail-r64,Full r=64,sliced_lr_attnres,21,previous,1007616,0.918993026260438,0.03370870420314525
Jonnester/LR-AttnRes-tail-r64,Full r=64,sliced_lr_attnres,22,embedding,1007616,0.04598219080911419,0.02187354876714054
Jonnester/LR-AttnRes-tail-r64,Full r=64,sliced_lr_attnres,22,previous,1007616,0.9540178102206408,0.021873521248712204
Jonnester/LR-AttnRes-tail-r64,Full r=64,sliced_lr_attnres,23,embedding,1007616,0.076465357488733,0.03078635094707499
Jonnester/LR-AttnRes-tail-r64,Full r=64,sliced_lr_attnres,23,previous,1007616,0.9235346419055287,0.030786355775644914
Jonnester/LR-AttnRes-tail-r64,Full r=64,sliced_lr_attnres,24,embedding,1007616,0.04332809553034907,0.018890151993169308
Jonnester/LR-AttnRes-tail-r64,Full r=64,sliced_lr_attnres,24,previous,1007616,0.9566719066805955,0.018890020330997674
Jonnester/LR-AttnRes-tail-r64,Full r=64,sliced_lr_attnres,25,embedding,1007616,0.08318819087453005,0.035622485562956385
Jonnester/LR-AttnRes-tail-r64,Full r=64,sliced_lr_attnres,25,previous,1007616,0.9168118093071914,0.035622481311120974
Jonnester/LR-AttnRes-tail-r64,Full r=64,sliced_lr_attnres,26,embedding,1007616,0.04876342685363157,0.020679339635339612
Jonnester/LR-AttnRes-tail-r64,Full r=64,sliced_lr_attnres,26,previous,1007616,0.9512365755996084,0.020679179187800392
Jonnester/LR-AttnRes-tail-r64,Full r=64,sliced_lr_attnres,27,embedding,1007616,0.08035704220940428,0.03392649177419665
Jonnester/LR-AttnRes-tail-r64,Full r=64,sliced_lr_attnres,27,previous,1007616,0.9196429586992031,0.033926472110400833
Jonnester/LR-AttnRes-tail-r64,Full r=64,sliced_lr_attnres,28,embedding,1007616,0.056465515397428494,0.024651590920749197
Jonnester/LR-AttnRes-tail-r64,Full r=64,sliced_lr_attnres,28,previous,1007616,0.943534483754538,0.02465165171353737
Jonnester/LR-AttnRes-tail-r64,Full r=64,sliced_lr_attnres,29,embedding,1007616,0.08191273749116959,0.03608594407466838
Jonnester/LR-AttnRes-tail-r64,Full r=64,sliced_lr_attnres,29,previous,1007616,0.9180872600253035,0.03608589353466916
Jonnester/LR-AttnRes-tail-r64,Full r=64,sliced_lr_attnres,30,embedding,1007616,0.04665571030199043,0.016829270131070852
Jonnester/LR-AttnRes-tail-r64,Full r=64,sliced_lr_attnres,30,previous,1007616,0.9533442898494441,0.016829356990444272
Jonnester/LR-AttnRes-tail-r64,Full r=64,sliced_lr_attnres,31,embedding,1007616,0.0783259220481888,0.0353074482593693
Jonnester/LR-AttnRes-tail-r64,Full r=64,sliced_lr_attnres,31,previous,1007616,0.9216740737116433,0.035307366261134156
Jonnester/LR-AttnRes-tail-r64,Full r=64,sliced_lr_attnres,32,embedding,1007616,0.048726959623456974,0.01714681291083839
Jonnester/LR-AttnRes-tail-r64,Full r=64,sliced_lr_attnres,32,previous,1007616,0.9512730410428551,0.01714647765300143
Jonnester/LR-AttnRes-tail-r64,Full r=64,sliced_lr_attnres,33,embedding,1007616,0.07023650008003886,0.03303101211200055
Jonnester/LR-AttnRes-tail-r64,Full r=64,sliced_lr_attnres,33,previous,1007616,0.9297634983450417,0.03303098125540164
Jonnester/LR-AttnRes-tail-r64,Full r=64,sliced_lr_attnres,34,embedding,1007616,0.04179416060811136,0.014714867431949318
Jonnester/LR-AttnRes-tail-r64,Full r=64,sliced_lr_attnres,34,previous,1007616,0.9582058341522527,0.014714948869541724
Jonnester/LR-AttnRes-tail-r64,Full r=64,sliced_lr_attnres,35,embedding,1007616,0.060835456460472045,0.02928737558581984
Jonnester/LR-AttnRes-tail-r64,Full r=64,sliced_lr_attnres,35,previous,1007616,0.9391645406319843,0.029287554073077943
Jonnester/LR-AttnRes-tail-r64,Full r=64,sliced_lr_attnres,36,embedding,1007616,0.04207209325054797,0.013004518157894572
Jonnester/LR-AttnRes-tail-r64,Full r=64,sliced_lr_attnres,36,previous,1007616,0.9579279059317054,0.013004681631155177
Jonnester/LR-AttnRes-tail-r64,Full r=64,sliced_lr_attnres,37,embedding,1007616,0.05763035425083424,0.02963197610816987
Jonnester/LR-AttnRes-tail-r64,Full r=64,sliced_lr_attnres,37,previous,1007616,0.9423696413272764,0.029632127019634972
Jonnester/LR-AttnRes-tail-r64,Full r=64,sliced_lr_attnres,38,embedding,1007616,0.034108960501304485,0.008846092383961534
Jonnester/LR-AttnRes-tail-r64,Full r=64,sliced_lr_attnres,38,previous,1007616,0.9658910428605428,0.008845980592622567
Jonnester/LR-AttnRes-tail-r64,Full r=64,sliced_lr_attnres,39,embedding,1007616,0.05392769145650592,0.02916991585355099
Jonnester/LR-AttnRes-tail-r64,Full r=64,sliced_lr_attnres,39,previous,1007616,0.9460723036673011,0.02916989742918535
Jonnester/LR-AttnRes-tail-r64,Full r=64,sliced_lr_attnres,40,embedding,1007616,0.031146790075108288,0.007835385930616848
Jonnester/LR-AttnRes-tail-r64,Full r=64,sliced_lr_attnres,40,previous,1007616,0.9688532095614487,0.00783580175702584
Jonnester/LR-AttnRes-tail-r64,Full r=64,sliced_lr_attnres,41,embedding,1007616,0.049564476541387355,0.026745343361350565
Jonnester/LR-AttnRes-tail-r64,Full r=64,sliced_lr_attnres,41,previous,1007616,0.9504355211568073,0.026745223093284705
Jonnester/LR-AttnRes-tail-r64,Full r=64,sliced_lr_attnres,42,embedding,1007616,0.021585192183047774,0.012527629876246641
Jonnester/LR-AttnRes-tail-r64,Full r=64,sliced_lr_attnres,42,previous,1007616,0.9784148068932014,0.012527520473881237
Jonnester/LR-AttnRes-tail-r64,Full r=64,sliced_lr_attnres,43,embedding,1007616,0.042161298294862114,0.02242425887193264
Jonnester/LR-AttnRes-tail-r64,Full r=64,sliced_lr_attnres,43,previous,1007616,0.957838699585054,0.022424295489160945
Jonnester/LR-AttnRes-tail-r64,Full r=64,sliced_lr_attnres,44,embedding,1007616,0.02082928033863626,0.010308036367483992
Jonnester/LR-AttnRes-tail-r64,Full r=64,sliced_lr_attnres,44,previous,1007616,0.9791707192979208,0.010308175792723652
Jonnester/LR-AttnRes-tail-r64,Full r=64,sliced_lr_attnres,45,embedding,1007616,0.038054689886124156,0.019610846886713357
Jonnester/LR-AttnRes-tail-r64,Full r=64,sliced_lr_attnres,45,previous,1007616,0.9619453084178087,0.019610910511189003
Jonnester/LR-AttnRes-tail-r64,Full r=64,sliced_lr_attnres,46,embedding,1007616,0.01860037906383111,0.011319445120970476
Jonnester/LR-AttnRes-tail-r64,Full r=64,sliced_lr_attnres,46,previous,1007616,0.9813996209361688,0.011319450775382885
Jonnester/LR-AttnRes-tail-r64,Full r=64,sliced_lr_attnres,47,embedding,1007616,0.03149052579107323,0.015064500103868514
Jonnester/LR-AttnRes-tail-r64,Full r=64,sliced_lr_attnres,47,previous,1007616,0.9685094768438882,0.015064420888745116
Jonnester/LR-AttnRes-tail-r64,Full r=64,sliced_lr_attnres,48,embedding,1007616,0.03515361552315999,0.01665877501319935
Jonnester/LR-AttnRes-tail-r64,Full r=64,sliced_lr_attnres,48,previous,1007616,0.9648463822961822,0.016658863559275348
Jonnester/LR-AttnRes-tail-r128,Full r=128,sliced_lr_attnres,1,embedding,1007616,0.9376594312791902,0.038022296796146035
Jonnester/LR-AttnRes-tail-r128,Full r=128,sliced_lr_attnres,1,previous,1007616,0.06234057253696085,0.03802242321551787
Jonnester/LR-AttnRes-tail-r128,Full r=128,sliced_lr_attnres,2,embedding,1007616,0.517756285948482,0.17546509457599682
Jonnester/LR-AttnRes-tail-r128,Full r=128,sliced_lr_attnres,2,previous,1007616,0.48224371477840394,0.17546508601908767
Jonnester/LR-AttnRes-tail-r128,Full r=128,sliced_lr_attnres,3,embedding,1007616,0.6238868895584975,0.13119812783259305
Jonnester/LR-AttnRes-tail-r128,Full r=128,sliced_lr_attnres,3,previous,1007616,0.37611311189527435,0.13119813059044297
Jonnester/LR-AttnRes-tail-r128,Full r=128,sliced_lr_attnres,4,embedding,1007616,0.33477250686505944,0.14033121622342784
Jonnester/LR-AttnRes-tail-r128,Full r=128,sliced_lr_attnres,4,previous,1007616,0.6652274916811687,0.14033123196370545
Jonnester/LR-AttnRes-tail-r128,Full r=128,sliced_lr_attnres,5,embedding,1007616,0.40273895447816305,0.13287686391663103
Jonnester/LR-AttnRes-tail-r128,Full r=128,sliced_lr_attnres,5,previous,1007616,0.5972610469756088,0.13287686057320083
Jonnester/LR-AttnRes-tail-r128,Full r=128,sliced_lr_attnres,6,embedding,1007616,0.2411288255598487,0.12940764096084265
Jonnester/LR-AttnRes-tail-r128,Full r=128,sliced_lr_attnres,6,previous,1007616,0.7588711778322855,0.12940763066446823
Jonnester/LR-AttnRes-tail-r128,Full r=128,sliced_lr_attnres,7,embedding,1007616,0.3474141621008152,0.1514160901075675
Jonnester/LR-AttnRes-tail-r128,Full r=128,sliced_lr_attnres,7,previous,1007616,0.652585836445413,0.15141607917105684
Jonnester/LR-AttnRes-tail-r128,Full r=128,sliced_lr_attnres,8,embedding,1007616,0.24481242883011578,0.16464373637855728
Jonnester/LR-AttnRes-tail-r128,Full r=128,sliced_lr_attnres,8,previous,1007616,0.7551875734716896,0.164643712759888
Jonnester/LR-AttnRes-tail-r128,Full r=128,sliced_lr_attnres,9,embedding,1007616,0.35012298870862013,0.15056307605349273
Jonnester/LR-AttnRes-tail-r128,Full r=128,sliced_lr_attnres,9,previous,1007616,0.6498770093530174,0.15056307637376157
Jonnester/LR-AttnRes-tail-r128,Full r=128,sliced_lr_attnres,10,embedding,1007616,0.18479349191595867,0.12496535462970093
Jonnester/LR-AttnRes-tail-r128,Full r=128,sliced_lr_attnres,10,previous,1007616,0.8152065073571554,0.12496536833892337
Jonnester/LR-AttnRes-tail-r128,Full r=128,sliced_lr_attnres,11,embedding,1007616,0.28013649170960836,0.12859224574320421
Jonnester/LR-AttnRes-tail-r128,Full r=128,sliced_lr_attnres,11,previous,1007616,0.719863510228754,0.12859222146716226
Jonnester/LR-AttnRes-tail-r128,Full r=128,sliced_lr_attnres,12,embedding,1007616,0.17670875533324917,0.12152048314422431
Jonnester/LR-AttnRes-tail-r128,Full r=128,sliced_lr_attnres,12,previous,1007616,0.8232912455147844,0.1215204793927311
Jonnester/LR-AttnRes-tail-r128,Full r=128,sliced_lr_attnres,13,embedding,1007616,0.3724821301979747,0.18147285621238102
Jonnester/LR-AttnRes-tail-r128,Full r=128,sliced_lr_attnres,13,previous,1007616,0.6275178668944816,0.18147285024450185
Jonnester/LR-AttnRes-tail-r128,Full r=128,sliced_lr_attnres,14,embedding,1007616,0.1258088836703843,0.076178569978159
Jonnester/LR-AttnRes-tail-r128,Full r=128,sliced_lr_attnres,14,previous,1007616,0.8741911160267466,0.07617853250321945
Jonnester/LR-AttnRes-tail-r128,Full r=128,sliced_lr_attnres,15,embedding,1007616,0.16421529529540518,0.09604721383814467
Jonnester/LR-AttnRes-tail-r128,Full r=128,sliced_lr_attnres,15,previous,1007616,0.8357847047045948,0.09604721628198065
Jonnester/LR-AttnRes-tail-r128,Full r=128,sliced_lr_attnres,16,embedding,1007616,0.0871824056394701,0.04528122460527105
Jonnester/LR-AttnRes-tail-r128,Full r=128,sliced_lr_attnres,16,previous,1007616,0.9128175920587245,0.045281264652818336
Jonnester/LR-AttnRes-tail-r128,Full r=128,sliced_lr_attnres,17,embedding,1007616,0.12612399695123114,0.05483129207421593
Jonnester/LR-AttnRes-tail-r128,Full r=128,sliced_lr_attnres,17,previous,1007616,0.8738759993537655,0.05483134178038749
Jonnester/LR-AttnRes-tail-r128,Full r=128,sliced_lr_attnres,18,embedding,1007616,0.07080656665612042,0.03612219674633435
Jonnester/LR-AttnRes-tail-r128,Full r=128,sliced_lr_attnres,18,previous,1007616,0.9291934366148662,0.036122104220048
Jonnester/LR-AttnRes-tail-r128,Full r=128,sliced_lr_attnres,19,embedding,1007616,0.129315612398512,0.056964498425007094
Jonnester/LR-AttnRes-tail-r128,Full r=128,sliced_lr_attnres,19,previous,1007616,0.8706843877226357,0.056964466134584606
Jonnester/LR-AttnRes-tail-r128,Full r=128,sliced_lr_attnres,20,embedding,1007616,0.04681271629604867,0.022254880221363092
Jonnester/LR-AttnRes-tail-r128,Full r=128,sliced_lr_attnres,20,previous,1007616,0.9531872858846091,0.02225489101748889
Jonnester/LR-AttnRes-tail-r128,Full r=128,sliced_lr_attnres,21,embedding,1007616,0.07489734663953626,0.02948813057264761
Jonnester/LR-AttnRes-tail-r128,Full r=128,sliced_lr_attnres,21,previous,1007616,0.9251026554805476,0.029488006736679374
Jonnester/LR-AttnRes-tail-r128,Full r=128,sliced_lr_attnres,22,embedding,1007616,0.049816615394945064,0.02687054875656188
Jonnester/LR-AttnRes-tail-r128,Full r=128,sliced_lr_attnres,22,previous,1007616,0.950183385271367,0.026870621952715692
Jonnester/LR-AttnRes-tail-r128,Full r=128,sliced_lr_attnres,23,embedding,1007616,0.08062216270018399,0.03577710716379819
Jonnester/LR-AttnRes-tail-r128,Full r=128,sliced_lr_attnres,23,previous,1007616,0.9193778377238327,0.035777074627871455
Jonnester/LR-AttnRes-tail-r128,Full r=128,sliced_lr_attnres,24,embedding,1007616,0.042557638925992375,0.020681306233418222
Jonnester/LR-AttnRes-tail-r128,Full r=128,sliced_lr_attnres,24,previous,1007616,0.9574423587419153,0.02068150359744463
Jonnester/LR-AttnRes-tail-r128,Full r=128,sliced_lr_attnres,25,embedding,1007616,0.08673630763844746,0.0417122742543044
Jonnester/LR-AttnRes-tail-r128,Full r=128,sliced_lr_attnres,25,previous,1007616,0.9132636921192573,0.04171224783808964
Jonnester/LR-AttnRes-tail-r128,Full r=128,sliced_lr_attnres,26,embedding,1007616,0.042757364095953425,0.019211546834830784
Jonnester/LR-AttnRes-tail-r128,Full r=128,sliced_lr_attnres,26,previous,1007616,0.9572426405379443,0.01921130712427425
Jonnester/LR-AttnRes-tail-r128,Full r=128,sliced_lr_attnres,27,embedding,1007616,0.08311766361802574,0.041469302404659084
Jonnester/LR-AttnRes-tail-r128,Full r=128,sliced_lr_attnres,27,previous,1007616,0.9168823366242695,0.04146925760885965
Jonnester/LR-AttnRes-tail-r128,Full r=128,sliced_lr_attnres,28,embedding,1007616,0.044193485009718717,0.02095240756657842
Jonnester/LR-AttnRes-tail-r128,Full r=128,sliced_lr_attnres,28,previous,1007616,0.9558065179886857,0.020952336691525998
Jonnester/LR-AttnRes-tail-r128,Full r=128,sliced_lr_attnres,29,embedding,1007616,0.0926190189472059,0.0480989701331258
Jonnester/LR-AttnRes-tail-r128,Full r=128,sliced_lr_attnres,29,previous,1007616,0.90738097972017,0.0480989082197455
Jonnester/LR-AttnRes-tail-r128,Full r=128,sliced_lr_attnres,30,embedding,1007616,0.06126145118983781,0.02835835562801615
Jonnester/LR-AttnRes-tail-r128,Full r=128,sliced_lr_attnres,30,previous,1007616,0.9387385496279088,0.028358332830400575
Jonnester/LR-AttnRes-tail-r128,Full r=128,sliced_lr_attnres,31,embedding,1007616,0.08541065363622294,0.04481530183098291
Jonnester/LR-AttnRes-tail-r128,Full r=128,sliced_lr_attnres,31,previous,1007616,0.9145893386709012,0.044815383895752764
Jonnester/LR-AttnRes-tail-r128,Full r=128,sliced_lr_attnres,32,embedding,1007616,0.047599892518142374,0.01885173597184109
Jonnester/LR-AttnRes-tail-r128,Full r=128,sliced_lr_attnres,32,previous,1007616,0.9524001076938661,0.018851551196728007
Jonnester/LR-AttnRes-tail-r128,Full r=128,sliced_lr_attnres,33,embedding,1007616,0.0747955955140959,0.041239755406829136
Jonnester/LR-AttnRes-tail-r128,Full r=128,sliced_lr_attnres,33,previous,1007616,0.9252044010937699,0.04123980451896001
Jonnester/LR-AttnRes-tail-r128,Full r=128,sliced_lr_attnres,34,embedding,1007616,0.03964000074117164,0.01918410321706011
Jonnester/LR-AttnRes-tail-r128,Full r=128,sliced_lr_attnres,34,previous,1007616,0.960360000773174,0.019183872739020554
Jonnester/LR-AttnRes-tail-r128,Full r=128,sliced_lr_attnres,35,embedding,1007616,0.06026180494364684,0.03492157774803294
Jonnester/LR-AttnRes-tail-r128,Full r=128,sliced_lr_attnres,35,previous,1007616,0.9397381936631551,0.034921454845449576
Jonnester/LR-AttnRes-tail-r128,Full r=128,sliced_lr_attnres,36,embedding,1007616,0.03274129296281958,0.011128332311320915
Jonnester/LR-AttnRes-tail-r128,Full r=128,sliced_lr_attnres,36,previous,1007616,0.9672587019641224,0.011128467625817054
Jonnester/LR-AttnRes-tail-r128,Full r=128,sliced_lr_attnres,37,embedding,1007616,0.060188517761908894,0.03749825787142542
Jonnester/LR-AttnRes-tail-r128,Full r=128,sliced_lr_attnres,37,previous,1007616,0.9398114773316112,0.037498359740568095
Jonnester/LR-AttnRes-tail-r128,Full r=128,sliced_lr_attnres,38,embedding,1007616,0.03315172816922025,0.010576378973368371
Jonnester/LR-AttnRes-tail-r128,Full r=128,sliced_lr_attnres,38,previous,1007616,0.9668482823100516,0.010575751062521161
Jonnester/LR-AttnRes-tail-r128,Full r=128,sliced_lr_attnres,39,embedding,1007616,0.05774120992519022,0.03869171660875382
Jonnester/LR-AttnRes-tail-r128,Full r=128,sliced_lr_attnres,39,previous,1007616,0.9422587873489876,0.03869169695877845
Jonnester/LR-AttnRes-tail-r128,Full r=128,sliced_lr_attnres,40,embedding,1007616,0.0299226708589046,0.00944885159547562
Jonnester/LR-AttnRes-tail-r128,Full r=128,sliced_lr_attnres,40,previous,1007616,0.9700773285656441,0.009449152048244843
Jonnester/LR-AttnRes-tail-r128,Full r=128,sliced_lr_attnres,41,embedding,1007616,0.05724372526979059,0.03563543017070341
Jonnester/LR-AttnRes-tail-r128,Full r=128,sliced_lr_attnres,41,previous,1007616,0.9427562685516792,0.03563547618037102
Jonnester/LR-AttnRes-tail-r128,Full r=128,sliced_lr_attnres,42,embedding,1007616,0.025342140437626257,0.012291024049546788
Jonnester/LR-AttnRes-tail-r128,Full r=128,sliced_lr_attnres,42,previous,1007616,0.9746578529598268,0.01229124233370778
Jonnester/LR-AttnRes-tail-r128,Full r=128,sliced_lr_attnres,43,embedding,1007616,0.048781735504545815,0.030995703177167745
Jonnester/LR-AttnRes-tail-r128,Full r=128,sliced_lr_attnres,43,previous,1007616,0.9512182658280783,0.030995576811818172
Jonnester/LR-AttnRes-tail-r128,Full r=128,sliced_lr_attnres,44,embedding,1007616,0.022125550386745754,0.010322568960533494
Jonnester/LR-AttnRes-tail-r128,Full r=128,sliced_lr_attnres,44,previous,1007616,0.977874452990245,0.010322293632581697
Jonnester/LR-AttnRes-tail-r128,Full r=128,sliced_lr_attnres,45,embedding,1007616,0.044103980821564914,0.027547806893505455
Jonnester/LR-AttnRes-tail-r128,Full r=128,sliced_lr_attnres,45,previous,1007616,0.955896022358561,0.02754765258412978
Jonnester/LR-AttnRes-tail-r128,Full r=128,sliced_lr_attnres,46,embedding,1007616,0.018335756383896843,0.009993792807012939
Jonnester/LR-AttnRes-tail-r128,Full r=128,sliced_lr_attnres,46,previous,1007616,0.9816642442369848,0.009993501124675517
Jonnester/LR-AttnRes-tail-r128,Full r=128,sliced_lr_attnres,47,embedding,1007616,0.03831675809209909,0.023247714405256033
Jonnester/LR-AttnRes-tail-r128,Full r=128,sliced_lr_attnres,47,previous,1007616,0.9616832471475368,0.02324760479229898
Jonnester/LR-AttnRes-tail-r128,Full r=128,sliced_lr_attnres,48,embedding,1007616,0.04329042772694332,0.026281259459835983
Jonnester/LR-AttnRes-tail-r128,Full r=128,sliced_lr_attnres,48,previous,1007616,0.9567095705164157,0.026281189023894796
Jonnester/LR-AttnRes-tail-r256,Full r=256,sliced_lr_attnres,1,embedding,1007616,0.9527091257940463,0.02802476924226032
Jonnester/LR-AttnRes-tail-r256,Full r=256,sliced_lr_attnres,1,previous,1007616,0.04729087417566679,0.02802478584188218
Jonnester/LR-AttnRes-tail-r256,Full r=256,sliced_lr_attnres,2,embedding,1007616,0.49115411416301885,0.13898549857699882
Jonnester/LR-AttnRes-tail-r256,Full r=256,sliced_lr_attnres,2,previous,1007616,0.5088458843832093,0.13898549910535427
Jonnester/LR-AttnRes-tail-r256,Full r=256,sliced_lr_attnres,3,embedding,1007616,0.6273216377428876,0.12499407468370011
Jonnester/LR-AttnRes-tail-r256,Full r=256,sliced_lr_attnres,3,previous,1007616,0.3726783622571123,0.12499407371447287
Jonnester/LR-AttnRes-tail-r256,Full r=256,sliced_lr_attnres,4,embedding,1007616,0.3812371363969353,0.16244064401648892
Jonnester/LR-AttnRes-tail-r256,Full r=256,sliced_lr_attnres,4,previous,1007616,0.6187628652991318,0.16244065433631225
Jonnester/LR-AttnRes-tail-r256,Full r=256,sliced_lr_attnres,5,embedding,1007616,0.3204787332352584,0.10144954800404431
Jonnester/LR-AttnRes-tail-r256,Full r=256,sliced_lr_attnres,5,previous,1007616,0.6795212684608087,0.10144953067274871
Jonnester/LR-AttnRes-tail-r256,Full r=256,sliced_lr_attnres,6,embedding,1007616,0.21752990309785053,0.11166866520222983
Jonnester/LR-AttnRes-tail-r256,Full r=256,sliced_lr_attnres,6,previous,1007616,0.7824700954483776,0.11166868067772281
Jonnester/LR-AttnRes-tail-r256,Full r=256,sliced_lr_attnres,7,embedding,1007616,0.35912973270183657,0.15217014670270698
Jonnester/LR-AttnRes-tail-r256,Full r=256,sliced_lr_attnres,7,previous,1007616,0.6408702668135728,0.1521701419764491
Jonnester/LR-AttnRes-tail-r256,Full r=256,sliced_lr_attnres,8,embedding,1007616,0.17647891558282744,0.10956811761289298
Jonnester/LR-AttnRes-tail-r256,Full r=256,sliced_lr_attnres,8,previous,1007616,0.8235210819942195,0.10956812946628518
Jonnester/LR-AttnRes-tail-r256,Full r=256,sliced_lr_attnres,9,embedding,1007616,0.32777656917649556,0.1656926927964696
Jonnester/LR-AttnRes-tail-r256,Full r=256,sliced_lr_attnres,9,previous,1007616,0.6722234269467796,0.1656926933529907
Jonnester/LR-AttnRes-tail-r256,Full r=256,sliced_lr_attnres,10,embedding,1007616,0.14398249159983503,0.09923016237028973
Jonnester/LR-AttnRes-tail-r256,Full r=256,sliced_lr_attnres,10,previous,1007616,0.8560175081578697,0.09923015972957908
Jonnester/LR-AttnRes-tail-r256,Full r=256,sliced_lr_attnres,11,embedding,1007616,0.25288711597279806,0.13250573213651776
Jonnester/LR-AttnRes-tail-r256,Full r=256,sliced_lr_attnres,11,previous,1007616,0.7471128862078596,0.13250573218403164
Jonnester/LR-AttnRes-tail-r256,Full r=256,sliced_lr_attnres,12,embedding,1007616,0.14120104436467334,0.09266992694471282
Jonnester/LR-AttnRes-tail-r256,Full r=256,sliced_lr_attnres,12,previous,1007616,0.8587989535758166,0.09266992160056599
Jonnester/LR-AttnRes-tail-r256,Full r=256,sliced_lr_attnres,13,embedding,1007616,0.36218864646384386,0.19317312434103653
Jonnester/LR-AttnRes-tail-r256,Full r=256,sliced_lr_attnres,13,previous,1007616,0.6378113530515656,0.19317311465241957
Jonnester/LR-AttnRes-tail-r256,Full r=256,sliced_lr_attnres,14,embedding,1007616,0.10207695247438865,0.06034390876110498
Jonnester/LR-AttnRes-tail-r256,Full r=256,sliced_lr_attnres,14,previous,1007616,0.8979230469804469,0.060343870384234846
Jonnester/LR-AttnRes-tail-r256,Full r=256,sliced_lr_attnres,15,embedding,1007616,0.15843259185794892,0.10107310820357236
Jonnester/LR-AttnRes-tail-r256,Full r=256,sliced_lr_attnres,15,previous,1007616,0.8415674077786082,0.10107310673491322
Jonnester/LR-AttnRes-tail-r256,Full r=256,sliced_lr_attnres,16,embedding,1007616,0.0729861037760246,0.04379681572304654
Jonnester/LR-AttnRes-tail-r256,Full r=256,sliced_lr_attnres,16,previous,1007616,0.927013898768076,0.04379675011790401
Jonnester/LR-AttnRes-tail-r256,Full r=256,sliced_lr_attnres,17,embedding,1007616,0.11364280456692223,0.056251803975373764
Jonnester/LR-AttnRes-tail-r256,Full r=256,sliced_lr_attnres,17,previous,1007616,0.8863571896785643,0.05625189471621867
Jonnester/LR-AttnRes-tail-r256,Full r=256,sliced_lr_attnres,18,embedding,1007616,0.05765710228948089,0.032480328320503474
Jonnester/LR-AttnRes-tail-r256,Full r=256,sliced_lr_attnres,18,previous,1007616,0.9423428982253966,0.03248035152632082
Jonnester/LR-AttnRes-tail-r256,Full r=256,sliced_lr_attnres,19,embedding,1007616,0.12844351194496076,0.06390251772077912
Jonnester/LR-AttnRes-tail-r256,Full r=256,sliced_lr_attnres,19,previous,1007616,0.8715564855715123,0.06390250656749737
Jonnester/LR-AttnRes-tail-r256,Full r=256,sliced_lr_attnres,20,embedding,1007616,0.046449676822356095,0.02654989089404594
Jonnester/LR-AttnRes-tail-r256,Full r=256,sliced_lr_attnres,20,previous,1007616,0.9535503285687145,0.02654989626191263
Jonnester/LR-AttnRes-tail-r256,Full r=256,sliced_lr_attnres,21,embedding,1007616,0.1044966805635429,0.05083370280617998
Jonnester/LR-AttnRes-tail-r256,Full r=256,sliced_lr_attnres,21,previous,1007616,0.8955033150145678,0.050833680980978846
Jonnester/LR-AttnRes-tail-r256,Full r=256,sliced_lr_attnres,22,embedding,1007616,0.045552102773170164,0.02646831121958336
Jonnester/LR-AttnRes-tail-r256,Full r=256,sliced_lr_attnres,22,previous,1007616,0.9544479003766688,0.02646815780095031
Jonnester/LR-AttnRes-tail-r256,Full r=256,sliced_lr_attnres,23,embedding,1007616,0.05769001977230475,0.028649084618402428
Jonnester/LR-AttnRes-tail-r256,Full r=256,sliced_lr_attnres,23,previous,1007616,0.9423099819237624,0.02864913583753337
Jonnester/LR-AttnRes-tail-r256,Full r=256,sliced_lr_attnres,24,embedding,1007616,0.04446160284484305,0.02344010840341445
Jonnester/LR-AttnRes-tail-r256,Full r=256,sliced_lr_attnres,24,previous,1007616,0.9555384003049959,0.023440161660727807
Jonnester/LR-AttnRes-tail-r256,Full r=256,sliced_lr_attnres,25,embedding,1007616,0.08484793938999254,0.04875882419474289
Jonnester/LR-AttnRes-tail-r256,Full r=256,sliced_lr_attnres,25,previous,1007616,0.9151520612763195,0.048758796975086324
Jonnester/LR-AttnRes-tail-r256,Full r=256,sliced_lr_attnres,26,embedding,1007616,0.04356699709485217,0.024319557047705578
Jonnester/LR-AttnRes-tail-r256,Full r=256,sliced_lr_attnres,26,previous,1007616,0.9564330064184298,0.02431948503861713
Jonnester/LR-AttnRes-tail-r256,Full r=256,sliced_lr_attnres,27,embedding,1007616,0.0802005726268621,0.03864170153477225
Jonnester/LR-AttnRes-tail-r256,Full r=256,sliced_lr_attnres,27,previous,1007616,0.919799422830101,0.03864171390484087
Jonnester/LR-AttnRes-tail-r256,Full r=256,sliced_lr_attnres,28,embedding,1007616,0.044263533430128565,0.022133525596406245
Jonnester/LR-AttnRes-tail-r256,Full r=256,sliced_lr_attnres,28,previous,1007616,0.9557364626628596,0.022133705078295082
Jonnester/LR-AttnRes-tail-r256,Full r=256,sliced_lr_attnres,29,embedding,1007616,0.08818896659990637,0.043417842453406345
Jonnester/LR-AttnRes-tail-r256,Full r=256,sliced_lr_attnres,29,previous,1007616,0.91181103049255,0.043417819413665494
Jonnester/LR-AttnRes-tail-r256,Full r=256,sliced_lr_attnres,30,embedding,1007616,0.05802908239931595,0.0345149322258133
Jonnester/LR-AttnRes-tail-r256,Full r=256,sliced_lr_attnres,30,previous,1007616,0.941970914844575,0.03451497483999545
Jonnester/LR-AttnRes-tail-r256,Full r=256,sliced_lr_attnres,31,embedding,1007616,0.08916854997718238,0.04891129170191378
Jonnester/LR-AttnRes-tail-r256,Full r=256,sliced_lr_attnres,31,previous,1007616,0.9108314441471566,0.048911335017227574
Jonnester/LR-AttnRes-tail-r256,Full r=256,sliced_lr_attnres,32,embedding,1007616,0.0455954179349469,0.020831356218988618
Jonnester/LR-AttnRes-tail-r256,Full r=256,sliced_lr_attnres,32,previous,1007616,0.9544045779763198,0.020831456448918765
Jonnester/LR-AttnRes-tail-r256,Full r=256,sliced_lr_attnres,33,embedding,1007616,0.06810937155552996,0.04098022489469626
Jonnester/LR-AttnRes-tail-r256,Full r=256,sliced_lr_attnres,33,previous,1007616,0.9318906262638124,0.04098019193890639
Jonnester/LR-AttnRes-tail-r256,Full r=256,sliced_lr_attnres,34,embedding,1007616,0.03874012606778765,0.02191920670079898
Jonnester/LR-AttnRes-tail-r256,Full r=256,sliced_lr_attnres,34,previous,1007616,0.9612598753556972,0.021919114177833775
Jonnester/LR-AttnRes-tail-r256,Full r=256,sliced_lr_attnres,35,embedding,1007616,0.05696626307397354,0.03214999382500052
Jonnester/LR-AttnRes-tail-r256,Full r=256,sliced_lr_attnres,35,previous,1007616,0.9430337305960617,0.032150093476392645
Jonnester/LR-AttnRes-tail-r256,Full r=256,sliced_lr_attnres,36,embedding,1007616,0.03255492212568841,0.013285305616489607
Jonnester/LR-AttnRes-tail-r256,Full r=256,sliced_lr_attnres,36,previous,1007616,0.9674450745427512,0.013285576645629585
Jonnester/LR-AttnRes-tail-r256,Full r=256,sliced_lr_attnres,37,embedding,1007616,0.06854828537964239,0.04774556946359019
Jonnester/LR-AttnRes-tail-r256,Full r=256,sliced_lr_attnres,37,previous,1007616,0.9314517146203576,0.0477455201040024
Jonnester/LR-AttnRes-tail-r256,Full r=256,sliced_lr_attnres,38,embedding,1007616,0.03693969762785648,0.016641418130706135
Jonnester/LR-AttnRes-tail-r256,Full r=256,sliced_lr_attnres,38,previous,1007616,0.9630603019784136,0.016641400820097168
Jonnester/LR-AttnRes-tail-r256,Full r=256,sliced_lr_attnres,39,embedding,1007616,0.05929973364118638,0.04350104041906045
Jonnester/LR-AttnRes-tail-r256,Full r=256,sliced_lr_attnres,39,previous,1007616,0.9407002591505284,0.04350117366879938
Jonnester/LR-AttnRes-tail-r256,Full r=256,sliced_lr_attnres,40,embedding,1007616,0.03260872996132064,0.014123248290537438
Jonnester/LR-AttnRes-tail-r256,Full r=256,sliced_lr_attnres,40,previous,1007616,0.9673912752934588,0.014122839397008934
Jonnester/LR-AttnRes-tail-r256,Full r=256,sliced_lr_attnres,41,embedding,1007616,0.060977976950930386,0.04237419873057889
Jonnester/LR-AttnRes-tail-r256,Full r=256,sliced_lr_attnres,41,previous,1007616,0.9390220220496015,0.04237410267731038
Jonnester/LR-AttnRes-tail-r256,Full r=256,sliced_lr_attnres,42,embedding,1007616,0.029108275273224203,0.011902775603347982
Jonnester/LR-AttnRes-tail-r256,Full r=256,sliced_lr_attnres,42,previous,1007616,0.9708917262108345,0.011902464582104758
Jonnester/LR-AttnRes-tail-r256,Full r=256,sliced_lr_attnres,43,embedding,1007616,0.05136507719270582,0.03404995562462843
Jonnester/LR-AttnRes-tail-r256,Full r=256,sliced_lr_attnres,43,previous,1007616,0.9486349205660626,0.03404992205678185
Jonnester/LR-AttnRes-tail-r256,Full r=256,sliced_lr_attnres,44,embedding,1007616,0.024005839419437618,0.01195632922890616
Jonnester/LR-AttnRes-tail-r256,Full r=256,sliced_lr_attnres,44,previous,1007616,0.9759941634123888,0.011955994223999927
Jonnester/LR-AttnRes-tail-r256,Full r=256,sliced_lr_attnres,45,embedding,1007616,0.048288535538727674,0.03337399971738422
Jonnester/LR-AttnRes-tail-r256,Full r=256,sliced_lr_attnres,45,previous,1007616,0.951711464218977,0.03337391777676467
Jonnester/LR-AttnRes-tail-r256,Full r=256,sliced_lr_attnres,46,embedding,1007616,0.02453859804607019,0.009848554138745618
Jonnester/LR-AttnRes-tail-r256,Full r=256,sliced_lr_attnres,46,previous,1007616,0.9754614054672117,0.009848636049745828
Jonnester/LR-AttnRes-tail-r256,Full r=256,sliced_lr_attnres,47,embedding,1007616,0.040484800934791565,0.028072297792300967
Jonnester/LR-AttnRes-tail-r256,Full r=256,sliced_lr_attnres,47,previous,1007616,0.9595152003978326,0.028072282789075687
Jonnester/LR-AttnRes-tail-r256,Full r=256,sliced_lr_attnres,48,embedding,1007616,0.04390279149136892,0.033024213909070975
Jonnester/LR-AttnRes-tail-r256,Full r=256,sliced_lr_attnres,48,previous,1007616,0.9560972074183022,0.033024076783989026
Jonnester/LR-AttnRes-tail-r512,Full r=512,sliced_lr_attnres,1,embedding,1007616,0.9599596630267011,0.024800325757613702
Jonnester/LR-AttnRes-tail-r512,Full r=512,sliced_lr_attnres,1,previous,1007616,0.04004033621612603,0.024800330052230785
Jonnester/LR-AttnRes-tail-r512,Full r=512,sliced_lr_attnres,2,embedding,1007616,0.5622737005474122,0.14887565808759698
Jonnester/LR-AttnRes-tail-r512,Full r=512,sliced_lr_attnres,2,previous,1007616,0.4377262965450442,0.14887565849889214
Jonnester/LR-AttnRes-tail-r512,Full r=512,sliced_lr_attnres,3,embedding,1007616,0.7579588206802926,0.07023985019459356
Jonnester/LR-AttnRes-tail-r512,Full r=512,sliced_lr_attnres,3,previous,1007616,0.24204117859282145,0.07023985269938678
Jonnester/LR-AttnRes-tail-r512,Full r=512,sliced_lr_attnres,4,embedding,1007616,0.3102500404768843,0.10133592117071735
Jonnester/LR-AttnRes-tail-r512,Full r=512,sliced_lr_attnres,4,previous,1007616,0.6897499561309814,0.1013359251314256
Jonnester/LR-AttnRes-tail-r512,Full r=512,sliced_lr_attnres,5,embedding,1007616,0.3297674871557127,0.08604896833538835
Jonnester/LR-AttnRes-tail-r512,Full r=512,sliced_lr_attnres,5,previous,1007616,0.670232510179039,0.08604899613437275
Jonnester/LR-AttnRes-tail-r512,Full r=512,sliced_lr_attnres,6,embedding,1007616,0.26775953597654173,0.10566994710356319
Jonnester/LR-AttnRes-tail-r512,Full r=512,sliced_lr_attnres,6,previous,1007616,0.732240460267881,0.10566998975169332
Jonnester/LR-AttnRes-tail-r512,Full r=512,sliced_lr_attnres,7,embedding,1007616,0.3368802574591908,0.11358645368108883
Jonnester/LR-AttnRes-tail-r512,Full r=512,sliced_lr_attnres,7,previous,1007616,0.6631197396332655,0.11358647732142654
Jonnester/LR-AttnRes-tail-r512,Full r=512,sliced_lr_attnres,8,embedding,1007616,0.17399667494180726,0.08294346045287193
Jonnester/LR-AttnRes-tail-r512,Full r=512,sliced_lr_attnres,8,previous,1007616,0.8260033213026156,0.08294349529721294
Jonnester/LR-AttnRes-tail-r512,Full r=512,sliced_lr_attnres,9,embedding,1007616,0.29888012496436517,0.13114124648473663
Jonnester/LR-AttnRes-tail-r512,Full r=512,sliced_lr_attnres,9,previous,1007616,0.7011198769739972,0.13114124813101571
Jonnester/LR-AttnRes-tail-r512,Full r=512,sliced_lr_attnres,10,embedding,1007616,0.13084837733730068,0.076691231560524
Jonnester/LR-AttnRes-tail-r512,Full r=512,sliced_lr_attnres,10,previous,1007616,0.8691516213300752,0.07669123698778096
Jonnester/LR-AttnRes-tail-r512,Full r=512,sliced_lr_attnres,11,embedding,1007616,0.3393839886033438,0.16129275331998968
Jonnester/LR-AttnRes-tail-r512,Full r=512,sliced_lr_attnres,11,previous,1007616,0.6606160101851797,0.16129275621636738
Jonnester/LR-AttnRes-tail-r512,Full r=512,sliced_lr_attnres,12,embedding,1007616,0.1028578181455775,0.06985254222305176
Jonnester/LR-AttnRes-tail-r512,Full r=512,sliced_lr_attnres,12,previous,1007616,0.8971421830053252,0.0698525247858792
Jonnester/LR-AttnRes-tail-r512,Full r=512,sliced_lr_attnres,13,embedding,1007616,0.3918200430831289,0.19740214523433014
Jonnester/LR-AttnRes-tail-r512,Full r=512,sliced_lr_attnres,13,previous,1007616,0.6081799554630993,0.1974021549298167
Jonnester/LR-AttnRes-tail-r512,Full r=512,sliced_lr_attnres,14,embedding,1007616,0.07633610687604765,0.042353950888877445
Jonnester/LR-AttnRes-tail-r512,Full r=512,sliced_lr_attnres,14,previous,1007616,0.9236638957892007,0.0423538326074154
Jonnester/LR-AttnRes-tail-r512,Full r=512,sliced_lr_attnres,15,embedding,1007616,0.14696002424490162,0.07853089342827844
Jonnester/LR-AttnRes-tail-r512,Full r=512,sliced_lr_attnres,15,previous,1007616,0.8530399721812426,0.07853095143620233
Jonnester/LR-AttnRes-tail-r512,Full r=512,sliced_lr_attnres,16,embedding,1007616,0.0647904849270495,0.04057404721525718
Jonnester/LR-AttnRes-tail-r512,Full r=512,sliced_lr_attnres,16,previous,1007616,0.9352095141643431,0.04057410244864047
Jonnester/LR-AttnRes-tail-r512,Full r=512,sliced_lr_attnres,17,embedding,1007616,0.19047835844803632,0.08285627709223271
Jonnester/LR-AttnRes-tail-r512,Full r=512,sliced_lr_attnres,17,previous,1007616,0.8095216377963864,0.08285628216611601
Jonnester/LR-AttnRes-tail-r512,Full r=512,sliced_lr_attnres,18,embedding,1007616,0.045470185365861025,0.02336890620655804
Jonnester/LR-AttnRes-tail-r512,Full r=512,sliced_lr_attnres,18,previous,1007616,0.9545298175113958,0.023368803545372314
Jonnester/LR-AttnRes-tail-r512,Full r=512,sliced_lr_attnres,19,embedding,1007616,0.12605054434237442,0.05018066732693567
Jonnester/LR-AttnRes-tail-r512,Full r=512,sliced_lr_attnres,19,previous,1007616,0.8739494560210685,0.05018064213601589
Jonnester/LR-AttnRes-tail-r512,Full r=512,sliced_lr_attnres,20,embedding,1007616,0.03979788114869497,0.017582212549554825
Jonnester/LR-AttnRes-tail-r512,Full r=512,sliced_lr_attnres,20,previous,1007616,0.9602021230914728,0.017582061838289746
Jonnester/LR-AttnRes-tail-r512,Full r=512,sliced_lr_attnres,21,embedding,1007616,0.12377741151466602,0.06077512630152479
Jonnester/LR-AttnRes-tail-r512,Full r=512,sliced_lr_attnres,21,previous,1007616,0.876222586728693,0.06077510359991896
Jonnester/LR-AttnRes-tail-r512,Full r=512,sliced_lr_attnres,22,embedding,1007616,0.0445610765155738,0.01764542162484988
Jonnester/LR-AttnRes-tail-r512,Full r=512,sliced_lr_attnres,22,previous,1007616,0.9554389293600873,0.01764515207201428
Jonnester/LR-AttnRes-tail-r512,Full r=512,sliced_lr_attnres,23,embedding,1007616,0.05324297280209821,0.02325608767594649
Jonnester/LR-AttnRes-tail-r512,Full r=512,sliced_lr_attnres,23,previous,1007616,0.9467570311654874,0.02325598960253617
Jonnester/LR-AttnRes-tail-r512,Full r=512,sliced_lr_attnres,24,embedding,1007616,0.044151908195600276,0.0176098067444014
Jonnester/LR-AttnRes-tail-r512,Full r=512,sliced_lr_attnres,24,previous,1007616,0.9558480890785775,0.017609881765935028
Jonnester/LR-AttnRes-tail-r512,Full r=512,sliced_lr_attnres,25,embedding,1007616,0.0998111889372027,0.053024089013674246
Jonnester/LR-AttnRes-tail-r512,Full r=512,sliced_lr_attnres,25,previous,1007616,0.9001888075495154,0.05302403549122726
Jonnester/LR-AttnRes-tail-r512,Full r=512,sliced_lr_attnres,26,embedding,1007616,0.03811664667313661,0.016517184260414822
Jonnester/LR-AttnRes-tail-r512,Full r=512,sliced_lr_attnres,26,previous,1007616,0.9618833491472694,0.016517199025781977
Jonnester/LR-AttnRes-tail-r512,Full r=512,sliced_lr_attnres,27,embedding,1007616,0.08057587296982122,0.034149153716013826
Jonnester/LR-AttnRes-tail-r512,Full r=512,sliced_lr_attnres,27,previous,1007616,0.9194241258187023,0.03414917474838667
Jonnester/LR-AttnRes-tail-r512,Full r=512,sliced_lr_attnres,28,embedding,1007616,0.04093696292096037,0.018637947428219205
Jonnester/LR-AttnRes-tail-r512,Full r=512,sliced_lr_attnres,28,previous,1007616,0.9590630347166604,0.018638005360934247
Jonnester/LR-AttnRes-tail-r512,Full r=512,sliced_lr_attnres,29,embedding,1007616,0.06930107656654304,0.032383874440536385
Jonnester/LR-AttnRes-tail-r512,Full r=512,sliced_lr_attnres,29,previous,1007616,0.9306989234637438,0.03238380722596826
Jonnester/LR-AttnRes-tail-r512,Full r=512,sliced_lr_attnres,30,embedding,1007616,0.04783268357680096,0.024619803743259016
Jonnester/LR-AttnRes-tail-r512,Full r=512,sliced_lr_attnres,30,previous,1007616,0.952167317150085,0.024619712122581367
Jonnester/LR-AttnRes-tail-r512,Full r=512,sliced_lr_attnres,31,embedding,1007616,0.07658077267611899,0.04290499950838274
Jonnester/LR-AttnRes-tail-r512,Full r=512,sliced_lr_attnres,31,previous,1007616,0.9234192250220756,0.042905026062709656
Jonnester/LR-AttnRes-tail-r512,Full r=512,sliced_lr_attnres,32,embedding,1007616,0.032369045601264246,0.014257612121563928
Jonnester/LR-AttnRes-tail-r512,Full r=512,sliced_lr_attnres,32,previous,1007616,0.9676309547773222,0.014257358200054701
Jonnester/LR-AttnRes-tail-r512,Full r=512,sliced_lr_attnres,33,embedding,1007616,0.06251968834094884,0.03322874264106227
Jonnester/LR-AttnRes-tail-r512,Full r=512,sliced_lr_attnres,33,previous,1007616,0.9374803052685126,0.03322869205079952
Jonnester/LR-AttnRes-tail-r512,Full r=512,sliced_lr_attnres,34,embedding,1007616,0.029281056190772755,0.012658946042791755
Jonnester/LR-AttnRes-tail-r512,Full r=512,sliced_lr_attnres,34,previous,1007616,0.9707189463987583,0.01265885492914297
Jonnester/LR-AttnRes-tail-r512,Full r=512,sliced_lr_attnres,35,embedding,1007616,0.06044707837991598,0.035597392153057225
Jonnester/LR-AttnRes-tail-r512,Full r=512,sliced_lr_attnres,35,previous,1007616,0.9395529211052065,0.03559740244574543
Jonnester/LR-AttnRes-tail-r512,Full r=512,sliced_lr_attnres,36,embedding,1007616,0.029608838093595775,0.011732433711750498
Jonnester/LR-AttnRes-tail-r512,Full r=512,sliced_lr_attnres,36,previous,1007616,0.9703911630118766,0.011731987962910362
Jonnester/LR-AttnRes-tail-r512,Full r=512,sliced_lr_attnres,37,embedding,1007616,0.08533019184823928,0.059087334967871025
Jonnester/LR-AttnRes-tail-r512,Full r=512,sliced_lr_attnres,37,previous,1007616,0.914669801064623,0.059087362151318656
Jonnester/LR-AttnRes-tail-r512,Full r=512,sliced_lr_attnres,38,embedding,1007616,0.040658128031385625,0.019165541124355343
Jonnester/LR-AttnRes-tail-r512,Full r=512,sliced_lr_attnres,38,previous,1007616,0.9593418671832821,0.01916566630838791
Jonnester/LR-AttnRes-tail-r512,Full r=512,sliced_lr_attnres,39,embedding,1007616,0.06541156157003186,0.04049570113761352
Jonnester/LR-AttnRes-tail-r512,Full r=512,sliced_lr_attnres,39,previous,1007616,0.9345884318274211,0.04049582018719932
Jonnester/LR-AttnRes-tail-r512,Full r=512,sliced_lr_attnres,40,embedding,1007616,0.038267893580401814,0.01738743550623418
Jonnester/LR-AttnRes-tail-r512,Full r=512,sliced_lr_attnres,40,previous,1007616,0.9617321021188565,0.017387628370518517
Jonnester/LR-AttnRes-tail-r512,Full r=512,sliced_lr_attnres,41,embedding,1007616,0.07015340772222697,0.04991256494944142
Jonnester/LR-AttnRes-tail-r512,Full r=512,sliced_lr_attnres,41,previous,1007616,0.9298465896428116,0.04991252085583095
Jonnester/LR-AttnRes-tail-r512,Full r=512,sliced_lr_attnres,42,embedding,1007616,0.02991532828143942,0.012436506437861782
Jonnester/LR-AttnRes-tail-r512,Full r=512,sliced_lr_attnres,42,previous,1007616,0.9700846686595823,0.012436387739159964
Jonnester/LR-AttnRes-tail-r512,Full r=512,sliced_lr_attnres,43,embedding,1007616,0.059160426077319354,0.038703548673307796
Jonnester/LR-AttnRes-tail-r512,Full r=512,sliced_lr_attnres,43,previous,1007616,0.9408395707122679,0.03870356888052572
Jonnester/LR-AttnRes-tail-r512,Full r=512,sliced_lr_attnres,44,embedding,1007616,0.02900113007886623,0.014893240196006494
Jonnester/LR-AttnRes-tail-r512,Full r=512,sliced_lr_attnres,44,previous,1007616,0.970998865317523,0.01489309278704837
Jonnester/LR-AttnRes-tail-r512,Full r=512,sliced_lr_attnres,45,embedding,1007616,0.0517092457692313,0.033505708144795955
Jonnester/LR-AttnRes-tail-r512,Full r=512,sliced_lr_attnres,45,previous,1007616,0.9482907497785925,0.03350575220470921
Jonnester/LR-AttnRes-tail-r512,Full r=512,sliced_lr_attnres,46,embedding,1007616,0.024123862128311056,0.009622035481980503
Jonnester/LR-AttnRes-tail-r512,Full r=512,sliced_lr_attnres,46,previous,1007616,0.9758761336163777,0.00962149704846017
Jonnester/LR-AttnRes-tail-r512,Full r=512,sliced_lr_attnres,47,embedding,1007616,0.043066013452967976,0.029438360127228603
Jonnester/LR-AttnRes-tail-r512,Full r=512,sliced_lr_attnres,47,previous,1007616,0.9569339897574448,0.029438289976728257
Jonnester/LR-AttnRes-tail-r512,Full r=512,sliced_lr_attnres,48,embedding,1007616,0.048039685419904506,0.03681256160540623
Jonnester/LR-AttnRes-tail-r512,Full r=512,sliced_lr_attnres,48,previous,1007616,0.9519603097341894,0.036812578292403086
Jonnester/LR-AttnRes-tail-r64-n4,n=4 r=64,sliced_lr_attnres,1,embedding,1007616,0.8864412399811473,0.029231986436896323
Jonnester/LR-AttnRes-tail-r64-n4,n=4 r=64,sliced_lr_attnres,1,partial,1007616,0.11355875965540971,0.02923202838569625
Jonnester/LR-AttnRes-tail-r64-n4,n=4 r=64,sliced_lr_attnres,2,embedding,1007616,0.7060400073121234,0.05383700329556192
Jonnester/LR-AttnRes-tail-r64-n4,n=4 r=64,sliced_lr_attnres,2,partial,1007616,0.29395999317246724,0.05383700402500811
Jonnester/LR-AttnRes-tail-r64-n4,n=4 r=64,sliced_lr_attnres,3,embedding,1007616,0.835432083141513,0.053230731897867783
Jonnester/LR-AttnRes-tail-r64-n4,n=4 r=64,sliced_lr_attnres,3,partial,1007616,0.1645679163738964,0.05323075928434518
Jonnester/LR-AttnRes-tail-r64-n4,n=4 r=64,sliced_lr_attnres,4,embedding,1007616,0.5654791462712172,0.06016914541087104
Jonnester/LR-AttnRes-tail-r64-n4,n=4 r=64,sliced_lr_attnres,4,partial,1007616,0.434520860997642,0.06016921473144464
Jonnester/LR-AttnRes-tail-r64-n4,n=4 r=64,sliced_lr_attnres,5,embedding,1007616,0.8184239854657553,0.058813674492459014
Jonnester/LR-AttnRes-tail-r64-n4,n=4 r=64,sliced_lr_attnres,5,partial,1007616,0.1815760129593252,0.058813667381814774
Jonnester/LR-AttnRes-tail-r64-n4,n=4 r=64,sliced_lr_attnres,6,embedding,1007616,0.5128617923918778,0.06331907629706826
Jonnester/LR-AttnRes-tail-r64-n4,n=4 r=64,sliced_lr_attnres,6,partial,1007616,0.48713821342320945,0.06331911191744773
Jonnester/LR-AttnRes-tail-r64-n4,n=4 r=64,sliced_lr_attnres,7,embedding,1007616,0.8246596848092428,0.06468759786878482
Jonnester/LR-AttnRes-tail-r64-n4,n=4 r=64,sliced_lr_attnres,7,partial,1007616,0.17534031397928068,0.06468761379405061
Jonnester/LR-AttnRes-tail-r64-n4,n=4 r=64,sliced_lr_attnres,8,embedding,1007616,0.5393520995853393,0.062100588392547645
Jonnester/LR-AttnRes-tail-r64-n4,n=4 r=64,sliced_lr_attnres,8,partial,1007616,0.4606479011415466,0.062100578123600245
Jonnester/LR-AttnRes-tail-r64-n4,n=4 r=64,sliced_lr_attnres,9,embedding,1007616,0.8467936370430923,0.058885926279366986
Jonnester/LR-AttnRes-tail-r64-n4,n=4 r=64,sliced_lr_attnres,9,partial,1007616,0.1532063641683842,0.058885974946332374
Jonnester/LR-AttnRes-tail-r64-n4,n=4 r=64,sliced_lr_attnres,10,embedding,1007616,0.4169078447469851,0.08508489409597716
Jonnester/LR-AttnRes-tail-r64-n4,n=4 r=64,sliced_lr_attnres,10,partial,1007616,0.583092152103176,0.08508489503627825
Jonnester/LR-AttnRes-tail-r64-n4,n=4 r=64,sliced_lr_attnres,11,embedding,1007616,0.7875268028034428,0.06286889691852021
Jonnester/LR-AttnRes-tail-r64-n4,n=4 r=64,sliced_lr_attnres,11,partial,1007616,0.21247319695426198,0.06286894253985689
Jonnester/LR-AttnRes-tail-r64-n4,n=4 r=64,sliced_lr_attnres,12,completed,1007616,0.4215539211664743,0.06962052586423931
Jonnester/LR-AttnRes-tail-r64-n4,n=4 r=64,sliced_lr_attnres,12,embedding,1007616,0.5784460771374587,0.06962054256627755
Jonnester/LR-AttnRes-tail-r64-n4,n=4 r=64,sliced_lr_attnres,13,completed,1007616,0.16803190003081067,0.04398320587436377
Jonnester/LR-AttnRes-tail-r64-n4,n=4 r=64,sliced_lr_attnres,13,embedding,1007616,0.17675581877309132,0.03341596783609303
Jonnester/LR-AttnRes-tail-r64-n4,n=4 r=64,sliced_lr_attnres,13,partial,1007616,0.6552122802269168,0.05476823374394968
Jonnester/LR-AttnRes-tail-r64-n4,n=4 r=64,sliced_lr_attnres,14,completed,1007616,0.08506299034366763,0.029845104383509676
Jonnester/LR-AttnRes-tail-r64-n4,n=4 r=64,sliced_lr_attnres,14,embedding,1007616,0.19501632863913126,0.04428141270311545
Jonnester/LR-AttnRes-tail-r64-n4,n=4 r=64,sliced_lr_attnres,14,partial,1007616,0.7199206783519527,0.060010693083148575
Jonnester/LR-AttnRes-tail-r64-n4,n=4 r=64,sliced_lr_attnres,15,completed,1007616,0.11164864479768567,0.03330838202574487
Jonnester/LR-AttnRes-tail-r64-n4,n=4 r=64,sliced_lr_attnres,15,embedding,1007616,0.19440240952057566,0.039798182888123756
Jonnester/LR-AttnRes-tail-r64-n4,n=4 r=64,sliced_lr_attnres,15,partial,1007616,0.6939489448942789,0.05912059733625714
Jonnester/LR-AttnRes-tail-r64-n4,n=4 r=64,sliced_lr_attnres,16,completed,1007616,0.10464367258354901,0.036037349287903135
Jonnester/LR-AttnRes-tail-r64-n4,n=4 r=64,sliced_lr_attnres,16,embedding,1007616,0.22601344188054404,0.05322836934436658
Jonnester/LR-AttnRes-tail-r64-n4,n=4 r=64,sliced_lr_attnres,16,partial,1007616,0.6693428866262359,0.07259780789664237
Jonnester/LR-AttnRes-tail-r64-n4,n=4 r=64,sliced_lr_attnres,17,completed,1007616,0.09967851644851328,0.033320543206413034
Jonnester/LR-AttnRes-tail-r64-n4,n=4 r=64,sliced_lr_attnres,17,embedding,1007616,0.23516908288002014,0.05458881836122806
Jonnester/LR-AttnRes-tail-r64-n4,n=4 r=64,sliced_lr_attnres,17,partial,1007616,0.6651524024281076,0.07184327767750931
Jonnester/LR-AttnRes-tail-r64-n4,n=4 r=64,sliced_lr_attnres,18,completed,1007616,0.08047910301181359,0.027534869064123037
Jonnester/LR-AttnRes-tail-r64-n4,n=4 r=64,sliced_lr_attnres,18,embedding,1007616,0.24022801365794205,0.0606958252383629
Jonnester/LR-AttnRes-tail-r64-n4,n=4 r=64,sliced_lr_attnres,18,partial,1007616,0.6792928833302444,0.07380283052383399
Jonnester/LR-AttnRes-tail-r64-n4,n=4 r=64,sliced_lr_attnres,19,completed,1007616,0.09983232060099036,0.03259490948445465
Jonnester/LR-AttnRes-tail-r64-n4,n=4 r=64,sliced_lr_attnres,19,embedding,1007616,0.24587461061593963,0.05426218167882741
Jonnester/LR-AttnRes-tail-r64-n4,n=4 r=64,sliced_lr_attnres,19,partial,1007616,0.6542930714483184,0.06936825813061143
Jonnester/LR-AttnRes-tail-r64-n4,n=4 r=64,sliced_lr_attnres,20,completed,1007616,0.08903438210245071,0.026274544481991662
Jonnester/LR-AttnRes-tail-r64-n4,n=4 r=64,sliced_lr_attnres,20,embedding,1007616,0.2484382926448574,0.05930251255875544
Jonnester/LR-AttnRes-tail-r64-n4,n=4 r=64,sliced_lr_attnres,20,partial,1007616,0.6625273280996617,0.0720618723656036
Jonnester/LR-AttnRes-tail-r64-n4,n=4 r=64,sliced_lr_attnres,21,completed,1007616,0.10474468900905393,0.03584770997134694
Jonnester/LR-AttnRes-tail-r64-n4,n=4 r=64,sliced_lr_attnres,21,embedding,1007616,0.288056921668169,0.06666258356644383
Jonnester/LR-AttnRes-tail-r64-n4,n=4 r=64,sliced_lr_attnres,21,partial,1007616,0.6071983924726161,0.0820847140886528
Jonnester/LR-AttnRes-tail-r64-n4,n=4 r=64,sliced_lr_attnres,22,completed,1007616,0.09413631763157805,0.03954880963867043
Jonnester/LR-AttnRes-tail-r64-n4,n=4 r=64,sliced_lr_attnres,22,embedding,1007616,0.2698549817248089,0.07662323208427792
Jonnester/LR-AttnRes-tail-r64-n4,n=4 r=64,sliced_lr_attnres,22,partial,1007616,0.6360087011887775,0.09945998873003956
Jonnester/LR-AttnRes-tail-r64-n4,n=4 r=64,sliced_lr_attnres,23,completed,1007616,0.12320342890130795,0.04419551377693024
Jonnester/LR-AttnRes-tail-r64-n4,n=4 r=64,sliced_lr_attnres,23,embedding,1007616,0.4029226121379108,0.08598933261093099
Jonnester/LR-AttnRes-tail-r64-n4,n=4 r=64,sliced_lr_attnres,23,partial,1007616,0.47387396126258663,0.09051581188873832
Jonnester/LR-AttnRes-tail-r64-n4,n=4 r=64,sliced_lr_attnres,24,completed,1007616,0.6738358895953108,0.07297281617526148
Jonnester/LR-AttnRes-tail-r64-n4,n=4 r=64,sliced_lr_attnres,24,embedding,1007616,0.3261641128276422,0.07297282194722096
Jonnester/LR-AttnRes-tail-r64-n4,n=4 r=64,sliced_lr_attnres,25,completed,1007616,0.20782068771560017,0.048216571647723055
Jonnester/LR-AttnRes-tail-r64-n4,n=4 r=64,sliced_lr_attnres,25,embedding,1007616,0.17685545011749113,0.05172395092185701
Jonnester/LR-AttnRes-tail-r64-n4,n=4 r=64,sliced_lr_attnres,25,partial,1007616,0.6153238641052712,0.07730706875409249
Jonnester/LR-AttnRes-tail-r64-n4,n=4 r=64,sliced_lr_attnres,26,completed,1007616,0.22429809592119077,0.03924348838565918
Jonnester/LR-AttnRes-tail-r64-n4,n=4 r=64,sliced_lr_attnres,26,embedding,1007616,0.15587003747137582,0.03848998731238921
Jonnester/LR-AttnRes-tail-r64-n4,n=4 r=64,sliced_lr_attnres,26,partial,1007616,0.6198318697572723,0.06161230885946792
Jonnester/LR-AttnRes-tail-r64-n4,n=4 r=64,sliced_lr_attnres,27,completed,1007616,0.2126865539608932,0.05085359731175548
Jonnester/LR-AttnRes-tail-r64-n4,n=4 r=64,sliced_lr_attnres,27,embedding,1007616,0.17524335321372117,0.05385783408253634
Jonnester/LR-AttnRes-tail-r64-n4,n=4 r=64,sliced_lr_attnres,27,partial,1007616,0.6120700908870231,0.0803787568516951
Jonnester/LR-AttnRes-tail-r64-n4,n=4 r=64,sliced_lr_attnres,28,completed,1007616,0.136034502428237,0.04112403204887715
Jonnester/LR-AttnRes-tail-r64-n4,n=4 r=64,sliced_lr_attnres,28,embedding,1007616,0.14614428640381108,0.04561634419362027
Jonnester/LR-AttnRes-tail-r64-n4,n=4 r=64,sliced_lr_attnres,28,partial,1007616,0.717821209411311,0.07347223380153493
Jonnester/LR-AttnRes-tail-r64-n4,n=4 r=64,sliced_lr_attnres,29,completed,1007616,0.1682424491983119,0.037525819370161015
Jonnester/LR-AttnRes-tail-r64-n4,n=4 r=64,sliced_lr_attnres,29,embedding,1007616,0.17029269088089952,0.046887428662348
Jonnester/LR-AttnRes-tail-r64-n4,n=4 r=64,sliced_lr_attnres,29,partial,1007616,0.661464859799641,0.0674966464942955
Jonnester/LR-AttnRes-tail-r64-n4,n=4 r=64,sliced_lr_attnres,30,completed,1007616,0.19715177189043867,0.04371027822230042
Jonnester/LR-AttnRes-tail-r64-n4,n=4 r=64,sliced_lr_attnres,30,embedding,1007616,0.1898750700359422,0.042759631694031394
Jonnester/LR-AttnRes-tail-r64-n4,n=4 r=64,sliced_lr_attnres,30,partial,1007616,0.6129731545603372,0.06495320313208908
Jonnester/LR-AttnRes-tail-r64-n4,n=4 r=64,sliced_lr_attnres,31,completed,1007616,0.19056244800245858,0.047831730257620386
Jonnester/LR-AttnRes-tail-r64-n4,n=4 r=64,sliced_lr_attnres,31,embedding,1007616,0.22152604295955441,0.05665742302832527
Jonnester/LR-AttnRes-tail-r64-n4,n=4 r=64,sliced_lr_attnres,31,partial,1007616,0.5879115123089736,0.07752021263251471
Jonnester/LR-AttnRes-tail-r64-n4,n=4 r=64,sliced_lr_attnres,32,completed,1007616,0.30448944006508927,0.06419374259645225
Jonnester/LR-AttnRes-tail-r64-n4,n=4 r=64,sliced_lr_attnres,32,embedding,1007616,0.22007806926238827,0.041868450974962945
Jonnester/LR-AttnRes-tail-r64-n4,n=4 r=64,sliced_lr_attnres,32,partial,1007616,0.4754324935800661,0.07249348009443139
Jonnester/LR-AttnRes-tail-r64-n4,n=4 r=64,sliced_lr_attnres,33,completed,1007616,0.18966271419350694,0.06040720417600124
Jonnester/LR-AttnRes-tail-r64-n4,n=4 r=64,sliced_lr_attnres,33,embedding,1007616,0.23773328075564004,0.06231963469530292
Jonnester/LR-AttnRes-tail-r64-n4,n=4 r=64,sliced_lr_attnres,33,partial,1007616,0.5726040083218397,0.0904500812634269
Jonnester/LR-AttnRes-tail-r64-n4,n=4 r=64,sliced_lr_attnres,34,completed,1007616,0.3222394900593331,0.08210844601096924
Jonnester/LR-AttnRes-tail-r64-n4,n=4 r=64,sliced_lr_attnres,34,embedding,1007616,0.17886797284207692,0.044120919979944426
Jonnester/LR-AttnRes-tail-r64-n4,n=4 r=64,sliced_lr_attnres,34,partial,1007616,0.4988925369774423,0.09413545551543903
Jonnester/LR-AttnRes-tail-r64-n4,n=4 r=64,sliced_lr_attnres,35,completed,1007616,0.1860744818681624,0.052551362450071366
Jonnester/LR-AttnRes-tail-r64-n4,n=4 r=64,sliced_lr_attnres,35,embedding,1007616,0.29268090099823185,0.07359900923651899
Jonnester/LR-AttnRes-tail-r64-n4,n=4 r=64,sliced_lr_attnres,35,partial,1007616,0.5212446126511426,0.08572737739167526
Jonnester/LR-AttnRes-tail-r64-n4,n=4 r=64,sliced_lr_attnres,36,completed,1007616,0.7875082914422198,0.04625371857438042
Jonnester/LR-AttnRes-tail-r64-n4,n=4 r=64,sliced_lr_attnres,36,embedding,1007616,0.21249170649827012,0.0462537329468577
Jonnester/LR-AttnRes-tail-r64-n4,n=4 r=64,sliced_lr_attnres,37,completed,1007616,0.33474959687488837,0.050072581770006876
Jonnester/LR-AttnRes-tail-r64-n4,n=4 r=64,sliced_lr_attnres,37,embedding,1007616,0.16152337847686396,0.04709970413271384
Jonnester/LR-AttnRes-tail-r64-n4,n=4 r=64,sliced_lr_attnres,37,partial,1007616,0.5037270224675899,0.06288692813334848
Jonnester/LR-AttnRes-tail-r64-n4,n=4 r=64,sliced_lr_attnres,38,completed,1007616,0.8238244507370925,0.0457404229930054
Jonnester/LR-AttnRes-tail-r64-n4,n=4 r=64,sliced_lr_attnres,38,embedding,1007616,0.1477177445966054,0.04334962228773982
Jonnester/LR-AttnRes-tail-r64-n4,n=4 r=64,sliced_lr_attnres,38,partial,1007616,0.028457806165504262,0.006979309569992938
Jonnester/LR-AttnRes-tail-r64-n4,n=4 r=64,sliced_lr_attnres,39,completed,1007616,0.29159015756312423,0.05445169437281992
Jonnester/LR-AttnRes-tail-r64-n4,n=4 r=64,sliced_lr_attnres,39,embedding,1007616,0.16254209127367997,0.05595448510088298
Jonnester/LR-AttnRes-tail-r64-n4,n=4 r=64,sliced_lr_attnres,39,partial,1007616,0.5458677507997528,0.07929423091153767
Jonnester/LR-AttnRes-tail-r64-n4,n=4 r=64,sliced_lr_attnres,40,completed,1007616,0.8136168262822842,0.048870504074029666
Jonnester/LR-AttnRes-tail-r64-n4,n=4 r=64,sliced_lr_attnres,40,embedding,1007616,0.14387470617042325,0.044443998408792325
Jonnester/LR-AttnRes-tail-r64-n4,n=4 r=64,sliced_lr_attnres,40,partial,1007616,0.04250846712327585,0.011450906556971587
Jonnester/LR-AttnRes-tail-r64-n4,n=4 r=64,sliced_lr_attnres,41,completed,1007616,0.25927144131524776,0.0546004904816853
Jonnester/LR-AttnRes-tail-r64-n4,n=4 r=64,sliced_lr_attnres,41,embedding,1007616,0.1582574982468675,0.055152364871102026
Jonnester/LR-AttnRes-tail-r64-n4,n=4 r=64,sliced_lr_attnres,41,partial,1007616,0.5824710605590324,0.08224054035513156
Jonnester/LR-AttnRes-tail-r64-n4,n=4 r=64,sliced_lr_attnres,42,completed,1007616,0.8270660580658331,0.04842072100877248
Jonnester/LR-AttnRes-tail-r64-n4,n=4 r=64,sliced_lr_attnres,42,embedding,1007616,0.13007144502750256,0.04051642655552796
Jonnester/LR-AttnRes-tail-r64-n4,n=4 r=64,sliced_lr_attnres,42,partial,1007616,0.042862492151618976,0.01722391010229437
Jonnester/LR-AttnRes-tail-r64-n4,n=4 r=64,sliced_lr_attnres,43,completed,1007616,0.26927126689655023,0.05513185841494883
Jonnester/LR-AttnRes-tail-r64-n4,n=4 r=64,sliced_lr_attnres,43,embedding,1007616,0.1579538005881193,0.055042109417903884
Jonnester/LR-AttnRes-tail-r64-n4,n=4 r=64,sliced_lr_attnres,43,partial,1007616,0.5727749331210686,0.08249984261342855
Jonnester/LR-AttnRes-tail-r64-n4,n=4 r=64,sliced_lr_attnres,44,completed,1007616,0.8638573608747343,0.04169001117574203
Jonnester/LR-AttnRes-tail-r64-n4,n=4 r=64,sliced_lr_attnres,44,embedding,1007616,0.11171532313271267,0.038516238030189776
Jonnester/LR-AttnRes-tail-r64-n4,n=4 r=64,sliced_lr_attnres,44,partial,1007616,0.024427313115296324,0.008573543348597366
Jonnester/LR-AttnRes-tail-r64-n4,n=4 r=64,sliced_lr_attnres,45,completed,1007616,0.2724666135097907,0.054742261840769184
Jonnester/LR-AttnRes-tail-r64-n4,n=4 r=64,sliced_lr_attnres,45,embedding,1007616,0.172496574559832,0.05547220297800904
Jonnester/LR-AttnRes-tail-r64-n4,n=4 r=64,sliced_lr_attnres,45,partial,1007616,0.5550368084170954,0.08215047700614728
Jonnester/LR-AttnRes-tail-r64-n4,n=4 r=64,sliced_lr_attnres,46,completed,1007616,0.7675542618201031,0.07533774138866281
Jonnester/LR-AttnRes-tail-r64-n4,n=4 r=64,sliced_lr_attnres,46,embedding,1007616,0.14213817197132886,0.04605576975676416
Jonnester/LR-AttnRes-tail-r64-n4,n=4 r=64,sliced_lr_attnres,46,partial,1007616,0.09030756536053448,0.05121322790473877
Jonnester/LR-AttnRes-tail-r64-n4,n=4 r=64,sliced_lr_attnres,47,completed,1007616,0.29304840821560807,0.040354866047639305
Jonnester/LR-AttnRes-tail-r64-n4,n=4 r=64,sliced_lr_attnres,47,embedding,1007616,0.17004831656207883,0.04265621942385824
Jonnester/LR-AttnRes-tail-r64-n4,n=4 r=64,sliced_lr_attnres,47,partial,1007616,0.536903276676085,0.05986076146719931
Jonnester/LR-AttnRes-tail-r64-n4,n=4 r=64,sliced_lr_attnres,48,completed,1007616,0.8257092029098573,0.05441364408450611
Jonnester/LR-AttnRes-tail-r64-n4,n=4 r=64,sliced_lr_attnres,48,embedding,1007616,0.1742907984227669,0.054413629379667434
Jonnester/LR-AttnRes-tail-r64-n8,n=8 r=64,sliced_lr_attnres,1,embedding,1007616,0.9058990250758039,0.02402624225995652
Jonnester/LR-AttnRes-tail-r64-n8,n=8 r=64,sliced_lr_attnres,1,partial,1007616,0.09410097631739407,0.024026336703857926
Jonnester/LR-AttnRes-tail-r64-n8,n=8 r=64,sliced_lr_attnres,2,embedding,1007616,0.7545353542498456,0.04939972040989744
Jonnester/LR-AttnRes-tail-r64-n8,n=8 r=64,sliced_lr_attnres,2,partial,1007616,0.24546464562900666,0.04939975442575082
Jonnester/LR-AttnRes-tail-r64-n8,n=8 r=64,sliced_lr_attnres,3,embedding,1007616,0.8792373014659416,0.040205223547506504
Jonnester/LR-AttnRes-tail-r64-n8,n=8 r=64,sliced_lr_attnres,3,partial,1007616,0.1207626965351221,0.04020524179287372
Jonnester/LR-AttnRes-tail-r64-n8,n=8 r=64,sliced_lr_attnres,4,embedding,1007616,0.5953121892805022,0.06788383560556582
Jonnester/LR-AttnRes-tail-r64-n8,n=8 r=64,sliced_lr_attnres,4,partial,1007616,0.4046878114463837,0.06788384822625464
Jonnester/LR-AttnRes-tail-r64-n8,n=8 r=64,sliced_lr_attnres,5,embedding,1007616,0.8724635698931004,0.04462767285334987
Jonnester/LR-AttnRes-tail-r64-n8,n=8 r=64,sliced_lr_attnres,5,partial,1007616,0.12753642944058752,0.04462770181899441
Jonnester/LR-AttnRes-tail-r64-n8,n=8 r=64,sliced_lr_attnres,6,completed,1007616,0.40598924179387286,0.05404989058309641
Jonnester/LR-AttnRes-tail-r64-n8,n=8 r=64,sliced_lr_attnres,6,embedding,1007616,0.5940107543294023,0.05404990965373115
Jonnester/LR-AttnRes-tail-r64-n8,n=8 r=64,sliced_lr_attnres,7,completed,1007616,0.23595272695145955,0.06176713282397182
Jonnester/LR-AttnRes-tail-r64-n8,n=8 r=64,sliced_lr_attnres,7,embedding,1007616,0.30980611477440934,0.048402898782356964
Jonnester/LR-AttnRes-tail-r64-n8,n=8 r=64,sliced_lr_attnres,7,partial,1007616,0.45424116069708415,0.06437363601443052
Jonnester/LR-AttnRes-tail-r64-n8,n=8 r=64,sliced_lr_attnres,8,completed,1007616,0.138412463228877,0.022974927496376526
Jonnester/LR-AttnRes-tail-r64-n8,n=8 r=64,sliced_lr_attnres,8,embedding,1007616,0.3122243292447997,0.04460692743634619
Jonnester/LR-AttnRes-tail-r64-n8,n=8 r=64,sliced_lr_attnres,8,partial,1007616,0.5493632099492763,0.051528479364105886
Jonnester/LR-AttnRes-tail-r64-n8,n=8 r=64,sliced_lr_attnres,9,completed,1007616,0.21202131282023298,0.04747373002391796
Jonnester/LR-AttnRes-tail-r64-n8,n=8 r=64,sliced_lr_attnres,9,embedding,1007616,0.31377481663130163,0.042544326385072995
Jonnester/LR-AttnRes-tail-r64-n8,n=8 r=64,sliced_lr_attnres,9,partial,1007616,0.4742038695792842,0.060018509226169525
Jonnester/LR-AttnRes-tail-r64-n8,n=8 r=64,sliced_lr_attnres,10,completed,1007616,0.10592188159140145,0.01688183351956413
Jonnester/LR-AttnRes-tail-r64-n8,n=8 r=64,sliced_lr_attnres,10,embedding,1007616,0.2824475283060617,0.04704671060017308
Jonnester/LR-AttnRes-tail-r64-n8,n=8 r=64,sliced_lr_attnres,10,partial,1007616,0.611630589012208,0.049419628573677474
Jonnester/LR-AttnRes-tail-r64-n8,n=8 r=64,sliced_lr_attnres,11,completed,1007616,0.2069222715085115,0.05878501760943227
Jonnester/LR-AttnRes-tail-r64-n8,n=8 r=64,sliced_lr_attnres,11,embedding,1007616,0.39275880751571035,0.06105838553247891
Jonnester/LR-AttnRes-tail-r64-n8,n=8 r=64,sliced_lr_attnres,11,partial,1007616,0.40031892182381174,0.07640785668295887
Jonnester/LR-AttnRes-tail-r64-n8,n=8 r=64,sliced_lr_attnres,12,completed,1007616,0.6954551818894177,0.05889167468139453
Jonnester/LR-AttnRes-tail-r64-n8,n=8 r=64,sliced_lr_attnres,12,embedding,1007616,0.30454481762599167,0.058891708558520814
Jonnester/LR-AttnRes-tail-r64-n8,n=8 r=64,sliced_lr_attnres,13,completed,1007616,0.25887225071589154,0.04480589216111946
Jonnester/LR-AttnRes-tail-r64-n8,n=8 r=64,sliced_lr_attnres,13,embedding,1007616,0.17277303858985746,0.03423983694078783
Jonnester/LR-AttnRes-tail-r64-n8,n=8 r=64,sliced_lr_attnres,13,partial,1007616,0.5683547108153987,0.05054633475435675
Jonnester/LR-AttnRes-tail-r64-n8,n=8 r=64,sliced_lr_attnres,14,completed,1007616,0.22761329269506098,0.04020717203654426
Jonnester/LR-AttnRes-tail-r64-n8,n=8 r=64,sliced_lr_attnres,14,embedding,1007616,0.1674386890438514,0.04542290660744729
Jonnester/LR-AttnRes-tail-r64-n8,n=8 r=64,sliced_lr_attnres,14,partial,1007616,0.6049480176553493,0.06351573113432192
Jonnester/LR-AttnRes-tail-r64-n8,n=8 r=64,sliced_lr_attnres,15,completed,1007616,0.20469698031258776,0.04150141474553449
Jonnester/LR-AttnRes-tail-r64-n8,n=8 r=64,sliced_lr_attnres,15,embedding,1007616,0.2023054179621906,0.03987199942776313
Jonnester/LR-AttnRes-tail-r64-n8,n=8 r=64,sliced_lr_attnres,15,partial,1007616,0.5929976076614566,0.06250775053388496
Jonnester/LR-AttnRes-tail-r64-n8,n=8 r=64,sliced_lr_attnres,16,completed,1007616,0.2505270088833522,0.03989595673095058
Jonnester/LR-AttnRes-tail-r64-n8,n=8 r=64,sliced_lr_attnres,16,embedding,1007616,0.21983143541871047,0.04672828750859389
Jonnester/LR-AttnRes-tail-r64-n8,n=8 r=64,sliced_lr_attnres,16,partial,1007616,0.5296415536384272,0.0644747591980079
Jonnester/LR-AttnRes-tail-r64-n8,n=8 r=64,sliced_lr_attnres,17,completed,1007616,0.21912388237026648,0.038265857482699756
Jonnester/LR-AttnRes-tail-r64-n8,n=8 r=64,sliced_lr_attnres,17,embedding,1007616,0.27974211951581446,0.05785464036626029
Jonnester/LR-AttnRes-tail-r64-n8,n=8 r=64,sliced_lr_attnres,17,partial,1007616,0.5011339989619527,0.06370517982521393
Jonnester/LR-AttnRes-tail-r64-n8,n=8 r=64,sliced_lr_attnres,18,completed,1007616,0.7484596914392176,0.06876128256610818
Jonnester/LR-AttnRes-tail-r64-n8,n=8 r=64,sliced_lr_attnres,18,embedding,1007616,0.25154030952996353,0.06876128518718554
Jonnester/LR-AttnRes-tail-r64-n8,n=8 r=64,sliced_lr_attnres,19,completed,1007616,0.24469646956862473,0.05323068272594954
Jonnester/LR-AttnRes-tail-r64-n8,n=8 r=64,sliced_lr_attnres,19,embedding,1007616,0.13320766716468624,0.0392173222971065
Jonnester/LR-AttnRes-tail-r64-n8,n=8 r=64,sliced_lr_attnres,19,partial,1007616,0.6220958620552125,0.07051669842476835
Jonnester/LR-AttnRes-tail-r64-n8,n=8 r=64,sliced_lr_attnres,20,completed,1007616,0.280117885126331,0.06011298835414212
Jonnester/LR-AttnRes-tail-r64-n8,n=8 r=64,sliced_lr_attnres,20,embedding,1007616,0.15243294435303387,0.04677673938190059
Jonnester/LR-AttnRes-tail-r64-n8,n=8 r=64,sliced_lr_attnres,20,partial,1007616,0.5674491754876889,0.08565205559884871
Jonnester/LR-AttnRes-tail-r64-n8,n=8 r=64,sliced_lr_attnres,21,completed,1007616,0.23616023361682892,0.051854911631003094
Jonnester/LR-AttnRes-tail-r64-n8,n=8 r=64,sliced_lr_attnres,21,embedding,1007616,0.16787535630590547,0.040422125176548404
Jonnester/LR-AttnRes-tail-r64-n8,n=8 r=64,sliced_lr_attnres,21,partial,1007616,0.595964409956118,0.07463371629909557
Jonnester/LR-AttnRes-tail-r64-n8,n=8 r=64,sliced_lr_attnres,22,completed,1007616,0.3851668485781042,0.04839804262762929
Jonnester/LR-AttnRes-tail-r64-n8,n=8 r=64,sliced_lr_attnres,22,embedding,1007616,0.17899318451319285,0.04389153566501569
Jonnester/LR-AttnRes-tail-r64-n8,n=8 r=64,sliced_lr_attnres,22,partial,1007616,0.4358399638800117,0.06392350008621102
Jonnester/LR-AttnRes-tail-r64-n8,n=8 r=64,sliced_lr_attnres,23,completed,1007616,0.23955283974244343,0.06467554649932256
Jonnester/LR-AttnRes-tail-r64-n8,n=8 r=64,sliced_lr_attnres,23,embedding,1007616,0.2407519365471553,0.06401212106614745
Jonnester/LR-AttnRes-tail-r64-n8,n=8 r=64,sliced_lr_attnres,23,partial,1007616,0.5196952272236832,0.09343357735605581
Jonnester/LR-AttnRes-tail-r64-n8,n=8 r=64,sliced_lr_attnres,24,completed,1007616,0.8044532697375227,0.04844964675726845
Jonnester/LR-AttnRes-tail-r64-n8,n=8 r=64,sliced_lr_attnres,24,embedding,1007616,0.19554673123165844,0.04844967066347195
Jonnester/LR-AttnRes-tail-r64-n8,n=8 r=64,sliced_lr_attnres,25,completed,1007616,0.4720297056000407,0.05004095215879797
Jonnester/LR-AttnRes-tail-r64-n8,n=8 r=64,sliced_lr_attnres,25,embedding,1007616,0.16258532572083356,0.04816403648070853
Jonnester/LR-AttnRes-tail-r64-n8,n=8 r=64,sliced_lr_attnres,25,partial,1007616,0.3653849651658438,0.05640308119249015
Jonnester/LR-AttnRes-tail-r64-n8,n=8 r=64,sliced_lr_attnres,26,completed,1007616,0.35202738424626795,0.042883514549672166
Jonnester/LR-AttnRes-tail-r64-n8,n=8 r=64,sliced_lr_attnres,26,embedding,1007616,0.13325530217915046,0.038319255249403474
Jonnester/LR-AttnRes-tail-r64-n8,n=8 r=64,sliced_lr_attnres,26,partial,1007616,0.514717310667038,0.06599296881335913
Jonnester/LR-AttnRes-tail-r64-n8,n=8 r=64,sliced_lr_attnres,27,completed,1007616,0.41522072267726184,0.045979403735843825
Jonnester/LR-AttnRes-tail-r64-n8,n=8 r=64,sliced_lr_attnres,27,embedding,1007616,0.15729283668646,0.04538564585826055
Jonnester/LR-AttnRes-tail-r64-n8,n=8 r=64,sliced_lr_attnres,27,partial,1007616,0.4274864390613587,0.06258651292358697
Jonnester/LR-AttnRes-tail-r64-n8,n=8 r=64,sliced_lr_attnres,28,completed,1007616,0.2777198986793921,0.052054167647234466
Jonnester/LR-AttnRes-tail-r64-n8,n=8 r=64,sliced_lr_attnres,28,embedding,1007616,0.14605533071165164,0.045211087468224685
Jonnester/LR-AttnRes-tail-r64-n8,n=8 r=64,sliced_lr_attnres,28,partial,1007616,0.5762247695186273,0.07734718784725357
Jonnester/LR-AttnRes-tail-r64-n8,n=8 r=64,sliced_lr_attnres,29,completed,1007616,0.38235511164355085,0.04449551718212601
Jonnester/LR-AttnRes-tail-r64-n8,n=8 r=64,sliced_lr_attnres,29,embedding,1007616,0.18050313904518034,0.051474272426467765
Jonnester/LR-AttnRes-tail-r64-n8,n=8 r=64,sliced_lr_attnres,29,partial,1007616,0.437141750643893,0.06367270502286591
Jonnester/LR-AttnRes-tail-r64-n8,n=8 r=64,sliced_lr_attnres,30,completed,1007616,0.8294740222333893,0.037791117657184244
Jonnester/LR-AttnRes-tail-r64-n8,n=8 r=64,sliced_lr_attnres,30,embedding,1007616,0.17052597328414762,0.03779104231300405
Jonnester/LR-AttnRes-tail-r64-n8,n=8 r=64,sliced_lr_attnres,31,completed,1007616,0.43466476429768697,0.06451040442670056
Jonnester/LR-AttnRes-tail-r64-n8,n=8 r=64,sliced_lr_attnres,31,embedding,1007616,0.13403891057260636,0.04986925525941875
Jonnester/LR-AttnRes-tail-r64-n8,n=8 r=64,sliced_lr_attnres,31,partial,1007616,0.43129632458454226,0.0766911054729202
Jonnester/LR-AttnRes-tail-r64-n8,n=8 r=64,sliced_lr_attnres,32,completed,1007616,0.6106023715763558,0.08621279314253985
Jonnester/LR-AttnRes-tail-r64-n8,n=8 r=64,sliced_lr_attnres,32,embedding,1007616,0.11966412653767966,0.02748274298400257
Jonnester/LR-AttnRes-tail-r64-n8,n=8 r=64,sliced_lr_attnres,32,partial,1007616,0.2697334999476022,0.08856415950669835
Jonnester/LR-AttnRes-tail-r64-n8,n=8 r=64,sliced_lr_attnres,33,completed,1007616,0.3756685404758143,0.06202263975452918
Jonnester/LR-AttnRes-tail-r64-n8,n=8 r=64,sliced_lr_attnres,33,embedding,1007616,0.14266427309532476,0.047209757610776684
Jonnester/LR-AttnRes-tail-r64-n8,n=8 r=64,sliced_lr_attnres,33,partial,1007616,0.48166718715574686,0.0794238646283284
Jonnester/LR-AttnRes-tail-r64-n8,n=8 r=64,sliced_lr_attnres,34,completed,1007616,0.5093908268746322,0.10143670580752992
Jonnester/LR-AttnRes-tail-r64-n8,n=8 r=64,sliced_lr_attnres,34,embedding,1007616,0.10554260766603113,0.030313674775939298
Jonnester/LR-AttnRes-tail-r64-n8,n=8 r=64,sliced_lr_attnres,34,partial,1007616,0.38506656352097424,0.10781320598549922
Jonnester/LR-AttnRes-tail-r64-n8,n=8 r=64,sliced_lr_attnres,35,completed,1007616,0.39713155375263554,0.06282575865564588
Jonnester/LR-AttnRes-tail-r64-n8,n=8 r=64,sliced_lr_attnres,35,embedding,1007616,0.15775721768538156,0.048405421830972434
Jonnester/LR-AttnRes-tail-r64-n8,n=8 r=64,sliced_lr_attnres,35,partial,1007616,0.4451112252909963,0.07576489025943113
Jonnester/LR-AttnRes-tail-r64-n8,n=8 r=64,sliced_lr_attnres,36,completed,1007616,0.8916001746324989,0.026728198623570957
Jonnester/LR-AttnRes-tail-r64-n8,n=8 r=64,sliced_lr_attnres,36,embedding,1007616,0.10839982682127293,0.026728248818210735
Jonnester/LR-AttnRes-tail-r64-n8,n=8 r=64,sliced_lr_attnres,37,completed,1007616,0.5543162682192112,0.04870752513901318
Jonnester/LR-AttnRes-tail-r64-n8,n=8 r=64,sliced_lr_attnres,37,embedding,1007616,0.10882958242805993,0.0381939040327428
Jonnester/LR-AttnRes-tail-r64-n8,n=8 r=64,sliced_lr_attnres,37,partial,1007616,0.33685414892871207,0.05384150992243328
Jonnester/LR-AttnRes-tail-r64-n8,n=8 r=64,sliced_lr_attnres,38,completed,1007616,0.854400315905005,0.033788992327357874
Jonnester/LR-AttnRes-tail-r64-n8,n=8 r=64,sliced_lr_attnres,38,embedding,1007616,0.09977904701135992,0.02893110084618721
Jonnester/LR-AttnRes-tail-r64-n8,n=8 r=64,sliced_lr_attnres,38,partial,1007616,0.04582063820425088,0.013625800663624312
Jonnester/LR-AttnRes-tail-r64-n8,n=8 r=64,sliced_lr_attnres,39,completed,1007616,0.47971492957293504,0.05100366363123369
Jonnester/LR-AttnRes-tail-r64-n8,n=8 r=64,sliced_lr_attnres,39,embedding,1007616,0.09977407038696413,0.037618812976073716
Jonnester/LR-AttnRes-tail-r64-n8,n=8 r=64,sliced_lr_attnres,39,partial,1007616,0.4205110007669868,0.06577150804373927
Jonnester/LR-AttnRes-tail-r64-n8,n=8 r=64,sliced_lr_attnres,40,completed,1007616,0.8884620991179614,0.027600129698423872
Jonnester/LR-AttnRes-tail-r64-n8,n=8 r=64,sliced_lr_attnres,40,embedding,1007616,0.08576191725527368,0.026105100639723572
Jonnester/LR-AttnRes-tail-r64-n8,n=8 r=64,sliced_lr_attnres,40,partial,1007616,0.02577597984090084,0.00617211070405433
Jonnester/LR-AttnRes-tail-r64-n8,n=8 r=64,sliced_lr_attnres,41,completed,1007616,0.43166059812879176,0.05574932321597501
Jonnester/LR-AttnRes-tail-r64-n8,n=8 r=64,sliced_lr_attnres,41,embedding,1007616,0.11243148899175287,0.04216279985301885
Jonnester/LR-AttnRes-tail-r64-n8,n=8 r=64,sliced_lr_attnres,41,partial,1007616,0.4559079103353547,0.07500944849943984
Jonnester/LR-AttnRes-tail-r64-n8,n=8 r=64,sliced_lr_attnres,42,completed,1007616,0.9243527137167086,0.02370235328503779
Jonnester/LR-AttnRes-tail-r64-n8,n=8 r=64,sliced_lr_attnres,42,embedding,1007616,0.07564728295173102,0.02370227007915984
Jonnester/LR-AttnRes-tail-r64-n8,n=8 r=64,sliced_lr_attnres,43,completed,1007616,0.8296086768793866,0.04540200206989465
Jonnester/LR-AttnRes-tail-r64-n8,n=8 r=64,sliced_lr_attnres,43,embedding,1007616,0.10503135754810117,0.03886658711698491
Jonnester/LR-AttnRes-tail-r64-n8,n=8 r=64,sliced_lr_attnres,43,partial,1007616,0.0653599645124703,0.014734010623853138
Jonnester/LR-AttnRes-tail-r64-n8,n=8 r=64,sliced_lr_attnres,44,completed,1007616,0.9031096401253367,0.025890567403568845
Jonnester/LR-AttnRes-tail-r64-n8,n=8 r=64,sliced_lr_attnres,44,embedding,1007616,0.06167359586532523,0.02007701995198433
Jonnester/LR-AttnRes-tail-r64-n8,n=8 r=64,sliced_lr_attnres,44,partial,1007616,0.035216764312207216,0.014128134912906529
Jonnester/LR-AttnRes-tail-r64-n8,n=8 r=64,sliced_lr_attnres,45,completed,1007616,0.7105456212671791,0.04564640957638372
Jonnester/LR-AttnRes-tail-r64-n8,n=8 r=64,sliced_lr_attnres,45,embedding,1007616,0.09818544856658797,0.034725241891357395
Jonnester/LR-AttnRes-tail-r64-n8,n=8 r=64,sliced_lr_attnres,45,partial,1007616,0.19126893155943087,0.03831074420857287
Jonnester/LR-AttnRes-tail-r64-n8,n=8 r=64,sliced_lr_attnres,46,completed,1007616,0.8840998173729191,0.03468104690300843
Jonnester/LR-AttnRes-tail-r64-n8,n=8 r=64,sliced_lr_attnres,46,embedding,1007616,0.060941817344931086,0.020289766640521248
Jonnester/LR-AttnRes-tail-r64-n8,n=8 r=64,sliced_lr_attnres,46,partial,1007616,0.05495836304091826,0.02639910390580911
Jonnester/LR-AttnRes-tail-r64-n8,n=8 r=64,sliced_lr_attnres,47,completed,1007616,0.7431530060806895,0.043916421907537556
Jonnester/LR-AttnRes-tail-r64-n8,n=8 r=64,sliced_lr_attnres,47,embedding,1007616,0.0924407051103871,0.03300563989045381
Jonnester/LR-AttnRes-tail-r64-n8,n=8 r=64,sliced_lr_attnres,47,partial,1007616,0.16440628517449388,0.033452626462456496
Jonnester/LR-AttnRes-tail-r64-n8,n=8 r=64,sliced_lr_attnres,48,completed,1007616,0.894041060432186,0.03435117282664296
Jonnester/LR-AttnRes-tail-r64-n8,n=8 r=64,sliced_lr_attnres,48,embedding,1007616,0.10595894211191471,0.034351189115284765
Jonnester/LR-AttnRes-tail-r64-n16,n=16 r=64,sliced_lr_attnres,1,embedding,1007616,0.9290291763902679,0.016589772860416713
Jonnester/LR-AttnRes-tail-r64-n16,n=16 r=64,sliced_lr_attnres,1,partial,1007616,0.07097082809219515,0.01659012622490565
Jonnester/LR-AttnRes-tail-r64-n16,n=16 r=64,sliced_lr_attnres,2,embedding,1007616,0.7729048346116291,0.04400299239367401
Jonnester/LR-AttnRes-tail-r64-n16,n=16 r=64,sliced_lr_attnres,2,partial,1007616,0.2270951621173843,0.044002999982973454
Jonnester/LR-AttnRes-tail-r64-n16,n=16 r=64,sliced_lr_attnres,3,completed,1007616,0.1035253291692191,0.02954553812720562
Jonnester/LR-AttnRes-tail-r64-n16,n=16 r=64,sliced_lr_attnres,3,embedding,1007616,0.896474670103895,0.029545605030199488
Jonnester/LR-AttnRes-tail-r64-n16,n=16 r=64,sliced_lr_attnres,4,completed,1007616,0.10809855023777581,0.016970841859833958
Jonnester/LR-AttnRes-tail-r64-n16,n=16 r=64,sliced_lr_attnres,4,embedding,1007616,0.3356235528864512,0.05734601549763959
Jonnester/LR-AttnRes-tail-r64-n16,n=16 r=64,sliced_lr_attnres,4,partial,1007616,0.5562779002073335,0.06368719294150978
Jonnester/LR-AttnRes-tail-r64-n16,n=16 r=64,sliced_lr_attnres,5,completed,1007616,0.23428771735691442,0.03426011945618076
Jonnester/LR-AttnRes-tail-r64-n16,n=16 r=64,sliced_lr_attnres,5,embedding,1007616,0.3415226005926365,0.050966998357114116
Jonnester/LR-AttnRes-tail-r64-n16,n=16 r=64,sliced_lr_attnres,5,partial,1007616,0.4241896790217578,0.05734501187245508
Jonnester/LR-AttnRes-tail-r64-n16,n=16 r=64,sliced_lr_attnres,6,completed,1007616,0.6865788940491715,0.05769558401804179
Jonnester/LR-AttnRes-tail-r64-n16,n=16 r=64,sliced_lr_attnres,6,embedding,1007616,0.313421104739352,0.05769559689849351
Jonnester/LR-AttnRes-tail-r64-n16,n=16 r=64,sliced_lr_attnres,7,completed,1007616,0.44747513774933856,0.06626826062606123
Jonnester/LR-AttnRes-tail-r64-n16,n=16 r=64,sliced_lr_attnres,7,embedding,1007616,0.32780596177752425,0.07159946438778446
Jonnester/LR-AttnRes-tail-r64-n16,n=16 r=64,sliced_lr_attnres,7,partial,1007616,0.22471889768674122,0.056431719458004494
Jonnester/LR-AttnRes-tail-r64-n16,n=16 r=64,sliced_lr_attnres,8,completed,1007616,0.29055109498946646,0.0319227266953377
Jonnester/LR-AttnRes-tail-r64-n16,n=16 r=64,sliced_lr_attnres,8,embedding,1007616,0.28723267181132867,0.04328113805414612
Jonnester/LR-AttnRes-tail-r64-n16,n=16 r=64,sliced_lr_attnres,8,partial,1007616,0.42221623198772834,0.04685411181980198
Jonnester/LR-AttnRes-tail-r64-n16,n=16 r=64,sliced_lr_attnres,9,completed,1007616,0.6620105248156601,0.05529280804681574
Jonnester/LR-AttnRes-tail-r64-n16,n=16 r=64,sliced_lr_attnres,9,embedding,1007616,0.3379894727613868,0.05529281354581417
Jonnester/LR-AttnRes-tail-r64-n16,n=16 r=64,sliced_lr_attnres,10,completed,1007616,0.2628446354614041,0.036536425339225305
Jonnester/LR-AttnRes-tail-r64-n16,n=16 r=64,sliced_lr_attnres,10,embedding,1007616,0.19569838180290006,0.04453475223164925
Jonnester/LR-AttnRes-tail-r64-n16,n=16 r=64,sliced_lr_attnres,10,partial,1007616,0.5414569838260247,0.06380270178355812
Jonnester/LR-AttnRes-tail-r64-n16,n=16 r=64,sliced_lr_attnres,11,completed,1007616,0.34870228292496225,0.0618822521058881
Jonnester/LR-AttnRes-tail-r64-n16,n=16 r=64,sliced_lr_attnres,11,embedding,1007616,0.23193605377422116,0.048059757341696235
Jonnester/LR-AttnRes-tail-r64-n16,n=16 r=64,sliced_lr_attnres,11,partial,1007616,0.4193616625739307,0.07452952197907227
Jonnester/LR-AttnRes-tail-r64-n16,n=16 r=64,sliced_lr_attnres,12,completed,1007616,0.7480789127388621,0.04971494458991504
Jonnester/LR-AttnRes-tail-r64-n16,n=16 r=64,sliced_lr_attnres,12,embedding,1007616,0.251921086534252,0.04971491446202769
Jonnester/LR-AttnRes-tail-r64-n16,n=16 r=64,sliced_lr_attnres,13,completed,1007616,0.5289741798145015,0.054724519952523795
Jonnester/LR-AttnRes-tail-r64-n16,n=16 r=64,sliced_lr_attnres,13,embedding,1007616,0.1948934210752084,0.0440057341835477
Jonnester/LR-AttnRes-tail-r64-n16,n=16 r=64,sliced_lr_attnres,13,partial,1007616,0.27613239826225655,0.04469733202089295
Jonnester/LR-AttnRes-tail-r64-n16,n=16 r=64,sliced_lr_attnres,14,completed,1007616,0.3678715243572142,0.03904428568576624
Jonnester/LR-AttnRes-tail-r64-n16,n=16 r=64,sliced_lr_attnres,14,embedding,1007616,0.19991745127410424,0.048323544512855664
Jonnester/LR-AttnRes-tail-r64-n16,n=16 r=64,sliced_lr_attnres,14,partial,1007616,0.43221102230917147,0.060435770510899475
Jonnester/LR-AttnRes-tail-r64-n16,n=16 r=64,sliced_lr_attnres,15,completed,1007616,0.7668230654747505,0.05311740498284209
Jonnester/LR-AttnRes-tail-r64-n16,n=16 r=64,sliced_lr_attnres,15,embedding,1007616,0.23317693307147763,0.05311738855714106
Jonnester/LR-AttnRes-tail-r64-n16,n=16 r=64,sliced_lr_attnres,16,completed,1007616,0.4225129410018766,0.05911203797350399
Jonnester/LR-AttnRes-tail-r64-n16,n=16 r=64,sliced_lr_attnres,16,embedding,1007616,0.15571911487637496,0.04543933623286249
Jonnester/LR-AttnRes-tail-r64-n16,n=16 r=64,sliced_lr_attnres,16,partial,1007616,0.4217679461812585,0.07302351971698241
Jonnester/LR-AttnRes-tail-r64-n16,n=16 r=64,sliced_lr_attnres,17,completed,1007616,0.4783290627041483,0.06423893519255332
Jonnester/LR-AttnRes-tail-r64-n16,n=16 r=64,sliced_lr_attnres,17,embedding,1007616,0.17017473692331858,0.03724309241117391
Jonnester/LR-AttnRes-tail-r64-n16,n=16 r=64,sliced_lr_attnres,17,partial,1007616,0.35149619855531833,0.06441772059805352
Jonnester/LR-AttnRes-tail-r64-n16,n=16 r=64,sliced_lr_attnres,18,completed,1007616,0.843647950063876,0.04517062962194534
Jonnester/LR-AttnRes-tail-r64-n16,n=16 r=64,sliced_lr_attnres,18,embedding,1007616,0.1563520473920233,0.04517054807804143
Jonnester/LR-AttnRes-tail-r64-n16,n=16 r=64,sliced_lr_attnres,19,completed,1007616,0.4518354646558684,0.06166588193662761
Jonnester/LR-AttnRes-tail-r64-n16,n=16 r=64,sliced_lr_attnres,19,embedding,1007616,0.14125330855206744,0.037610292089972804
Jonnester/LR-AttnRes-tail-r64-n16,n=16 r=64,sliced_lr_attnres,19,partial,1007616,0.4069112258228829,0.07191668453133075
Jonnester/LR-AttnRes-tail-r64-n16,n=16 r=64,sliced_lr_attnres,20,completed,1007616,0.44961059989967966,0.05981470290245291
Jonnester/LR-AttnRes-tail-r64-n16,n=16 r=64,sliced_lr_attnres,20,embedding,1007616,0.12976126512133979,0.037926200379488684
Jonnester/LR-AttnRes-tail-r64-n16,n=16 r=64,sliced_lr_attnres,20,partial,1007616,0.4206281360087356,0.07030439089809827
Jonnester/LR-AttnRes-tail-r64-n16,n=16 r=64,sliced_lr_attnres,21,completed,1007616,0.8293403590597758,0.04144864294473666
Jonnester/LR-AttnRes-tail-r64-n16,n=16 r=64,sliced_lr_attnres,21,embedding,1007616,0.170659640334486,0.04144870078998684
Jonnester/LR-AttnRes-tail-r64-n16,n=16 r=64,sliced_lr_attnres,22,completed,1007616,0.4620142193829141,0.06284388674695232
Jonnester/LR-AttnRes-tail-r64-n16,n=16 r=64,sliced_lr_attnres,22,embedding,1007616,0.11293416494518761,0.034214112421524286
Jonnester/LR-AttnRes-tail-r64-n16,n=16 r=64,sliced_lr_attnres,22,partial,1007616,0.4250516150055862,0.0764767593366504
Jonnester/LR-AttnRes-tail-r64-n16,n=16 r=64,sliced_lr_attnres,23,completed,1007616,0.44499321657467666,0.05876736937650674
Jonnester/LR-AttnRes-tail-r64-n16,n=16 r=64,sliced_lr_attnres,23,embedding,1007616,0.13025652611158728,0.03524688141230643
Jonnester/LR-AttnRes-tail-r64-n16,n=16 r=64,sliced_lr_attnres,23,partial,1007616,0.4247502563445549,0.06751937811580713
Jonnester/LR-AttnRes-tail-r64-n16,n=16 r=64,sliced_lr_attnres,24,completed,1007616,0.8613302276386479,0.03330563618659113
Jonnester/LR-AttnRes-tail-r64-n16,n=16 r=64,sliced_lr_attnres,24,embedding,1007616,0.1386697728459428,0.033305685093265265
Jonnester/LR-AttnRes-tail-r64-n16,n=16 r=64,sliced_lr_attnres,25,completed,1007616,0.6483638514348162,0.043516880352499905
Jonnester/LR-AttnRes-tail-r64-n16,n=16 r=64,sliced_lr_attnres,25,embedding,1007616,0.1061571695334543,0.03050491060985597
Jonnester/LR-AttnRes-tail-r64-n16,n=16 r=64,sliced_lr_attnres,25,partial,1007616,0.2454789794557463,0.04779026762716569
Jonnester/LR-AttnRes-tail-r64-n16,n=16 r=64,sliced_lr_attnres,26,completed,1007616,0.5588189969217874,0.03197449518155054
Jonnester/LR-AttnRes-tail-r64-n16,n=16 r=64,sliced_lr_attnres,26,embedding,1007616,0.11426497402229929,0.02530003560755167
Jonnester/LR-AttnRes-tail-r64-n16,n=16 r=64,sliced_lr_attnres,26,partial,1007616,0.32691603147886633,0.03611040630661865
Jonnester/LR-AttnRes-tail-r64-n16,n=16 r=64,sliced_lr_attnres,27,completed,1007616,0.8815596680331036,0.030873211317324862
Jonnester/LR-AttnRes-tail-r64-n16,n=16 r=64,sliced_lr_attnres,27,embedding,1007616,0.11844032802959768,0.0308730741201383
Jonnester/LR-AttnRes-tail-r64-n16,n=16 r=64,sliced_lr_attnres,28,completed,1007616,0.5521865094580302,0.07057465963446122
Jonnester/LR-AttnRes-tail-r64-n16,n=16 r=64,sliced_lr_attnres,28,embedding,1007616,0.1010523759494952,0.030402631503275126
Jonnester/LR-AttnRes-tail-r64-n16,n=16 r=64,sliced_lr_attnres,28,partial,1007616,0.3467611135021458,0.08331018135616423
Jonnester/LR-AttnRes-tail-r64-n16,n=16 r=64,sliced_lr_attnres,29,completed,1007616,0.523603074434327,0.045266153144120455
Jonnester/LR-AttnRes-tail-r64-n16,n=16 r=64,sliced_lr_attnres,29,embedding,1007616,0.12183796081358825,0.03293997130811193
Jonnester/LR-AttnRes-tail-r64-n16,n=16 r=64,sliced_lr_attnres,29,partial,1007616,0.35455896481265864,0.053840062181399306
Jonnester/LR-AttnRes-tail-r64-n16,n=16 r=64,sliced_lr_attnres,30,completed,1007616,0.904817032135599,0.022620822269954956
Jonnester/LR-AttnRes-tail-r64-n16,n=16 r=64,sliced_lr_attnres,30,embedding,1007616,0.09518296762210567,0.02262081006788015
Jonnester/LR-AttnRes-tail-r64-n16,n=16 r=64,sliced_lr_attnres,31,completed,1007616,0.6483697246729843,0.048902148476298035
Jonnester/LR-AttnRes-tail-r64-n16,n=16 r=64,sliced_lr_attnres,31,embedding,1007616,0.11135671626988465,0.03272287864331218
Jonnester/LR-AttnRes-tail-r64-n16,n=16 r=64,sliced_lr_attnres,31,partial,1007616,0.24027355802737602,0.05282677989792056
Jonnester/LR-AttnRes-tail-r64-n16,n=16 r=64,sliced_lr_attnres,32,completed,1007616,0.6939456724539036,0.054496031628501564
Jonnester/LR-AttnRes-tail-r64-n16,n=16 r=64,sliced_lr_attnres,32,embedding,1007616,0.08076424581733177,0.018263591544264095
Jonnester/LR-AttnRes-tail-r64-n16,n=16 r=64,sliced_lr_attnres,32,partial,1007616,0.22529007845777807,0.05610739517956429
Jonnester/LR-AttnRes-tail-r64-n16,n=16 r=64,sliced_lr_attnres,33,completed,1007616,0.8797598132273046,0.033228045276068374
Jonnester/LR-AttnRes-tail-r64-n16,n=16 r=64,sliced_lr_attnres,33,embedding,1007616,0.12024018646982627,0.033228050587664884
Jonnester/LR-AttnRes-tail-r64-n16,n=16 r=64,sliced_lr_attnres,34,completed,1007616,0.6129557393430695,0.0804807117329568
Jonnester/LR-AttnRes-tail-r64-n16,n=16 r=64,sliced_lr_attnres,34,embedding,1007616,0.07772413841107996,0.02479947982664539
Jonnester/LR-AttnRes-tail-r64-n16,n=16 r=64,sliced_lr_attnres,34,partial,1007616,0.30932012103437406,0.09124937229272091
Jonnester/LR-AttnRes-tail-r64-n16,n=16 r=64,sliced_lr_attnres,35,completed,1007616,0.5873718135725192,0.04982752846896666
Jonnester/LR-AttnRes-tail-r64-n16,n=16 r=64,sliced_lr_attnres,35,embedding,1007616,0.10664427995197172,0.029679166238447893
Jonnester/LR-AttnRes-tail-r64-n16,n=16 r=64,sliced_lr_attnres,35,partial,1007616,0.3059839114425628,0.05267186318777524
Jonnester/LR-AttnRes-tail-r64-n16,n=16 r=64,sliced_lr_attnres,36,completed,1007616,0.931827434679357,0.016694360056127403
Jonnester/LR-AttnRes-tail-r64-n16,n=16 r=64,sliced_lr_attnres,36,embedding,1007616,0.06817256344285438,0.016694251274871577
Jonnester/LR-AttnRes-tail-r64-n16,n=16 r=64,sliced_lr_attnres,37,completed,1007616,0.6838965861777949,0.05791897838867646
Jonnester/LR-AttnRes-tail-r64-n16,n=16 r=64,sliced_lr_attnres,37,embedding,1007616,0.0901155532981322,0.027373236234708994
Jonnester/LR-AttnRes-tail-r64-n16,n=16 r=64,sliced_lr_attnres,37,partial,1007616,0.22598786373448565,0.061621424824010715
Jonnester/LR-AttnRes-tail-r64-n16,n=16 r=64,sliced_lr_attnres,38,completed,1007616,0.8955376846034352,0.022544694334168707
Jonnester/LR-AttnRes-tail-r64-n16,n=16 r=64,sliced_lr_attnres,38,embedding,1007616,0.05758688074907636,0.015452518400331567
Jonnester/LR-AttnRes-tail-r64-n16,n=16 r=64,sliced_lr_attnres,38,partial,1007616,0.046875432254822276,0.01666915663022032
Jonnester/LR-AttnRes-tail-r64-n16,n=16 r=64,sliced_lr_attnres,39,completed,1007616,0.8970216202542065,0.03108162396370456
Jonnester/LR-AttnRes-tail-r64-n16,n=16 r=64,sliced_lr_attnres,39,embedding,1007616,0.10297838126013918,0.03108167923933568
Jonnester/LR-AttnRes-tail-r64-n16,n=16 r=64,sliced_lr_attnres,40,completed,1007616,0.8774805921849197,0.023501332386277496
Jonnester/LR-AttnRes-tail-r64-n16,n=16 r=64,sliced_lr_attnres,40,embedding,1007616,0.048344761072620146,0.013051342428822596
Jonnester/LR-AttnRes-tail-r64-n16,n=16 r=64,sliced_lr_attnres,40,partial,1007616,0.0741746446223763,0.022713160484967267
Jonnester/LR-AttnRes-tail-r64-n16,n=16 r=64,sliced_lr_attnres,41,completed,1007616,0.6597334020506076,0.04167484016249507
Jonnester/LR-AttnRes-tail-r64-n16,n=16 r=64,sliced_lr_attnres,41,embedding,1007616,0.08169473435093717,0.02582401434829058
Jonnester/LR-AttnRes-tail-r64-n16,n=16 r=64,sliced_lr_attnres,41,partial,1007616,0.25857186499165324,0.04604419296104822
Jonnester/LR-AttnRes-tail-r64-n16,n=16 r=64,sliced_lr_attnres,42,completed,1007616,0.9563706943659278,0.011912115117745373
Jonnester/LR-AttnRes-tail-r64-n16,n=16 r=64,sliced_lr_attnres,42,embedding,1007616,0.04362930354427516,0.011912070610152602
Jonnester/LR-AttnRes-tail-r64-n16,n=16 r=64,sliced_lr_attnres,43,completed,1007616,0.8986684272928935,0.024987328274898166
Jonnester/LR-AttnRes-tail-r64-n16,n=16 r=64,sliced_lr_attnres,43,embedding,1007616,0.06799552529081096,0.022142117033146284
Jonnester/LR-AttnRes-tail-r64-n16,n=16 r=64,sliced_lr_attnres,43,partial,1007616,0.03333604883978037,0.007235233734589564
Jonnester/LR-AttnRes-tail-r64-n16,n=16 r=64,sliced_lr_attnres,44,completed,1007616,0.9448576705242561,0.012751383190827418
Jonnester/LR-AttnRes-tail-r64-n16,n=16 r=64,sliced_lr_attnres,44,embedding,1007616,0.03752487167958322,0.011407518460388427
Jonnester/LR-AttnRes-tail-r64-n16,n=16 r=64,sliced_lr_attnres,44,partial,1007616,0.017617461566881435,0.006005464806001221
Jonnester/LR-AttnRes-tail-r64-n16,n=16 r=64,sliced_lr_attnres,45,completed,1007616,0.9354763825734457,0.02157083678566812
Jonnester/LR-AttnRes-tail-r64-n16,n=16 r=64,sliced_lr_attnres,45,embedding,1007616,0.0645236207581148,0.021570902376450072
Jonnester/LR-AttnRes-tail-r64-n16,n=16 r=64,sliced_lr_attnres,46,completed,1007616,0.9140609875927127,0.020558347900178926
Jonnester/LR-AttnRes-tail-r64-n16,n=16 r=64,sliced_lr_attnres,46,embedding,1007616,0.0451005307457796,0.014191613045343844
Jonnester/LR-AttnRes-tail-r64-n16,n=16 r=64,sliced_lr_attnres,46,partial,1007616,0.04083847976857569,0.01656272011839928
Jonnester/LR-AttnRes-tail-r64-n16,n=16 r=64,sliced_lr_attnres,47,completed,1007616,0.8619188501582882,0.029632164828166573
Jonnester/LR-AttnRes-tail-r64-n16,n=16 r=64,sliced_lr_attnres,47,embedding,1007616,0.05384654254932714,0.01680268553175396
Jonnester/LR-AttnRes-tail-r64-n16,n=16 r=64,sliced_lr_attnres,47,partial,1007616,0.08423460941246855,0.022451563650810503
Jonnester/LR-AttnRes-tail-r64-n16,n=16 r=64,sliced_lr_attnres,48,completed,1007616,0.9417038821592564,0.01693065105099867
Jonnester/LR-AttnRes-tail-r64-n16,n=16 r=64,sliced_lr_attnres,48,embedding,1007616,0.05829611635668491,0.016930588574694018
Jonnester/LR-AttnRes-Full-16,Full r=16,lr_attnres,1,embedding,1007616,0.8417461630774707,0.014432060087644784
Jonnester/LR-AttnRes-Full-16,Full r=16,lr_attnres,1,previous,1007616,0.15825383595334805,0.014432277948820078
Jonnester/LR-AttnRes-Full-16,Full r=16,lr_attnres,2,embedding,1007616,0.4507420203550075,0.010901372284864354
Jonnester/LR-AttnRes-Full-16,Full r=16,lr_attnres,2,previous,1007616,0.5492579854600798,0.010901329339641452
Jonnester/LR-AttnRes-Full-16,Full r=16,lr_attnres,3,embedding,1007616,0.40742725109666345,0.021850986373580118
Jonnester/LR-AttnRes-Full-16,Full r=16,lr_attnres,3,previous,1007616,0.5925727472072695,0.021850927027791695
Jonnester/LR-AttnRes-Full-16,Full r=16,lr_attnres,4,embedding,1007616,0.29153968793589896,0.011971295962122794
Jonnester/LR-AttnRes-Full-16,Full r=16,lr_attnres,4,previous,1007616,0.7084603135178729,0.011971220047631192
Jonnester/LR-AttnRes-Full-16,Full r=16,lr_attnres,5,embedding,1007616,0.26499703356890175,0.014288076946321964
Jonnester/LR-AttnRes-Full-16,Full r=16,lr_attnres,5,previous,1007616,0.7350029674002795,0.014288069484657938
Jonnester/LR-AttnRes-Full-16,Full r=16,lr_attnres,6,embedding,1007616,0.20605087389306323,0.011941233115856773
Jonnester/LR-AttnRes-Full-16,Full r=16,lr_attnres,6,previous,1007616,0.793949126712675,0.01194127400401482
Jonnester/LR-AttnRes-Full-16,Full r=16,lr_attnres,7,embedding,1007616,0.2245680267006401,0.013073436546544248
Jonnester/LR-AttnRes-Full-16,Full r=16,lr_attnres,7,previous,1007616,0.775431977054937,0.013073026132742986
Jonnester/LR-AttnRes-Full-16,Full r=16,lr_attnres,8,embedding,1007616,0.17018545303887467,0.00791520666275201
Jonnester/LR-AttnRes-Full-16,Full r=16,lr_attnres,8,previous,1007616,0.8298145455073535,0.007915473861428024
Jonnester/LR-AttnRes-Full-16,Full r=16,lr_attnres,9,embedding,1007616,0.16366793178930517,0.009087099710791491
Jonnester/LR-AttnRes-Full-16,Full r=16,lr_attnres,9,previous,1007616,0.836332069179876,0.009087026343359254
Jonnester/LR-AttnRes-Full-16,Full r=16,lr_attnres,10,embedding,1007616,0.12347460913706601,0.0057933439296595285
Jonnester/LR-AttnRes-Full-16,Full r=16,lr_attnres,10,previous,1007616,0.8765253918926891,0.005792923452321208
Jonnester/LR-AttnRes-Full-16,Full r=16,lr_attnres,11,embedding,1007616,0.1339843101133176,0.008783105273648692
Jonnester/LR-AttnRes-Full-16,Full r=16,lr_attnres,11,previous,1007616,0.8660156881906153,0.008783211297930136
Jonnester/LR-AttnRes-Full-16,Full r=16,lr_attnres,12,embedding,1007616,0.0885407624811661,0.004467990129464875
Jonnester/LR-AttnRes-Full-16,Full r=16,lr_attnres,12,previous,1007616,0.9114592341872735,0.004468481625389206
Jonnester/LR-AttnRes-Full-16,Full r=16,lr_attnres,13,embedding,1007616,0.10071569172347464,0.0065262066128940095
Jonnester/LR-AttnRes-Full-16,Full r=16,lr_attnres,13,previous,1007616,0.8992843109417737,0.006525873570183839
Jonnester/LR-AttnRes-Full-16,Full r=16,lr_attnres,14,embedding,1007616,0.06585639648563493,0.003410866651174895
Jonnester/LR-AttnRes-Full-16,Full r=16,lr_attnres,14,previous,1007616,0.9341436062401872,0.003410662323173502
Jonnester/LR-AttnRes-Full-16,Full r=16,lr_attnres,15,embedding,1007616,0.0715392818901597,0.004685837070851327
Jonnester/LR-AttnRes-Full-16,Full r=16,lr_attnres,15,previous,1007616,0.9284607186550047,0.004685831255046043
Jonnester/LR-AttnRes-Full-16,Full r=16,lr_attnres,16,embedding,1007616,0.05007851968814687,0.0024483572806941107
Jonnester/LR-AttnRes-Full-16,Full r=16,lr_attnres,16,previous,1007616,0.9499214810084521,0.002448659892802508
Jonnester/LR-AttnRes-Full-16,Full r=16,lr_attnres,17,embedding,1007616,0.07172789806272925,0.0047599968871604205
Jonnester/LR-AttnRes-Full-16,Full r=16,lr_attnres,17,previous,1007616,0.9282721038756332,0.0047599545144326
Jonnester/LR-AttnRes-Full-16,Full r=16,lr_attnres,18,embedding,1007616,0.04665973921859167,0.002341524210482096
Jonnester/LR-AttnRes-Full-16,Full r=16,lr_attnres,18,previous,1007616,0.9533402648398547,0.002341093719040697
Jonnester/LR-AttnRes-Full-16,Full r=16,lr_attnres,19,embedding,1007616,0.060085274097396106,0.004183604362323105
Jonnester/LR-AttnRes-Full-16,Full r=16,lr_attnres,19,previous,1007616,0.9399147266294898,0.004184018379672573
Jonnester/LR-AttnRes-Full-16,Full r=16,lr_attnres,20,embedding,1007616,0.044193743296512746,0.002212011197869894
Jonnester/LR-AttnRes-Full-16,Full r=16,lr_attnres,20,previous,1007616,0.9558062577635292,0.002211414229294763
Jonnester/LR-AttnRes-Full-16,Full r=16,lr_attnres,21,embedding,1007616,0.06275001095562446,0.004180453734592814
Jonnester/LR-AttnRes-Full-16,Full r=16,lr_attnres,21,previous,1007616,0.9372499958286441,0.004179508349303763
Jonnester/LR-AttnRes-Full-16,Full r=16,lr_attnres,22,embedding,1007616,0.0447504252982818,0.0023931065564357537
Jonnester/LR-AttnRes-Full-16,Full r=16,lr_attnres,22,previous,1007616,0.9552495746108575,0.002393733219760534
Jonnester/LR-AttnRes-Full-16,Full r=16,lr_attnres,23,embedding,1007616,0.062016311336339,0.003737397115005715
Jonnester/LR-AttnRes-Full-16,Full r=16,lr_attnres,23,previous,1007616,0.9379836853926744,0.0037379872924161337
Jonnester/LR-AttnRes-Full-16,Full r=16,lr_attnres,24,embedding,1007616,0.0529263838519895,0.0034065456257709546
Jonnester/LR-AttnRes-Full-16,Full r=16,lr_attnres,24,previous,1007616,0.9470736171171917,0.0034069885245353692
Jonnester/LR-AttnRes-Full-16,Full r=16,lr_attnres,25,embedding,1007616,0.06060899088416642,0.0044030339166228945
Jonnester/LR-AttnRes-Full-16,Full r=16,lr_attnres,25,previous,1007616,0.9393910077529225,0.0044034891139639746
Jonnester/LR-AttnRes-Full-16,Full r=16,lr_attnres,26,embedding,1007616,0.04555171394978112,0.0024905331202535086
Jonnester/LR-AttnRes-Full-16,Full r=16,lr_attnres,26,previous,1007616,0.9544482865953833,0.002491360008797884
Jonnester/LR-AttnRes-Full-16,Full r=16,lr_attnres,27,embedding,1007616,0.05136676699044258,0.0037779024355770255
Jonnester/LR-AttnRes-Full-16,Full r=16,lr_attnres,27,previous,1007616,0.9486332322523846,0.0037778072107667532
Jonnester/LR-AttnRes-Full-16,Full r=16,lr_attnres,28,embedding,1007616,0.04400507987635892,0.0023446850917180273
Jonnester/LR-AttnRes-Full-16,Full r=16,lr_attnres,28,previous,1007616,0.9559949171252367,0.002347194377181988
Jonnester/LR-AttnRes-Full-16,Full r=16,lr_attnres,29,embedding,1007616,0.049438859479941005,0.003756872379739815
Jonnester/LR-AttnRes-Full-16,Full r=16,lr_attnres,29,previous,1007616,0.9505611362496043,0.003756449601512087
Jonnester/LR-AttnRes-Full-16,Full r=16,lr_attnres,30,embedding,1007616,0.04086781608137658,0.0022826150579052726
Jonnester/LR-AttnRes-Full-16,Full r=16,lr_attnres,30,previous,1007616,0.959132185796412,0.0022805147976367084
Jonnester/LR-AttnRes-Full-16,Full r=16,lr_attnres,31,embedding,1007616,0.0460830310253593,0.0035988719131635778
Jonnester/LR-AttnRes-Full-16,Full r=16,lr_attnres,31,previous,1007616,0.9539169703072649,0.003597497236494846
Jonnester/LR-AttnRes-Full-16,Full r=16,lr_attnres,32,embedding,1007616,0.03861192989397824,0.001869908449655272
Jonnester/LR-AttnRes-Full-16,Full r=16,lr_attnres,32,previous,1007616,0.9613880708934815,0.0018727522146295735
Jonnester/LR-AttnRes-Full-16,Full r=16,lr_attnres,33,embedding,1007616,0.04401172936810711,0.003621235799878626
Jonnester/LR-AttnRes-Full-16,Full r=16,lr_attnres,33,previous,1007616,0.9559882636961898,0.0036220303897322058
Jonnester/LR-AttnRes-Full-16,Full r=16,lr_attnres,34,embedding,1007616,0.037183455698858434,0.0016649240182727062
Jonnester/LR-AttnRes-Full-16,Full r=16,lr_attnres,34,previous,1007616,0.9628165475721282,0.0016650576077101914
Jonnester/LR-AttnRes-Full-16,Full r=16,lr_attnres,35,embedding,1007616,0.035077213423281184,0.0030974143448517146
Jonnester/LR-AttnRes-Full-16,Full r=16,lr_attnres,35,previous,1007616,0.9649227886665158,0.003096260601341004
Jonnester/LR-AttnRes-Full-16,Full r=16,lr_attnres,36,embedding,1007616,0.026812236241208827,0.001143973449240773
Jonnester/LR-AttnRes-Full-16,Full r=16,lr_attnres,36,previous,1007616,0.9731877601243616,0.0011458688189421502
Jonnester/LR-AttnRes-Full-16,Full r=16,lr_attnres,37,embedding,1007616,0.033696873976690016,0.0031864042710006524
Jonnester/LR-AttnRes-Full-16,Full r=16,lr_attnres,37,previous,1007616,0.9663031246603989,0.0031874226261632416
Jonnester/LR-AttnRes-Full-16,Full r=16,lr_attnres,38,embedding,1007616,0.02324006756449618,0.001116831239257278
Jonnester/LR-AttnRes-Full-16,Full r=16,lr_attnres,38,previous,1007616,0.976759941597295,0.0011147366622131605
Jonnester/LR-AttnRes-Full-16,Full r=16,lr_attnres,39,embedding,1007616,0.031734805554151535,0.0029392320296087178
Jonnester/LR-AttnRes-Full-16,Full r=16,lr_attnres,39,previous,1007616,0.9682651981105649,0.0029382543620596127
Jonnester/LR-AttnRes-Full-16,Full r=16,lr_attnres,40,embedding,1007616,0.02060600196018936,0.0009610280425407308
Jonnester/LR-AttnRes-Full-16,Full r=16,lr_attnres,40,previous,1007616,0.9793940041123367,0.0009625403987788274
Jonnester/LR-AttnRes-Full-16,Full r=16,lr_attnres,41,embedding,1007616,0.02933396012863008,0.002670812516005291
Jonnester/LR-AttnRes-Full-16,Full r=16,lr_attnres,41,previous,1007616,0.9706660436420906,0.002669848397858061
Jonnester/LR-AttnRes-Full-16,Full r=16,lr_attnres,42,embedding,1007616,0.020297928796551092,0.001034308954605505
Jonnester/LR-AttnRes-Full-16,Full r=16,lr_attnres,42,previous,1007616,0.9797020821067376,0.0010302920752237534
Jonnester/LR-AttnRes-Full-16,Full r=16,lr_attnres,43,embedding,1007616,0.028694195097418336,0.0025061528902875886
Jonnester/LR-AttnRes-Full-16,Full r=16,lr_attnres,43,previous,1007616,0.9713058079161295,0.002506167566859195
Jonnester/LR-AttnRes-Full-16,Full r=16,lr_attnres,44,embedding,1007616,0.02095826268498975,0.0009452415360936931
Jonnester/LR-AttnRes-Full-16,Full r=16,lr_attnres,44,previous,1007616,0.9790417377541705,0.000947685891748226
Jonnester/LR-AttnRes-Full-16,Full r=16,lr_attnres,45,embedding,1007616,0.02569769395560753,0.002041359888131184
Jonnester/LR-AttnRes-Full-16,Full r=16,lr_attnres,45,previous,1007616,0.9743023088307885,0.002040173263339191
Jonnester/LR-AttnRes-Full-16,Full r=16,lr_attnres,46,embedding,1007616,0.022525471536730363,0.001036819661218715
Jonnester/LR-AttnRes-Full-16,Full r=16,lr_attnres,46,previous,1007616,0.9774745242382453,0.0010417871084031141
Jonnester/LR-AttnRes-Full-16,Full r=16,lr_attnres,47,embedding,1007616,0.023542674727798477,0.0015590177112086935
Jonnester/LR-AttnRes-Full-16,Full r=16,lr_attnres,47,previous,1007616,0.9764573302695422,0.001556893147239349
Jonnester/LR-AttnRes-Full-16,Full r=16,lr_attnres,48,embedding,1007616,0.01795940252581263,0.001294429191848682
Jonnester/LR-AttnRes-Full-16,Full r=16,lr_attnres,48,previous,1007616,0.9820405981404995,0.0012995382339857696
Jonnester/LR-AttnRes-Full-32,Full r=32,lr_attnres,1,embedding,1007616,0.9183638473836387,0.013323168396212559
Jonnester/LR-AttnRes-Full-32,Full r=32,lr_attnres,1,previous,1007616,0.08163615679595529,0.013323452371657257
Jonnester/LR-AttnRes-Full-32,Full r=32,lr_attnres,2,embedding,1007616,0.40304178920218614,0.020643117169213437
Jonnester/LR-AttnRes-Full-32,Full r=32,lr_attnres,2,previous,1007616,0.5969582132207669,0.020643044167727064
Jonnester/LR-AttnRes-Full-32,Full r=32,lr_attnres,3,embedding,1007616,0.426316681431561,0.02816148039290849
Jonnester/LR-AttnRes-Full-32,Full r=32,lr_attnres,3,previous,1007616,0.5736833248681169,0.028161377872037607
Jonnester/LR-AttnRes-Full-32,Full r=32,lr_attnres,4,embedding,1007616,0.21267919206037755,0.014023435349009652
Jonnester/LR-AttnRes-Full-32,Full r=32,lr_attnres,4,previous,1007616,0.7873208038206023,0.014023633126763814
Jonnester/LR-AttnRes-Full-32,Full r=32,lr_attnres,5,embedding,1007616,0.2895912767910376,0.026792380248032096
Jonnester/LR-AttnRes-Full-32,Full r=32,lr_attnres,5,previous,1007616,0.7104087210283047,0.026792392851678427
Jonnester/LR-AttnRes-Full-32,Full r=32,lr_attnres,6,embedding,1007616,0.2046554682216024,0.01751085885464077
Jonnester/LR-AttnRes-Full-32,Full r=32,lr_attnres,6,previous,1007616,0.795344528143968,0.017511074952790834
Jonnester/LR-AttnRes-Full-32,Full r=32,lr_attnres,7,embedding,1007616,0.23690050573852972,0.024248424598561975
Jonnester/LR-AttnRes-Full-32,Full r=32,lr_attnres,7,previous,1007616,0.7630994935345844,0.024248556763124023
Jonnester/LR-AttnRes-Full-32,Full r=32,lr_attnres,8,embedding,1007616,0.19173920227260124,0.01939102623565092
Jonnester/LR-AttnRes-Full-32,Full r=32,lr_attnres,8,previous,1007616,0.8082607936083785,0.019391240095725914
Jonnester/LR-AttnRes-Full-32,Full r=32,lr_attnres,9,embedding,1007616,0.1785876660085306,0.017796606918047523
Jonnester/LR-AttnRes-Full-32,Full r=32,lr_attnres,9,previous,1007616,0.821412334112617,0.017796711520009514
Jonnester/LR-AttnRes-Full-32,Full r=32,lr_attnres,10,embedding,1007616,0.10907838947889281,0.0100190239737913
Jonnester/LR-AttnRes-Full-32,Full r=32,lr_attnres,10,previous,1007616,0.8909216096730737,0.010019264508707387
Jonnester/LR-AttnRes-Full-32,Full r=32,lr_attnres,11,embedding,1007616,0.15364503933162224,0.016501787991661264
Jonnester/LR-AttnRes-Full-32,Full r=32,lr_attnres,11,previous,1007616,0.8463549599414919,0.016501790400618596
Jonnester/LR-AttnRes-Full-32,Full r=32,lr_attnres,12,embedding,1007616,0.06244461086949682,0.005246876781875344
Jonnester/LR-AttnRes-Full-32,Full r=32,lr_attnres,12,previous,1007616,0.93755539161403,0.005246491796633872
Jonnester/LR-AttnRes-Full-32,Full r=32,lr_attnres,13,embedding,1007616,0.10430699271884392,0.012587730738708893
Jonnester/LR-AttnRes-Full-32,Full r=32,lr_attnres,13,previous,1007616,0.8956930070388608,0.012587713993784451
Jonnester/LR-AttnRes-Full-32,Full r=32,lr_attnres,14,embedding,1007616,0.06096186900768823,0.006292605272968256
Jonnester/LR-AttnRes-Full-32,Full r=32,lr_attnres,14,previous,1007616,0.9390381283876372,0.006292281167733978
Jonnester/LR-AttnRes-Full-32,Full r=32,lr_attnres,15,embedding,1007616,0.0891603737827239,0.010419081420091923
Jonnester/LR-AttnRes-Full-32,Full r=32,lr_attnres,15,previous,1007616,0.910839626944162,0.010418937390526146
Jonnester/LR-AttnRes-Full-32,Full r=32,lr_attnres,16,embedding,1007616,0.04790463613543084,0.004453884252869218
Jonnester/LR-AttnRes-Full-32,Full r=32,lr_attnres,16,previous,1007616,0.9520953602907134,0.004454431652095715
Jonnester/LR-AttnRes-Full-32,Full r=32,lr_attnres,17,embedding,1007616,0.08697872172768523,0.010406178772085169
Jonnester/LR-AttnRes-Full-32,Full r=32,lr_attnres,17,previous,1007616,0.913021272275506,0.010406579764264711
Jonnester/LR-AttnRes-Full-32,Full r=32,lr_attnres,18,embedding,1007616,0.05452814892055542,0.005580266065869528
Jonnester/LR-AttnRes-Full-32,Full r=32,lr_attnres,18,previous,1007616,0.9454718464758338,0.00558048007078014
Jonnester/LR-AttnRes-Full-32,Full r=32,lr_attnres,19,embedding,1007616,0.06500879584289179,0.008884273324543486
Jonnester/LR-AttnRes-Full-32,Full r=32,lr_attnres,19,previous,1007616,0.934991200764974,0.00888435961654548
Jonnester/LR-AttnRes-Full-32,Full r=32,lr_attnres,20,embedding,1007616,0.040712376799040696,0.004068975559467075
Jonnester/LR-AttnRes-Full-32,Full r=32,lr_attnres,20,previous,1007616,0.9592876221106305,0.004069313079127664
Jonnester/LR-AttnRes-Full-32,Full r=32,lr_attnres,21,embedding,1007616,0.0775675455608019,0.010093449858627552
Jonnester/LR-AttnRes-Full-32,Full r=32,lr_attnres,21,previous,1007616,0.9224324483212417,0.010094029211616982
Jonnester/LR-AttnRes-Full-32,Full r=32,lr_attnres,22,embedding,1007616,0.030286911450992753,0.0032564503681222186
Jonnester/LR-AttnRes-Full-32,Full r=32,lr_attnres,22,previous,1007616,0.969713086519784,0.003256563517981108
Jonnester/LR-AttnRes-Full-32,Full r=32,lr_attnres,23,embedding,1007616,0.07257401979551083,0.010249400583902104
Jonnester/LR-AttnRes-Full-32,Full r=32,lr_attnres,23,previous,1007616,0.927425984444657,0.010249035555506623
Jonnester/LR-AttnRes-Full-32,Full r=32,lr_attnres,24,embedding,1007616,0.05071061449806865,0.005598056239515454
Jonnester/LR-AttnRes-Full-32,Full r=32,lr_attnres,24,previous,1007616,0.9492893844116025,0.005598577895922078
Jonnester/LR-AttnRes-Full-32,Full r=32,lr_attnres,25,embedding,1007616,0.07373623434847933,0.011416415662566121
Jonnester/LR-AttnRes-Full-32,Full r=32,lr_attnres,25,previous,1007616,0.9262637680138999,0.011416460766014446
Jonnester/LR-AttnRes-Full-32,Full r=32,lr_attnres,26,embedding,1007616,0.05458092686485469,0.005909127107415627
Jonnester/LR-AttnRes-Full-32,Full r=32,lr_attnres,26,previous,1007616,0.945419073589449,0.005909028954123484
Jonnester/LR-AttnRes-Full-32,Full r=32,lr_attnres,27,embedding,1007616,0.07459783396585201,0.012543464622467368
Jonnester/LR-AttnRes-Full-32,Full r=32,lr_attnres,27,previous,1007616,0.9254021673667722,0.012543702230281662
Jonnester/LR-AttnRes-Full-32,Full r=32,lr_attnres,28,embedding,1007616,0.03464891664623245,0.004122231264133647
Jonnester/LR-AttnRes-Full-32,Full r=32,lr_attnres,28,previous,1007616,0.9653510877756568,0.004121620224521943
Jonnester/LR-AttnRes-Full-32,Full r=32,lr_attnres,29,embedding,1007616,0.07728385779915786,0.012921078485916584
Jonnester/LR-AttnRes-Full-32,Full r=32,lr_attnres,29,previous,1007616,0.9227161465621576,0.012921010958537003
Jonnester/LR-AttnRes-Full-32,Full r=32,lr_attnres,30,embedding,1007616,0.034795568877361654,0.005051734305582685
Jonnester/LR-AttnRes-Full-32,Full r=32,lr_attnres,30,previous,1007616,0.9652044341816166,0.005051761932678498
Jonnester/LR-AttnRes-Full-32,Full r=32,lr_attnres,31,embedding,1007616,0.07514713650069586,0.011747882999151346
Jonnester/LR-AttnRes-Full-32,Full r=32,lr_attnres,31,previous,1007616,0.924852865982831,0.011747767725327542
Jonnester/LR-AttnRes-Full-32,Full r=32,lr_attnres,32,embedding,1007616,0.03723564020138446,0.0031088084843394993
Jonnester/LR-AttnRes-Full-32,Full r=32,lr_attnres,32,previous,1007616,0.9627643576482448,0.003108828699695004
Jonnester/LR-AttnRes-Full-32,Full r=32,lr_attnres,33,embedding,1007616,0.07547043736388044,0.011935075538928199
Jonnester/LR-AttnRes-Full-32,Full r=32,lr_attnres,33,previous,1007616,0.9245295640898914,0.011935037943952656
Jonnester/LR-AttnRes-Full-32,Full r=32,lr_attnres,34,embedding,1007616,0.025383171663293992,0.002020772552804659
Jonnester/LR-AttnRes-Full-32,Full r=32,lr_attnres,34,previous,1007616,0.9746168275189594,0.002020545296527389
Jonnester/LR-AttnRes-Full-32,Full r=32,lr_attnres,35,embedding,1007616,0.0583574090122692,0.00963400039381926
Jonnester/LR-AttnRes-Full-32,Full r=32,lr_attnres,35,previous,1007616,0.9416425911391654,0.009634199856678302
Jonnester/LR-AttnRes-Full-32,Full r=32,lr_attnres,36,embedding,1007616,0.02688663333230387,0.0021658140544214208
Jonnester/LR-AttnRes-Full-32,Full r=32,lr_attnres,36,previous,1007616,0.9731133618975073,0.002168433934485219
Jonnester/LR-AttnRes-Full-32,Full r=32,lr_attnres,37,embedding,1007616,0.05649277825302225,0.010896453561630347
Jonnester/LR-AttnRes-Full-32,Full r=32,lr_attnres,37,previous,1007616,0.9435072206869358,0.010896560549011195
Jonnester/LR-AttnRes-Full-32,Full r=32,lr_attnres,38,embedding,1007616,0.022688462345944186,0.0020815719269729957
Jonnester/LR-AttnRes-Full-32,Full r=32,lr_attnres,38,previous,1007616,0.977311534610221,0.002083983915861592
Jonnester/LR-AttnRes-Full-32,Full r=32,lr_attnres,39,embedding,1007616,0.048910711414930294,0.009488373921080205
Jonnester/LR-AttnRes-Full-32,Full r=32,lr_attnres,39,previous,1007616,0.9510892886456436,0.009488162960314264
Jonnester/LR-AttnRes-Full-32,Full r=32,lr_attnres,40,embedding,1007616,0.026406844214695257,0.0020912007652223097
Jonnester/LR-AttnRes-Full-32,Full r=32,lr_attnres,40,previous,1007616,0.9735931569967813,0.00209154620243978
Jonnester/LR-AttnRes-Full-32,Full r=32,lr_attnres,41,embedding,1007616,0.04194901308150795,0.008294897284255568
Jonnester/LR-AttnRes-Full-32,Full r=32,lr_attnres,41,previous,1007616,0.9580509837080793,0.008294858170948457
Jonnester/LR-AttnRes-Full-32,Full r=32,lr_attnres,42,embedding,1007616,0.020878104871608377,0.0019535798681243224
Jonnester/LR-AttnRes-Full-32,Full r=32,lr_attnres,42,previous,1007616,0.9791218987325343,0.0019531133227352424
Jonnester/LR-AttnRes-Full-32,Full r=32,lr_attnres,43,embedding,1007616,0.03609496960795023,0.007389806367765882
Jonnester/LR-AttnRes-Full-32,Full r=32,lr_attnres,43,previous,1007616,0.9639050180349893,0.007390170833819889
Jonnester/LR-AttnRes-Full-32,Full r=32,lr_attnres,44,embedding,1007616,0.01870337743463555,0.001885037877801404
Jonnester/LR-AttnRes-Full-32,Full r=32,lr_attnres,44,previous,1007616,0.9812966299250843,0.0018835879947654937
Jonnester/LR-AttnRes-Full-32,Full r=32,lr_attnres,45,embedding,1007616,0.03140242025256157,0.006321049696333378
Jonnester/LR-AttnRes-Full-32,Full r=32,lr_attnres,45,previous,1007616,0.9685975657245978,0.006321181570518313
Jonnester/LR-AttnRes-Full-32,Full r=32,lr_attnres,46,embedding,1007616,0.019704812728777166,0.0019995858276879966
Jonnester/LR-AttnRes-Full-32,Full r=32,lr_attnres,46,previous,1007616,0.9802951909662262,0.00200108758219112
Jonnester/LR-AttnRes-Full-32,Full r=32,lr_attnres,47,embedding,1007616,0.02621172427585939,0.004471442464301606
Jonnester/LR-AttnRes-Full-32,Full r=32,lr_attnres,47,previous,1007616,0.9737882715899769,0.0044716281486480835
Jonnester/LR-AttnRes-Full-32,Full r=32,lr_attnres,48,embedding,1007616,0.020957324881015753,0.0035553442190696784
Jonnester/LR-AttnRes-Full-32,Full r=32,lr_attnres,48,previous,1007616,0.9790426681681377,0.0035562276155618336
Jonnester/LR-AttnRes-Full-64,Full r=64,lr_attnres,1,embedding,1007616,0.9376149923820806,0.012386611828310162
Jonnester/LR-AttnRes-Full-64,Full r=64,lr_attnres,1,previous,1007616,0.06238500386234221,0.01238643016458046
Jonnester/LR-AttnRes-Full-64,Full r=64,lr_attnres,2,embedding,1007616,0.36409503391118553,0.036878520776349254
Jonnester/LR-AttnRes-Full-64,Full r=64,lr_attnres,2,previous,1007616,0.6359049605160225,0.036878582376265935
Jonnester/LR-AttnRes-Full-64,Full r=64,lr_attnres,3,embedding,1007616,0.45727839508676915,0.05054953142614798
Jonnester/LR-AttnRes-Full-64,Full r=64,lr_attnres,3,previous,1007616,0.5427216087899557,0.05054954013282256
Jonnester/LR-AttnRes-Full-64,Full r=64,lr_attnres,4,embedding,1007616,0.24130873394206287,0.02839615677315234
Jonnester/LR-AttnRes-Full-64,Full r=64,lr_attnres,4,previous,1007616,0.7586912653310512,0.028396182060364192
Jonnester/LR-AttnRes-Full-64,Full r=64,lr_attnres,5,embedding,1007616,0.24623964145416166,0.0310432223616807
Jonnester/LR-AttnRes-Full-64,Full r=64,lr_attnres,5,previous,1007616,0.7537603601207578,0.03104321436581109
Jonnester/LR-AttnRes-Full-64,Full r=64,lr_attnres,6,embedding,1007616,0.15647694880400248,0.02250234886618321
Jonnester/LR-AttnRes-Full-64,Full r=64,lr_attnres,6,previous,1007616,0.8435230570110849,0.022502183373045305
Jonnester/LR-AttnRes-Full-64,Full r=64,lr_attnres,7,embedding,1007616,0.19982654910262038,0.034230160803173364
Jonnester/LR-AttnRes-Full-64,Full r=64,lr_attnres,7,previous,1007616,0.8001734502916413,0.03423016434545063
Jonnester/LR-AttnRes-Full-64,Full r=64,lr_attnres,8,embedding,1007616,0.09088808600980092,0.01372750478975852
Jonnester/LR-AttnRes-Full-64,Full r=64,lr_attnres,8,previous,1007616,0.9091119097500313,0.013727854125875835
Jonnester/LR-AttnRes-Full-64,Full r=64,lr_attnres,9,embedding,1007616,0.16293135854771468,0.026346633476396823
Jonnester/LR-AttnRes-Full-64,Full r=64,lr_attnres,9,previous,1007616,0.8370686435117954,0.02634657925104739
Jonnester/LR-AttnRes-Full-64,Full r=64,lr_attnres,10,embedding,1007616,0.08736954193289687,0.013679597878673039
Jonnester/LR-AttnRes-Full-64,Full r=64,lr_attnres,10,previous,1007616,0.9126304630341568,0.013679246434027043
Jonnester/LR-AttnRes-Full-64,Full r=64,lr_attnres,11,embedding,1007616,0.10747809029691588,0.018444911511703587
Jonnester/LR-AttnRes-Full-64,Full r=64,lr_attnres,11,previous,1007616,0.8925219086127553,0.018444892227463674
Jonnester/LR-AttnRes-Full-64,Full r=64,lr_attnres,12,embedding,1007616,0.07313195373711547,0.012301851334322452
Jonnester/LR-AttnRes-Full-64,Full r=64,lr_attnres,12,previous,1007616,0.9268680476560825,0.01230174636505871
Jonnester/LR-AttnRes-Full-64,Full r=64,lr_attnres,13,embedding,1007616,0.10617139668968635,0.01978000220036704
Jonnester/LR-AttnRes-Full-64,Full r=64,lr_attnres,13,previous,1007616,0.8938285999181794,0.019779979016325784
Jonnester/LR-AttnRes-Full-64,Full r=64,lr_attnres,14,embedding,1007616,0.05904704071884233,0.011903215151308872
Jonnester/LR-AttnRes-Full-64,Full r=64,lr_attnres,14,previous,1007616,0.9409529576456643,0.011903180401225946
Jonnester/LR-AttnRes-Full-64,Full r=64,lr_attnres,15,embedding,1007616,0.08610394639455206,0.017779677179377545
Jonnester/LR-AttnRes-Full-64,Full r=64,lr_attnres,15,previous,1007616,0.9138960537871694,0.01777962865910764
Jonnester/LR-AttnRes-Full-64,Full r=64,lr_attnres,16,embedding,1007616,0.05605168425576473,0.010564125144814139
Jonnester/LR-AttnRes-Full-64,Full r=64,lr_attnres,16,previous,1007616,0.9439483154110793,0.01056394177161232
Jonnester/LR-AttnRes-Full-64,Full r=64,lr_attnres,17,embedding,1007616,0.09180699070779288,0.0190326579804325
Jonnester/LR-AttnRes-Full-64,Full r=64,lr_attnres,17,previous,1007616,0.9081930067481064,0.01903275342031617
Jonnester/LR-AttnRes-Full-64,Full r=64,lr_attnres,18,embedding,1007616,0.03704363770964669,0.007000821637847055
Jonnester/LR-AttnRes-Full-64,Full r=64,lr_attnres,18,previous,1007616,0.9629563631081,0.0070004878377472384
Jonnester/LR-AttnRes-Full-64,Full r=64,lr_attnres,19,embedding,1007616,0.08440019032819485,0.020349917928963665
Jonnester/LR-AttnRes-Full-64,Full r=64,lr_attnres,19,previous,1007616,0.9155998103986911,0.02034980234393876
Jonnester/LR-AttnRes-Full-64,Full r=64,lr_attnres,20,embedding,1007616,0.031622314174485404,0.006281308350015965
Jonnester/LR-AttnRes-Full-64,Full r=64,lr_attnres,20,previous,1007616,0.9683776909742898,0.00628071257548069
Jonnester/LR-AttnRes-Full-64,Full r=64,lr_attnres,21,embedding,1007616,0.07264388764534539,0.01782116347489624
Jonnester/LR-AttnRes-Full-64,Full r=64,lr_attnres,21,previous,1007616,0.927356113263262,0.017821117256011647
Jonnester/LR-AttnRes-Full-64,Full r=64,lr_attnres,22,embedding,1007616,0.03466629848732212,0.00724922737671768
Jonnester/LR-AttnRes-Full-64,Full r=64,lr_attnres,22,previous,1007616,0.9653337026030068,0.0072491740339595025
Jonnester/LR-AttnRes-Full-64,Full r=64,lr_attnres,23,embedding,1007616,0.04770329285685609,0.012203676783840498
Jonnester/LR-AttnRes-Full-64,Full r=64,lr_attnres,23,previous,1007616,0.9522967081728989,0.01220357734922455
Jonnester/LR-AttnRes-Full-64,Full r=64,lr_attnres,24,embedding,1007616,0.02696588341661585,0.0069275055022197385
Jonnester/LR-AttnRes-Full-64,Full r=64,lr_attnres,24,previous,1007616,0.9730341172799831,0.006927822784124417
Jonnester/LR-AttnRes-Full-64,Full r=64,lr_attnres,25,embedding,1007616,0.057506486076891905,0.016942729444145647
Jonnester/LR-AttnRes-Full-64,Full r=64,lr_attnres,25,previous,1007616,0.9424935060787977,0.016943203174500533
Jonnester/LR-AttnRes-Full-64,Full r=64,lr_attnres,26,embedding,1007616,0.03748841547384495,0.008766882528954863
Jonnester/LR-AttnRes-Full-64,Full r=64,lr_attnres,26,previous,1007616,0.9625115830723833,0.008767377175387149
Jonnester/LR-AttnRes-Full-64,Full r=64,lr_attnres,27,embedding,1007616,0.05380716108209718,0.01577052386335321
Jonnester/LR-AttnRes-Full-64,Full r=64,lr_attnres,27,previous,1007616,0.9461928373429833,0.015770861411305202
Jonnester/LR-AttnRes-Full-64,Full r=64,lr_attnres,28,embedding,1007616,0.01819188529398383,0.005041032806512503
Jonnester/LR-AttnRes-Full-64,Full r=64,lr_attnres,28,previous,1007616,0.9818081143425732,0.005041664744185323
Jonnester/LR-AttnRes-Full-64,Full r=64,lr_attnres,29,embedding,1007616,0.05416712243624819,0.014690257790951513
Jonnester/LR-AttnRes-Full-64,Full r=64,lr_attnres,29,previous,1007616,0.9458328800472787,0.01469034258680852
Jonnester/LR-AttnRes-Full-64,Full r=64,lr_attnres,30,embedding,1007616,0.026965217255964513,0.005336690046333695
Jonnester/LR-AttnRes-Full-64,Full r=64,lr_attnres,30,previous,1007616,0.9730347918301094,0.005335195234034169
Jonnester/LR-AttnRes-Full-64,Full r=64,lr_attnres,31,embedding,1007616,0.04944327534214268,0.01578570982427924
Jonnester/LR-AttnRes-Full-64,Full r=64,lr_attnres,31,previous,1007616,0.9505567318055688,0.01578542504900832
Jonnester/LR-AttnRes-Full-64,Full r=64,lr_attnres,32,embedding,1007616,0.025330879884522137,0.005351270972614292
Jonnester/LR-AttnRes-Full-64,Full r=64,lr_attnres,32,previous,1007616,0.9746691216298236,0.005351190281394197
Jonnester/LR-AttnRes-Full-64,Full r=64,lr_attnres,33,embedding,1007616,0.0441736746125105,0.016177746507560584
Jonnester/LR-AttnRes-Full-64,Full r=64,lr_attnres,33,previous,1007616,0.955826326598966,0.01617774174193952
Jonnester/LR-AttnRes-Full-64,Full r=64,lr_attnres,34,embedding,1007616,0.021881448892437344,0.004917103333127116
Jonnester/LR-AttnRes-Full-64,Full r=64,lr_attnres,34,previous,1007616,0.9781185480637279,0.004917658716521924
Jonnester/LR-AttnRes-Full-64,Full r=64,lr_attnres,35,embedding,1007616,0.04611708248049263,0.016703727528485524
Jonnester/LR-AttnRes-Full-64,Full r=64,lr_attnres,35,previous,1007616,0.9538829205481987,0.01670363962144295
Jonnester/LR-AttnRes-Full-64,Full r=64,lr_attnres,36,embedding,1007616,0.03291250407938066,0.006864593824143557
Jonnester/LR-AttnRes-Full-64,Full r=64,lr_attnres,36,previous,1007616,0.9670874907718441,0.006865415788440898
Jonnester/LR-AttnRes-Full-64,Full r=64,lr_attnres,37,embedding,1007616,0.03336618330359944,0.013278168815836443
Jonnester/LR-AttnRes-Full-64,Full r=64,lr_attnres,37,previous,1007616,0.9666338175292907,0.013278004950421925
Jonnester/LR-AttnRes-Full-64,Full r=64,lr_attnres,38,embedding,1007616,0.022530363842360374,0.004394855012943265
Jonnester/LR-AttnRes-Full-64,Full r=64,lr_attnres,38,previous,1007616,0.9774696347190113,0.004395746881193499
Jonnester/LR-AttnRes-Full-64,Full r=64,lr_attnres,39,embedding,1007616,0.03273851527431147,0.012674953685160728
Jonnester/LR-AttnRes-Full-64,Full r=64,lr_attnres,39,previous,1007616,0.9672614854525744,0.012675081104567738
Jonnester/LR-AttnRes-Full-64,Full r=64,lr_attnres,40,embedding,1007616,0.018729166574473304,0.004308791008833269
Jonnester/LR-AttnRes-Full-64,Full r=64,lr_attnres,40,previous,1007616,0.9812708283827557,0.004309257449001204
Jonnester/LR-AttnRes-Full-64,Full r=64,lr_attnres,41,embedding,1007616,0.028219634682182373,0.011165549273148537
Jonnester/LR-AttnRes-Full-64,Full r=64,lr_attnres,41,previous,1007616,0.9717803684676566,0.011165383567133109
Jonnester/LR-AttnRes-Full-64,Full r=64,lr_attnres,42,embedding,1007616,0.01989814975276226,0.004331630191250028
Jonnester/LR-AttnRes-Full-64,Full r=64,lr_attnres,42,previous,1007616,0.9801018441595682,0.004331902056025985
Jonnester/LR-AttnRes-Full-64,Full r=64,lr_attnres,43,embedding,1007616,0.02148964767897032,0.009516216337292062
Jonnester/LR-AttnRes-Full-64,Full r=64,lr_attnres,43,previous,1007616,0.9785103521695951,0.00951614913428279
Jonnester/LR-AttnRes-Full-64,Full r=64,lr_attnres,44,embedding,1007616,0.020199531038117603,0.004572131654783357
Jonnester/LR-AttnRes-Full-64,Full r=64,lr_attnres,44,previous,1007616,0.9798004714454093,0.00457137420369446
Jonnester/LR-AttnRes-Full-64,Full r=64,lr_attnres,45,embedding,1007616,0.020112918856425015,0.008485884586303899
Jonnester/LR-AttnRes-Full-64,Full r=64,lr_attnres,45,previous,1007616,0.9798870823247646,0.00848582305835942
Jonnester/LR-AttnRes-Full-64,Full r=64,lr_attnres,46,embedding,1007616,0.024912257186644447,0.005126296430312822
Jonnester/LR-AttnRes-Full-64,Full r=64,lr_attnres,46,previous,1007616,0.9750877352264838,0.0051266291780455355
Jonnester/LR-AttnRes-Full-64,Full r=64,lr_attnres,47,embedding,1007616,0.016512690581441895,0.006363406688697839
Jonnester/LR-AttnRes-Full-64,Full r=64,lr_attnres,47,previous,1007616,0.9834873075407695,0.006363549369494316
Jonnester/LR-AttnRes-Full-64,Full r=64,lr_attnres,48,embedding,1007616,0.01129835761508079,0.004341151623694982
Jonnester/LR-AttnRes-Full-64,Full r=64,lr_attnres,48,previous,1007616,0.9887016367136947,0.0043420905260912485
Jonnester/LR-AttnRes-n4-r32,n=4 r=32,lr_attnres,1,embedding,1007616,0.8115363532934732,0.0327227126237893
Jonnester/LR-AttnRes-n4-r32,n=4 r=32,lr_attnres,1,partial,1007616,0.1884636470699698,0.032722712844477135
Jonnester/LR-AttnRes-n4-r32,n=4 r=32,lr_attnres,2,embedding,1007616,0.4729362389421075,0.07656955764497181
Jonnester/LR-AttnRes-n4-r32,n=4 r=32,lr_attnres,2,partial,1007616,0.5270637613001877,0.07656957971000064
Jonnester/LR-AttnRes-n4-r32,n=4 r=32,lr_attnres,3,embedding,1007616,0.4112580435547402,0.06725598661922426
Jonnester/LR-AttnRes-n4-r32,n=4 r=32,lr_attnres,3,partial,1007616,0.58874196056428,0.06725598568754777
Jonnester/LR-AttnRes-n4-r32,n=4 r=32,lr_attnres,4,embedding,1007616,0.18908606615008378,0.05687638551339505
Jonnester/LR-AttnRes-n4-r32,n=4 r=32,lr_attnres,4,partial,1007616,0.8109139330018826,0.05687637949907454
Jonnester/LR-AttnRes-n4-r32,n=4 r=32,lr_attnres,5,embedding,1007616,0.31196805277491,0.0765460035124314
Jonnester/LR-AttnRes-n4-r32,n=4 r=32,lr_attnres,5,partial,1007616,0.6880319506172242,0.07654597539632377
Jonnester/LR-AttnRes-n4-r32,n=4 r=32,lr_attnres,6,embedding,1007616,0.10887547352207386,0.02540602921970319
Jonnester/LR-AttnRes-n4-r32,n=4 r=32,lr_attnres,6,partial,1007616,0.8911245285980101,0.025405948449340528
Jonnester/LR-AttnRes-n4-r32,n=4 r=32,lr_attnres,7,embedding,1007616,0.2765363030801944,0.07976691201757231
Jonnester/LR-AttnRes-n4-r32,n=4 r=32,lr_attnres,7,partial,1007616,0.7234636961929197,0.07976692031884233
Jonnester/LR-AttnRes-n4-r32,n=4 r=32,lr_attnres,8,embedding,1007616,0.061712523240868636,0.012710232373137086
Jonnester/LR-AttnRes-n4-r32,n=4 r=32,lr_attnres,8,partial,1007616,0.9382874742756045,0.012710325384376138
Jonnester/LR-AttnRes-n4-r32,n=4 r=32,lr_attnres,9,embedding,1007616,0.29187401814189384,0.07307006827858427
Jonnester/LR-AttnRes-n4-r32,n=4 r=32,lr_attnres,9,partial,1007616,0.7081259784659719,0.07307008291431842
Jonnester/LR-AttnRes-n4-r32,n=4 r=32,lr_attnres,10,embedding,1007616,0.05498833430370664,0.00907643023225624
Jonnester/LR-AttnRes-n4-r32,n=4 r=32,lr_attnres,10,partial,1007616,0.9450116680889595,0.009076276527245365
Jonnester/LR-AttnRes-n4-r32,n=4 r=32,lr_attnres,11,embedding,1007616,0.2904752393563588,0.0658512727093177
Jonnester/LR-AttnRes-n4-r32,n=4 r=32,lr_attnres,11,partial,1007616,0.7095247599167552,0.06585130169799255
Jonnester/LR-AttnRes-n4-r32,n=4 r=32,lr_attnres,12,completed,1007616,0.953821000044908,0.009914109460976839
Jonnester/LR-AttnRes-n4-r32,n=4 r=32,lr_attnres,12,embedding,1007616,0.04617899295881512,0.009913674730585867
Jonnester/LR-AttnRes-n4-r32,n=4 r=32,lr_attnres,13,completed,1007616,0.9214593874729746,0.011428391852538328
Jonnester/LR-AttnRes-n4-r32,n=4 r=32,lr_attnres,13,embedding,1007616,0.03418321277552504,0.0066501205895423176
Jonnester/LR-AttnRes-n4-r32,n=4 r=32,lr_attnres,13,partial,1007616,0.044357398540023865,0.007620413062442418
Jonnester/LR-AttnRes-n4-r32,n=4 r=32,lr_attnres,14,completed,1007616,0.8253769297909931,0.0284118992208216
Jonnester/LR-AttnRes-n4-r32,n=4 r=32,lr_attnres,14,embedding,1007616,0.03185848513148665,0.005608903320620316
Jonnester/LR-AttnRes-n4-r32,n=4 r=32,lr_attnres,14,partial,1007616,0.14276458680387435,0.026062080341218433
Jonnester/LR-AttnRes-n4-r32,n=4 r=32,lr_attnres,15,completed,1007616,0.6482228985646876,0.036310577851302046
Jonnester/LR-AttnRes-n4-r32,n=4 r=32,lr_attnres,15,embedding,1007616,0.03354784145163811,0.005079080265670742
Jonnester/LR-AttnRes-n4-r32,n=4 r=32,lr_attnres,15,partial,1007616,0.31822925781816,0.035904922602899444
Jonnester/LR-AttnRes-n4-r32,n=4 r=32,lr_attnres,16,completed,1007616,0.470342262731335,0.04219291519923403
Jonnester/LR-AttnRes-n4-r32,n=4 r=32,lr_attnres,16,embedding,1007616,0.026323397530288232,0.00420139104311167
Jonnester/LR-AttnRes-n4-r32,n=4 r=32,lr_attnres,16,partial,1007616,0.5033343383451787,0.043100689110949025
Jonnester/LR-AttnRes-n4-r32,n=4 r=32,lr_attnres,17,completed,1007616,0.4112568815064624,0.04145250710861403
Jonnester/LR-AttnRes-n4-r32,n=4 r=32,lr_attnres,17,embedding,1007616,0.03071218400406159,0.005144272274615541
Jonnester/LR-AttnRes-n4-r32,n=4 r=32,lr_attnres,17,partial,1007616,0.5580309372607285,0.04233215998114789
Jonnester/LR-AttnRes-n4-r32,n=4 r=32,lr_attnres,18,completed,1007616,0.3823751279009067,0.05175063901649477
Jonnester/LR-AttnRes-n4-r32,n=4 r=32,lr_attnres,18,embedding,1007616,0.016719921590472624,0.003222471932914218
Jonnester/LR-AttnRes-n4-r32,n=4 r=32,lr_attnres,18,partial,1007616,0.6009049527044219,0.05209145080445797
Jonnester/LR-AttnRes-n4-r32,n=4 r=32,lr_attnres,19,completed,1007616,0.27323483742349514,0.03972748160006049
Jonnester/LR-AttnRes-n4-r32,n=4 r=32,lr_attnres,19,embedding,1007616,0.033276193116496246,0.007101449714757213
Jonnester/LR-AttnRes-n4-r32,n=4 r=32,lr_attnres,19,partial,1007616,0.6934889676125069,0.04201115101676159
Jonnester/LR-AttnRes-n4-r32,n=4 r=32,lr_attnres,20,completed,1007616,0.305129535799104,0.042881433037966155
Jonnester/LR-AttnRes-n4-r32,n=4 r=32,lr_attnres,20,embedding,1007616,0.01534390215557523,0.002949591193116643
Jonnester/LR-AttnRes-n4-r32,n=4 r=32,lr_attnres,20,partial,1007616,0.679526563097791,0.04369715880750284
Jonnester/LR-AttnRes-n4-r32,n=4 r=32,lr_attnres,21,completed,1007616,0.2537893999398239,0.03970899837504213
Jonnester/LR-AttnRes-n4-r32,n=4 r=32,lr_attnres,21,embedding,1007616,0.02951932051862643,0.006833533629387849
Jonnester/LR-AttnRes-n4-r32,n=4 r=32,lr_attnres,21,partial,1007616,0.716691280283579,0.04206319514554639
Jonnester/LR-AttnRes-n4-r32,n=4 r=32,lr_attnres,22,completed,1007616,0.21293004741513633,0.033111796106872385
Jonnester/LR-AttnRes-n4-r32,n=4 r=32,lr_attnres,22,embedding,1007616,0.013637131981067056,0.0029082308171688226
Jonnester/LR-AttnRes-n4-r32,n=4 r=32,lr_attnres,22,partial,1007616,0.7734328227314523,0.03477370097765317
Jonnester/LR-AttnRes-n4-r32,n=4 r=32,lr_attnres,23,completed,1007616,0.22686755657196045,0.03643588817692288
Jonnester/LR-AttnRes-n4-r32,n=4 r=32,lr_attnres,23,embedding,1007616,0.033882673769220106,0.009208208869315636
Jonnester/LR-AttnRes-n4-r32,n=4 r=32,lr_attnres,23,partial,1007616,0.7392497736264051,0.04007482261103869
Jonnester/LR-AttnRes-n4-r32,n=4 r=32,lr_attnres,24,completed,1007616,0.9858741144823834,0.003576853196836153
Jonnester/LR-AttnRes-n4-r32,n=4 r=32,lr_attnres,24,embedding,1007616,0.014125886963816678,0.003576728475547616
Jonnester/LR-AttnRes-n4-r32,n=4 r=32,lr_attnres,25,completed,1007616,0.9368970389288616,0.007664057332896213
Jonnester/LR-AttnRes-n4-r32,n=4 r=32,lr_attnres,25,embedding,1007616,0.019021971862975176,0.005027473992011494
Jonnester/LR-AttnRes-n4-r32,n=4 r=32,lr_attnres,25,partial,1007616,0.04408099260029754,0.006370331792849677
Jonnester/LR-AttnRes-n4-r32,n=4 r=32,lr_attnres,26,completed,1007616,0.809796753937636,0.02737144175399152
Jonnester/LR-AttnRes-n4-r32,n=4 r=32,lr_attnres,26,embedding,1007616,0.017202492561039884,0.00449684673576626
Jonnester/LR-AttnRes-n4-r32,n=4 r=32,lr_attnres,26,partial,1007616,0.17300075510653054,0.026712603051203432
Jonnester/LR-AttnRes-n4-r32,n=4 r=32,lr_attnres,27,completed,1007616,0.6856897114738216,0.04948166281042561
Jonnester/LR-AttnRes-n4-r32,n=4 r=32,lr_attnres,27,embedding,1007616,0.02364407803833,0.006344388430314235
Jonnester/LR-AttnRes-n4-r32,n=4 r=32,lr_attnres,27,partial,1007616,0.29066621094215206,0.050402545788590804
Jonnester/LR-AttnRes-n4-r32,n=4 r=32,lr_attnres,28,completed,1007616,0.7111598069105691,0.038638363298161185
Jonnester/LR-AttnRes-n4-r32,n=4 r=32,lr_attnres,28,embedding,1007616,0.013803147188410527,0.00376048894127282
Jonnester/LR-AttnRes-n4-r32,n=4 r=32,lr_attnres,28,partial,1007616,0.27503704879342056,0.039295089835886074
Jonnester/LR-AttnRes-n4-r32,n=4 r=32,lr_attnres,29,completed,1007616,0.49718401054056677,0.0630126397916878
Jonnester/LR-AttnRes-n4-r32,n=4 r=32,lr_attnres,29,embedding,1007616,0.02448886479970401,0.006714121357430254
Jonnester/LR-AttnRes-n4-r32,n=4 r=32,lr_attnres,29,partial,1007616,0.478327123857126,0.06508081214871546
Jonnester/LR-AttnRes-n4-r32,n=4 r=32,lr_attnres,30,completed,1007616,0.5942976363306123,0.050830689021714684
Jonnester/LR-AttnRes-n4-r32,n=4 r=32,lr_attnres,30,embedding,1007616,0.013977104676811675,0.0032938657504830203
Jonnester/LR-AttnRes-n4-r32,n=4 r=32,lr_attnres,30,partial,1007616,0.39172525740251307,0.05190728967035729
Jonnester/LR-AttnRes-n4-r32,n=4 r=32,lr_attnres,31,completed,1007616,0.3612102425195337,0.0625489303260979
Jonnester/LR-AttnRes-n4-r32,n=4 r=32,lr_attnres,31,embedding,1007616,0.024723533374386104,0.007729908921400485
Jonnester/LR-AttnRes-n4-r32,n=4 r=32,lr_attnres,31,partial,1007616,0.6140662199113427,0.06578210489936828
Jonnester/LR-AttnRes-n4-r32,n=4 r=32,lr_attnres,32,completed,1007616,0.5306494580051764,0.060417551708255135
Jonnester/LR-AttnRes-n4-r32,n=4 r=32,lr_attnres,32,embedding,1007616,0.013401461212433935,0.00426264050161394
Jonnester/LR-AttnRes-n4-r32,n=4 r=32,lr_attnres,32,partial,1007616,0.45594908333406214,0.062496497148176004
Jonnester/LR-AttnRes-n4-r32,n=4 r=32,lr_attnres,33,completed,1007616,0.3185463133381634,0.06426684824381947
Jonnester/LR-AttnRes-n4-r32,n=4 r=32,lr_attnres,33,embedding,1007616,0.024315408302274178,0.008245460008204879
Jonnester/LR-AttnRes-n4-r32,n=4 r=32,lr_attnres,33,partial,1007616,0.6571382802676379,0.06844357141642163
Jonnester/LR-AttnRes-n4-r32,n=4 r=32,lr_attnres,34,completed,1007616,0.5836019205853222,0.0453847776950841
Jonnester/LR-AttnRes-n4-r32,n=4 r=32,lr_attnres,34,embedding,1007616,0.013471849194568833,0.0045324220198693236
Jonnester/LR-AttnRes-n4-r32,n=4 r=32,lr_attnres,34,partial,1007616,0.40292622791073185,0.047628697290042786
Jonnester/LR-AttnRes-n4-r32,n=4 r=32,lr_attnres,35,completed,1007616,0.2725650290163552,0.05900306158088994
Jonnester/LR-AttnRes-n4-r32,n=4 r=32,lr_attnres,35,embedding,1007616,0.025221096427460028,0.00975624684161332
Jonnester/LR-AttnRes-n4-r32,n=4 r=32,lr_attnres,35,partial,1007616,0.7022138766156949,0.06430115835021269
Jonnester/LR-AttnRes-n4-r32,n=4 r=32,lr_attnres,36,completed,1007616,0.984064274687108,0.005872381571123849
Jonnester/LR-AttnRes-n4-r32,n=4 r=32,lr_attnres,36,embedding,1007616,0.015935723722829084,0.005872066796470785
Jonnester/LR-AttnRes-n4-r32,n=4 r=32,lr_attnres,37,completed,1007616,0.9578916333555206,0.008557534847562108
Jonnester/LR-AttnRes-n4-r32,n=4 r=32,lr_attnres,37,embedding,1007616,0.01516335225111343,0.005658034616290204
Jonnester/LR-AttnRes-n4-r32,n=4 r=32,lr_attnres,37,partial,1007616,0.026945019852582033,0.00533310073275163
Jonnester/LR-AttnRes-n4-r32,n=4 r=32,lr_attnres,38,completed,1007616,0.9536832236662144,0.007976156811082994
Jonnester/LR-AttnRes-n4-r32,n=4 r=32,lr_attnres,38,embedding,1007616,0.009831429943745213,0.002150301882164379
Jonnester/LR-AttnRes-n4-r32,n=4 r=32,lr_attnres,38,partial,1007616,0.03648534598873883,0.007688815654639524
Jonnester/LR-AttnRes-n4-r32,n=4 r=32,lr_attnres,39,completed,1007616,0.8256488166204313,0.039765256431052
Jonnester/LR-AttnRes-n4-r32,n=4 r=32,lr_attnres,39,embedding,1007616,0.018830964568911528,0.008420953781786932
Jonnester/LR-AttnRes-n4-r32,n=4 r=32,lr_attnres,39,partial,1007616,0.15552022241479982,0.03885249734913655
Jonnester/LR-AttnRes-n4-r32,n=4 r=32,lr_attnres,40,completed,1007616,0.9510520580338269,0.010203201248694399
Jonnester/LR-AttnRes-n4-r32,n=4 r=32,lr_attnres,40,embedding,1007616,0.009084457107554606,0.0026118106002847798
Jonnester/LR-AttnRes-n4-r32,n=4 r=32,lr_attnres,40,partial,1007616,0.03986347836207568,0.009604281393039373
Jonnester/LR-AttnRes-n4-r32,n=4 r=32,lr_attnres,41,completed,1007616,0.621018378715205,0.0651231312692516
Jonnester/LR-AttnRes-n4-r32,n=4 r=32,lr_attnres,41,embedding,1007616,0.019133332268736227,0.009358220571095494
Jonnester/LR-AttnRes-n4-r32,n=4 r=32,lr_attnres,41,partial,1007616,0.35984828922806716,0.06616225888820992
Jonnester/LR-AttnRes-n4-r32,n=4 r=32,lr_attnres,42,completed,1007616,0.9054502132462292,0.019276388988392037
Jonnester/LR-AttnRes-n4-r32,n=4 r=32,lr_attnres,42,embedding,1007616,0.013773849430849881,0.0038793307227703378
Jonnester/LR-AttnRes-n4-r32,n=4 r=32,lr_attnres,42,partial,1007616,0.08077594068476825,0.019263103424396133
Jonnester/LR-AttnRes-n4-r32,n=4 r=32,lr_attnres,43,completed,1007616,0.4853639178644351,0.05810844559293593
Jonnester/LR-AttnRes-n4-r32,n=4 r=32,lr_attnres,43,embedding,1007616,0.01785122521403359,0.009556400096685987
Jonnester/LR-AttnRes-n4-r32,n=4 r=32,lr_attnres,43,partial,1007616,0.4967848556797679,0.06043798779031464
Jonnester/LR-AttnRes-n4-r32,n=4 r=32,lr_attnres,44,completed,1007616,0.8910916311954095,0.030393250373487075
Jonnester/LR-AttnRes-n4-r32,n=4 r=32,lr_attnres,44,embedding,1007616,0.010501550502953975,0.003107213104699516
Jonnester/LR-AttnRes-n4-r32,n=4 r=32,lr_attnres,44,partial,1007616,0.09840681512908238,0.030410033098821433
Jonnester/LR-AttnRes-n4-r32,n=4 r=32,lr_attnres,45,completed,1007616,0.41210430715142227,0.05673280161767144
Jonnester/LR-AttnRes-n4-r32,n=4 r=32,lr_attnres,45,embedding,1007616,0.014490827600040087,0.008036747625447165
Jonnester/LR-AttnRes-n4-r32,n=4 r=32,lr_attnres,45,partial,1007616,0.5734048640824915,0.059386731897413295
Jonnester/LR-AttnRes-n4-r32,n=4 r=32,lr_attnres,46,completed,1007616,0.9094453623624352,0.02120756237856236
Jonnester/LR-AttnRes-n4-r32,n=4 r=32,lr_attnres,46,embedding,1007616,0.0071153046101392285,0.0018814897131521162
Jonnester/LR-AttnRes-n4-r32,n=4 r=32,lr_attnres,46,partial,1007616,0.08343932916963004,0.020878540385239282
Jonnester/LR-AttnRes-n4-r32,n=4 r=32,lr_attnres,47,completed,1007616,0.4031646438245851,0.04495749821761691
Jonnester/LR-AttnRes-n4-r32,n=4 r=32,lr_attnres,47,embedding,1007616,0.013872105673682399,0.006216941084613142
Jonnester/LR-AttnRes-n4-r32,n=4 r=32,lr_attnres,47,partial,1007616,0.5829632510014666,0.047325467437830504
Jonnester/LR-AttnRes-n4-r32,n=4 r=32,lr_attnres,48,completed,1007616,0.9858539937957516,0.007886199064366483
Jonnester/LR-AttnRes-n4-r32,n=4 r=32,lr_attnres,48,embedding,1007616,0.014146001706641863,0.007885660878164466
Jonnester/LR-AttnRes-LR-n8-r32,n=8 r=32,lr_attnres,1,embedding,1007616,0.8808209934854895,0.026167419853404712
Jonnester/LR-AttnRes-LR-n8-r32,n=8 r=32,lr_attnres,1,partial,1007616,0.11917900857402057,0.026167514931140393
Jonnester/LR-AttnRes-LR-n8-r32,n=8 r=32,lr_attnres,2,embedding,1007616,0.440920930810091,0.05766249507993399
Jonnester/LR-AttnRes-LR-n8-r32,n=8 r=32,lr_attnres,2,partial,1007616,0.5590790631325264,0.057662499185147605
Jonnester/LR-AttnRes-LR-n8-r32,n=8 r=32,lr_attnres,3,embedding,1007616,0.6001930067209693,0.08367763452031719
Jonnester/LR-AttnRes-LR-n8-r32,n=8 r=32,lr_attnres,3,partial,1007616,0.3998069857678762,0.08367759801867283
Jonnester/LR-AttnRes-LR-n8-r32,n=8 r=32,lr_attnres,4,embedding,1007616,0.2690457943978348,0.028420991736931567
Jonnester/LR-AttnRes-LR-n8-r32,n=8 r=32,lr_attnres,4,partial,1007616,0.7309542022100309,0.028421034221146436
Jonnester/LR-AttnRes-LR-n8-r32,n=8 r=32,lr_attnres,5,embedding,1007616,0.5302636669418677,0.08044569757197216
Jonnester/LR-AttnRes-LR-n8-r32,n=8 r=32,lr_attnres,5,partial,1007616,0.46973633111977,0.08044570286658305
Jonnester/LR-AttnRes-LR-n8-r32,n=8 r=32,lr_attnres,6,completed,1007616,0.8734503412634377,0.0143471667988952
Jonnester/LR-AttnRes-LR-n8-r32,n=8 r=32,lr_attnres,6,embedding,1007616,0.12654966067492476,0.014347214878645187
Jonnester/LR-AttnRes-LR-n8-r32,n=8 r=32,lr_attnres,7,completed,1007616,0.7936054002947923,0.018907665487080227
Jonnester/LR-AttnRes-LR-n8-r32,n=8 r=32,lr_attnres,7,embedding,1007616,0.09702486211691445,0.009871111367811427
Jonnester/LR-AttnRes-LR-n8-r32,n=8 r=32,lr_attnres,7,partial,1007616,0.10936973886034353,0.015485444551274749
Jonnester/LR-AttnRes-LR-n8-r32,n=8 r=32,lr_attnres,8,completed,1007616,0.5702667468931617,0.04138177258615739
Jonnester/LR-AttnRes-LR-n8-r32,n=8 r=32,lr_attnres,8,embedding,1007616,0.08203304165262516,0.009073985971516452
Jonnester/LR-AttnRes-LR-n8-r32,n=8 r=32,lr_attnres,8,partial,1007616,0.3477002098792937,0.044039941319935556
Jonnester/LR-AttnRes-LR-n8-r32,n=8 r=32,lr_attnres,9,completed,1007616,0.37525266917740424,0.05238512827806598
Jonnester/LR-AttnRes-LR-n8-r32,n=8 r=32,lr_attnres,9,embedding,1007616,0.10001301093072426,0.018144428124189083
Jonnester/LR-AttnRes-LR-n8-r32,n=8 r=32,lr_attnres,9,partial,1007616,0.5247343153488345,0.062497818001929044
Jonnester/LR-AttnRes-LR-n8-r32,n=8 r=32,lr_attnres,10,completed,1007616,0.2674937342725149,0.04230755584115515
Jonnester/LR-AttnRes-LR-n8-r32,n=8 r=32,lr_attnres,10,embedding,1007616,0.04780955700491502,0.00747250943599548
Jonnester/LR-AttnRes-LR-n8-r32,n=8 r=32,lr_attnres,10,partial,1007616,0.6846967140833536,0.04722795549643824
Jonnester/LR-AttnRes-LR-n8-r32,n=8 r=32,lr_attnres,11,completed,1007616,0.26120188287118584,0.050604599616978475
Jonnester/LR-AttnRes-LR-n8-r32,n=8 r=32,lr_attnres,11,embedding,1007616,0.11059325769907091,0.025744688298018053
Jonnester/LR-AttnRes-LR-n8-r32,n=8 r=32,lr_attnres,11,partial,1007616,0.6282048608229412,0.0693467548463112
Jonnester/LR-AttnRes-LR-n8-r32,n=8 r=32,lr_attnres,12,completed,1007616,0.951309760896171,0.010366636936286495
Jonnester/LR-AttnRes-LR-n8-r32,n=8 r=32,lr_attnres,12,embedding,1007616,0.04869024061817464,0.010366525924550726
Jonnester/LR-AttnRes-LR-n8-r32,n=8 r=32,lr_attnres,13,completed,1007616,0.8486846884091696,0.01790274987359933
Jonnester/LR-AttnRes-LR-n8-r32,n=8 r=32,lr_attnres,13,embedding,1007616,0.07292957385865653,0.013887085362163152
Jonnester/LR-AttnRes-LR-n8-r32,n=8 r=32,lr_attnres,13,partial,1007616,0.07838573252282492,0.011234279656648917
Jonnester/LR-AttnRes-LR-n8-r32,n=8 r=32,lr_attnres,14,completed,1007616,0.6430422431085168,0.028135597103603735
Jonnester/LR-AttnRes-LR-n8-r32,n=8 r=32,lr_attnres,14,embedding,1007616,0.0455009084406907,0.007809541571342225
Jonnester/LR-AttnRes-LR-n8-r32,n=8 r=32,lr_attnres,14,partial,1007616,0.3114568491776784,0.029388673906570507
Jonnester/LR-AttnRes-LR-n8-r32,n=8 r=32,lr_attnres,15,completed,1007616,0.48930793758330304,0.033309038707503506
Jonnester/LR-AttnRes-LR-n8-r32,n=8 r=32,lr_attnres,15,embedding,1007616,0.048283468295888206,0.008939507345907113
Jonnester/LR-AttnRes-LR-n8-r32,n=8 r=32,lr_attnres,15,partial,1007616,0.46240859375736576,0.03479023407451695
Jonnester/LR-AttnRes-LR-n8-r32,n=8 r=32,lr_attnres,16,completed,1007616,0.3864778670353618,0.031799147934389586
Jonnester/LR-AttnRes-LR-n8-r32,n=8 r=32,lr_attnres,16,embedding,1007616,0.028777050414705664,0.005095508889626734
Jonnester/LR-AttnRes-LR-n8-r32,n=8 r=32,lr_attnres,16,partial,1007616,0.5847450877592816,0.032833821452076487
Jonnester/LR-AttnRes-LR-n8-r32,n=8 r=32,lr_attnres,17,completed,1007616,0.33340206112318893,0.03634122324025778
Jonnester/LR-AttnRes-LR-n8-r32,n=8 r=32,lr_attnres,17,embedding,1007616,0.04696129365422862,0.010669320149338106
Jonnester/LR-AttnRes-LR-n8-r32,n=8 r=32,lr_attnres,17,partial,1007616,0.6196366451620087,0.04081540703399046
Jonnester/LR-AttnRes-LR-n8-r32,n=8 r=32,lr_attnres,18,completed,1007616,0.9791524395710085,0.00461771137054059
Jonnester/LR-AttnRes-LR-n8-r32,n=8 r=32,lr_attnres,18,embedding,1007616,0.02084755994440094,0.0046171935604658034
Jonnester/LR-AttnRes-LR-n8-r32,n=8 r=32,lr_attnres,19,completed,1007616,0.8941275705166949,0.015174273445806954
Jonnester/LR-AttnRes-LR-n8-r32,n=8 r=32,lr_attnres,19,embedding,1007616,0.03194648883025336,0.0074312088262174225
Jonnester/LR-AttnRes-LR-n8-r32,n=8 r=32,lr_attnres,19,partial,1007616,0.07392593854811133,0.013559348683767835
Jonnester/LR-AttnRes-LR-n8-r32,n=8 r=32,lr_attnres,20,completed,1007616,0.7112061783550231,0.03160124965853027
Jonnester/LR-AttnRes-LR-n8-r32,n=8 r=32,lr_attnres,20,embedding,1007616,0.02073750105815205,0.004435465853525245
Jonnester/LR-AttnRes-LR-n8-r32,n=8 r=32,lr_attnres,20,partial,1007616,0.26805632422125436,0.03223397332510068
Jonnester/LR-AttnRes-LR-n8-r32,n=8 r=32,lr_attnres,21,completed,1007616,0.5659154454867045,0.04304430061666448
Jonnester/LR-AttnRes-LR-n8-r32,n=8 r=32,lr_attnres,21,embedding,1007616,0.03673503108746637,0.008247649991299729
Jonnester/LR-AttnRes-LR-n8-r32,n=8 r=32,lr_attnres,21,partial,1007616,0.3973495201851294,0.042376541462316085
Jonnester/LR-AttnRes-LR-n8-r32,n=8 r=32,lr_attnres,22,completed,1007616,0.49666030111351633,0.03581670158386039
Jonnester/LR-AttnRes-LR-n8-r32,n=8 r=32,lr_attnres,22,embedding,1007616,0.01651949688368212,0.003592726655842532
Jonnester/LR-AttnRes-LR-n8-r32,n=8 r=32,lr_attnres,22,partial,1007616,0.48682020301741313,0.035790346615421055
Jonnester/LR-AttnRes-LR-n8-r32,n=8 r=32,lr_attnres,23,completed,1007616,0.39347365522772315,0.044091736566901955
Jonnester/LR-AttnRes-LR-n8-r32,n=8 r=32,lr_attnres,23,embedding,1007616,0.03479805082930782,0.009037740049897967
Jonnester/LR-AttnRes-LR-n8-r32,n=8 r=32,lr_attnres,23,partial,1007616,0.5717282920348935,0.046322850712636025
Jonnester/LR-AttnRes-LR-n8-r32,n=8 r=32,lr_attnres,24,completed,1007616,0.9862836972484744,0.002935803197278733
Jonnester/LR-AttnRes-LR-n8-r32,n=8 r=32,lr_attnres,24,embedding,1007616,0.013716301691483676,0.0029352462765395303
Jonnester/LR-AttnRes-LR-n8-r32,n=8 r=32,lr_attnres,25,completed,1007616,0.9012422270891143,0.015740029858690347
Jonnester/LR-AttnRes-LR-n8-r32,n=8 r=32,lr_attnres,25,embedding,1007616,0.02116085529872557,0.004706970077593619
Jonnester/LR-AttnRes-LR-n8-r32,n=8 r=32,lr_attnres,25,partial,1007616,0.07759691629467941,0.01581986412744546
Jonnester/LR-AttnRes-LR-n8-r32,n=8 r=32,lr_attnres,26,completed,1007616,0.7518661613386821,0.027266135490239814
Jonnester/LR-AttnRes-LR-n8-r32,n=8 r=32,lr_attnres,26,embedding,1007616,0.019655148279133852,0.005192266416657892
Jonnester/LR-AttnRes-LR-n8-r32,n=8 r=32,lr_attnres,26,partial,1007616,0.22847868986730654,0.02673078364694444
Jonnester/LR-AttnRes-LR-n8-r32,n=8 r=32,lr_attnres,27,completed,1007616,0.629370840099769,0.034636988495952904
Jonnester/LR-AttnRes-LR-n8-r32,n=8 r=32,lr_attnres,27,embedding,1007616,0.028699635459882456,0.006902351037229751
Jonnester/LR-AttnRes-LR-n8-r32,n=8 r=32,lr_attnres,27,partial,1007616,0.3419295234408805,0.03567299494913601
Jonnester/LR-AttnRes-LR-n8-r32,n=8 r=32,lr_attnres,28,completed,1007616,0.584764582354848,0.03499056942971597
Jonnester/LR-AttnRes-LR-n8-r32,n=8 r=32,lr_attnres,28,embedding,1007616,0.01506180092086637,0.0036655700724719047
Jonnester/LR-AttnRes-LR-n8-r32,n=8 r=32,lr_attnres,28,partial,1007616,0.4001736163608427,0.035008124304935745
Jonnester/LR-AttnRes-LR-n8-r32,n=8 r=32,lr_attnres,29,completed,1007616,0.48270630109600904,0.051494214244020196
Jonnester/LR-AttnRes-LR-n8-r32,n=8 r=32,lr_attnres,29,embedding,1007616,0.030268055182404635,0.008371492826136908
Jonnester/LR-AttnRes-LR-n8-r32,n=8 r=32,lr_attnres,29,partial,1007616,0.4870256444787591,0.05474356999440384
Jonnester/LR-AttnRes-LR-n8-r32,n=8 r=32,lr_attnres,30,completed,1007616,0.9739972541971904,0.005973566797729106
Jonnester/LR-AttnRes-LR-n8-r32,n=8 r=32,lr_attnres,30,embedding,1007616,0.0260027453333624,0.005973395938538972
Jonnester/LR-AttnRes-LR-n8-r32,n=8 r=32,lr_attnres,31,completed,1007616,0.9092843581021317,0.01692095203175102
Jonnester/LR-AttnRes-LR-n8-r32,n=8 r=32,lr_attnres,31,embedding,1007616,0.03341992770329239,0.01008375184778346
Jonnester/LR-AttnRes-LR-n8-r32,n=8 r=32,lr_attnres,31,partial,1007616,0.05729571051471602,0.01395130862557825
Jonnester/LR-AttnRes-LR-n8-r32,n=8 r=32,lr_attnres,32,completed,1007616,0.9179029949312287,0.011857227383246318
Jonnester/LR-AttnRes-LR-n8-r32,n=8 r=32,lr_attnres,32,embedding,1007616,0.01453940681658867,0.002168247267275343
Jonnester/LR-AttnRes-LR-n8-r32,n=8 r=32,lr_attnres,32,partial,1007616,0.06755759818403702,0.01184814511415814
Jonnester/LR-AttnRes-LR-n8-r32,n=8 r=32,lr_attnres,33,completed,1007616,0.6598052949440188,0.03742498250862883
Jonnester/LR-AttnRes-LR-n8-r32,n=8 r=32,lr_attnres,33,embedding,1007616,0.031179439715617072,0.009874171856048665
Jonnester/LR-AttnRes-LR-n8-r32,n=8 r=32,lr_attnres,33,partial,1007616,0.30901526653669714,0.03872207480544768
Jonnester/LR-AttnRes-LR-n8-r32,n=8 r=32,lr_attnres,34,completed,1007616,0.8846970777201458,0.02054410583952936
Jonnester/LR-AttnRes-LR-n8-r32,n=8 r=32,lr_attnres,34,embedding,1007616,0.012900719608414948,0.002180447489739408
Jonnester/LR-AttnRes-LR-n8-r32,n=8 r=32,lr_attnres,34,partial,1007616,0.10240220708575676,0.02068472886904439
Jonnester/LR-AttnRes-LR-n8-r32,n=8 r=32,lr_attnres,35,completed,1007616,0.45660368407644875,0.04413079175964584
Jonnester/LR-AttnRes-LR-n8-r32,n=8 r=32,lr_attnres,35,embedding,1007616,0.028098638949355458,0.010982147872692312
Jonnester/LR-AttnRes-LR-n8-r32,n=8 r=32,lr_attnres,35,partial,1007616,0.5152976760050145,0.04815422125208014
Jonnester/LR-AttnRes-LR-n8-r32,n=8 r=32,lr_attnres,36,completed,1007616,0.9799589718260416,0.004916088495931224
Jonnester/LR-AttnRes-LR-n8-r32,n=8 r=32,lr_attnres,36,embedding,1007616,0.02004102749250284,0.004915741204572767
Jonnester/LR-AttnRes-LR-n8-r32,n=8 r=32,lr_attnres,37,completed,1007616,0.9477087075148172,0.010640604210782336
Jonnester/LR-AttnRes-LR-n8-r32,n=8 r=32,lr_attnres,37,embedding,1007616,0.021629014544612992,0.00998120047883604
Jonnester/LR-AttnRes-LR-n8-r32,n=8 r=32,lr_attnres,37,partial,1007616,0.030662277925426397,0.006752390505720813
Jonnester/LR-AttnRes-LR-n8-r32,n=8 r=32,lr_attnres,38,completed,1007616,0.9592907734033538,0.005301041248960487
Jonnester/LR-AttnRes-LR-n8-r32,n=8 r=32,lr_attnres,38,embedding,1007616,0.015733089017855927,0.002692558086114501
Jonnester/LR-AttnRes-LR-n8-r32,n=8 r=32,lr_attnres,38,partial,1007616,0.024976139343002947,0.004368703650825549
Jonnester/LR-AttnRes-LR-n8-r32,n=8 r=32,lr_attnres,39,completed,1007616,0.7925988702270074,0.02045509583577821
Jonnester/LR-AttnRes-LR-n8-r32,n=8 r=32,lr_attnres,39,embedding,1007616,0.021433373443721756,0.009772124424106758
Jonnester/LR-AttnRes-LR-n8-r32,n=8 r=32,lr_attnres,39,partial,1007616,0.18596775211938998,0.021598984881805384
Jonnester/LR-AttnRes-LR-n8-r32,n=8 r=32,lr_attnres,40,completed,1007616,0.9391419974769034,0.011877212971652553
Jonnester/LR-AttnRes-LR-n8-r32,n=8 r=32,lr_attnres,40,embedding,1007616,0.011679663216861768,0.0023745128379369963
Jonnester/LR-AttnRes-LR-n8-r32,n=8 r=32,lr_attnres,40,partial,1007616,0.049178339328950015,0.011248676649681771
Jonnester/LR-AttnRes-LR-n8-r32,n=8 r=32,lr_attnres,41,completed,1007616,0.6437884331718693,0.02216297115968611
Jonnester/LR-AttnRes-LR-n8-r32,n=8 r=32,lr_attnres,41,embedding,1007616,0.017845770344138145,0.00791944841898403
Jonnester/LR-AttnRes-LR-n8-r32,n=8 r=32,lr_attnres,41,partial,1007616,0.33836579250126353,0.024220385739223835
Jonnester/LR-AttnRes-LR-n8-r32,n=8 r=32,lr_attnres,42,completed,1007616,0.9886360386522804,0.002390945038647104
Jonnester/LR-AttnRes-LR-n8-r32,n=8 r=32,lr_attnres,42,embedding,1007616,0.011363961143282855,0.002390468042800455
Jonnester/LR-AttnRes-LR-n8-r32,n=8 r=32,lr_attnres,43,completed,1007616,0.9638913147817783,0.007209716686872411
Jonnester/LR-AttnRes-LR-n8-r32,n=8 r=32,lr_attnres,43,embedding,1007616,0.01774216470558469,0.007480054904077725
Jonnester/LR-AttnRes-LR-n8-r32,n=8 r=32,lr_attnres,43,partial,1007616,0.0183665277814962,0.0037042284529125403
Jonnester/LR-AttnRes-LR-n8-r32,n=8 r=32,lr_attnres,44,completed,1007616,0.9449947146865411,0.012179082977364166
Jonnester/LR-AttnRes-LR-n8-r32,n=8 r=32,lr_attnres,44,embedding,1007616,0.0101758847846006,0.0020699462539790813
Jonnester/LR-AttnRes-LR-n8-r32,n=8 r=32,lr_attnres,44,partial,1007616,0.04482940015027193,0.012559070867623905
Jonnester/LR-AttnRes-LR-n8-r32,n=8 r=32,lr_attnres,45,completed,1007616,0.8539511091340848,0.013917671595189501
Jonnester/LR-AttnRes-LR-n8-r32,n=8 r=32,lr_attnres,45,embedding,1007616,0.015172236349161079,0.0066203509162300845
Jonnester/LR-AttnRes-LR-n8-r32,n=8 r=32,lr_attnres,45,partial,1007616,0.1308766527146828,0.013504721367918207
Jonnester/LR-AttnRes-LR-n8-r32,n=8 r=32,lr_attnres,46,completed,1007616,0.9397576683905067,0.013049178509797608
Jonnester/LR-AttnRes-LR-n8-r32,n=8 r=32,lr_attnres,46,embedding,1007616,0.010306168900333285,0.0020359905301026264
Jonnester/LR-AttnRes-LR-n8-r32,n=8 r=32,lr_attnres,46,partial,1007616,0.049936163655626094,0.012923743206057933
Jonnester/LR-AttnRes-LR-n8-r32,n=8 r=32,lr_attnres,47,completed,1007616,0.7758179190682202,0.01285583094439159
Jonnester/LR-AttnRes-LR-n8-r32,n=8 r=32,lr_attnres,47,embedding,1007616,0.014641148787809581,0.005115313651887118
Jonnester/LR-AttnRes-LR-n8-r32,n=8 r=32,lr_attnres,47,partial,1007616,0.20954093349173786,0.012739317045024812
Jonnester/LR-AttnRes-LR-n8-r32,n=8 r=32,lr_attnres,48,completed,1007616,0.986705652581967,0.005174859885806782
Jonnester/LR-AttnRes-LR-n8-r32,n=8 r=32,lr_attnres,48,embedding,1007616,0.013294348856661378,0.005175575096940062
Jonnester/LR-AttnRes-n16-r32,n=16 r=32,lr_attnres,1,embedding,1007616,0.8982328137731165,0.020063121857931052
Jonnester/LR-AttnRes-n16-r32,n=16 r=32,lr_attnres,1,partial,1007616,0.10176718804409833,0.02006300772415759
Jonnester/LR-AttnRes-n16-r32,n=16 r=32,lr_attnres,2,embedding,1007616,0.5282649276702385,0.02591606093588919
Jonnester/LR-AttnRes-n16-r32,n=16 r=32,lr_attnres,2,partial,1007616,0.47173507426812394,0.02591607239916411
Jonnester/LR-AttnRes-n16-r32,n=16 r=32,lr_attnres,3,completed,1007616,0.35308704337453456,0.06619333107532775
Jonnester/LR-AttnRes-n16-r32,n=16 r=32,lr_attnres,3,embedding,1007616,0.6469129575946466,0.06619334356595
Jonnester/LR-AttnRes-n16-r32,n=16 r=32,lr_attnres,4,completed,1007616,0.565767495612788,0.041909534116172785
Jonnester/LR-AttnRes-n16-r32,n=16 r=32,lr_attnres,4,embedding,1007616,0.1701584988977851,0.008201346718432216
Jonnester/LR-AttnRes-n16-r32,n=16 r=32,lr_attnres,4,partial,1007616,0.26407400258188324,0.043374633603661984
Jonnester/LR-AttnRes-n16-r32,n=16 r=32,lr_attnres,5,completed,1007616,0.3338176579010196,0.027979370168162595
Jonnester/LR-AttnRes-n16-r32,n=16 r=32,lr_attnres,5,embedding,1007616,0.3391401193490842,0.05742168527804847
Jonnester/LR-AttnRes-n16-r32,n=16 r=32,lr_attnres,5,partial,1007616,0.3270422237190774,0.045389773379797146
Jonnester/LR-AttnRes-n16-r32,n=16 r=32,lr_attnres,6,completed,1007616,0.8784798926454249,0.015136511454490763
Jonnester/LR-AttnRes-n16-r32,n=16 r=32,lr_attnres,6,embedding,1007616,0.12152010668826298,0.015136423760902204
Jonnester/LR-AttnRes-n16-r32,n=16 r=32,lr_attnres,7,completed,1007616,0.7487724534864348,0.027881326095144418
Jonnester/LR-AttnRes-n16-r32,n=16 r=32,lr_attnres,7,embedding,1007616,0.1033474625489576,0.015836950787378772
Jonnester/LR-AttnRes-n16-r32,n=16 r=32,lr_attnres,7,partial,1007616,0.14788007954271828,0.023616958534267495
Jonnester/LR-AttnRes-n16-r32,n=16 r=32,lr_attnres,8,completed,1007616,0.5186909597094466,0.03594417438779899
Jonnester/LR-AttnRes-n16-r32,n=16 r=32,lr_attnres,8,embedding,1007616,0.09556521941733555,0.01196010450220723
Jonnester/LR-AttnRes-n16-r32,n=16 r=32,lr_attnres,8,partial,1007616,0.3857438229933018,0.04055623821886286
Jonnester/LR-AttnRes-n16-r32,n=16 r=32,lr_attnres,9,completed,1007616,0.895563771569632,0.022689198060002417
Jonnester/LR-AttnRes-n16-r32,n=16 r=32,lr_attnres,9,embedding,1007616,0.10443622776405598,0.022689243508746355
Jonnester/LR-AttnRes-n16-r32,n=16 r=32,lr_attnres,10,completed,1007616,0.6396587922321102,0.03049118176183382
Jonnester/LR-AttnRes-n16-r32,n=16 r=32,lr_attnres,10,embedding,1007616,0.1085104771503588,0.01632752855651449
Jonnester/LR-AttnRes-n16-r32,n=16 r=32,lr_attnres,10,partial,1007616,0.25183073291933633,0.031035823714635508
Jonnester/LR-AttnRes-n16-r32,n=16 r=32,lr_attnres,11,completed,1007616,0.5552479745895882,0.026005109447525453
Jonnester/LR-AttnRes-n16-r32,n=16 r=32,lr_attnres,11,embedding,1007616,0.07613341988829093,0.013815927963188755
Jonnester/LR-AttnRes-n16-r32,n=16 r=32,lr_attnres,11,partial,1007616,0.36861860267515106,0.03156434840097551
Jonnester/LR-AttnRes-n16-r32,n=16 r=32,lr_attnres,12,completed,1007616,0.9538796985052466,0.005051363751215609
Jonnester/LR-AttnRes-n16-r32,n=16 r=32,lr_attnres,12,embedding,1007616,0.046120298829505114,0.0050510197076200835
Jonnester/LR-AttnRes-n16-r32,n=16 r=32,lr_attnres,13,completed,1007616,0.900127649307251,0.012202764097685812
Jonnester/LR-AttnRes-n16-r32,n=16 r=32,lr_attnres,13,embedding,1007616,0.05230745397568718,0.009121922557584367
Jonnester/LR-AttnRes-n16-r32,n=16 r=32,lr_attnres,13,partial,1007616,0.047564902532149136,0.00757197124285472
Jonnester/LR-AttnRes-n16-r32,n=16 r=32,lr_attnres,14,completed,1007616,0.6767556488029356,0.01851827012851949
Jonnester/LR-AttnRes-n16-r32,n=16 r=32,lr_attnres,14,embedding,1007616,0.042642153587525454,0.005402523472084777
Jonnester/LR-AttnRes-n16-r32,n=16 r=32,lr_attnres,14,partial,1007616,0.28060219661007085,0.020275910562964853
Jonnester/LR-AttnRes-n16-r32,n=16 r=32,lr_attnres,15,completed,1007616,0.9601698512953472,0.006150327625873473
Jonnester/LR-AttnRes-n16-r32,n=16 r=32,lr_attnres,15,embedding,1007616,0.03983015179391799,0.006150985233297866
Jonnester/LR-AttnRes-n16-r32,n=16 r=32,lr_attnres,16,completed,1007616,0.7935620318583356,0.01814215977428403
Jonnester/LR-AttnRes-n16-r32,n=16 r=32,lr_attnres,16,embedding,1007616,0.041532005387835386,0.005187700027169193
Jonnester/LR-AttnRes-n16-r32,n=16 r=32,lr_attnres,16,partial,1007616,0.1649059624206729,0.0191680024127135
Jonnester/LR-AttnRes-n16-r32,n=16 r=32,lr_attnres,17,completed,1007616,0.7042387699693199,0.02179438093351982
Jonnester/LR-AttnRes-n16-r32,n=16 r=32,lr_attnres,17,embedding,1007616,0.04366238693880841,0.006777109832652377
Jonnester/LR-AttnRes-n16-r32,n=16 r=32,lr_attnres,17,partial,1007616,0.25209884466679117,0.0237685765773769
Jonnester/LR-AttnRes-n16-r32,n=16 r=32,lr_attnres,18,completed,1007616,0.9657515990055674,0.004797920573536898
Jonnester/LR-AttnRes-n16-r32,n=16 r=32,lr_attnres,18,embedding,1007616,0.03424839848061887,0.004797702089456422
Jonnester/LR-AttnRes-n16-r32,n=16 r=32,lr_attnres,19,completed,1007616,0.8838206180712072,0.01654139313034579
Jonnester/LR-AttnRes-n16-r32,n=16 r=32,lr_attnres,19,embedding,1007616,0.036412427792461906,0.006668097975524675
Jonnester/LR-AttnRes-n16-r32,n=16 r=32,lr_attnres,19,partial,1007616,0.07976695749817825,0.014302006401053578
Jonnester/LR-AttnRes-n16-r32,n=16 r=32,lr_attnres,20,completed,1007616,0.7584273223954487,0.023489409137206624
Jonnester/LR-AttnRes-n16-r32,n=16 r=32,lr_attnres,20,embedding,1007616,0.03707820222508616,0.005570511159748756
Jonnester/LR-AttnRes-n16-r32,n=16 r=32,lr_attnres,20,partial,1007616,0.20449447728754058,0.02313290070449578
Jonnester/LR-AttnRes-n16-r32,n=16 r=32,lr_attnres,21,completed,1007616,0.9565442015485066,0.007018177117561748
Jonnester/LR-AttnRes-n16-r32,n=16 r=32,lr_attnres,21,embedding,1007616,0.0434558023585052,0.00701843437228656
Jonnester/LR-AttnRes-n16-r32,n=16 r=32,lr_attnres,22,completed,1007616,0.7832571951354422,0.01835740853985537
Jonnester/LR-AttnRes-n16-r32,n=16 r=32,lr_attnres,22,embedding,1007616,0.04230650789975151,0.0061900654466853795
Jonnester/LR-AttnRes-n16-r32,n=16 r=32,lr_attnres,22,partial,1007616,0.17443629638935493,0.018271924895636785
Jonnester/LR-AttnRes-n16-r32,n=16 r=32,lr_attnres,23,completed,1007616,0.698084110651559,0.030004325479444916
Jonnester/LR-AttnRes-n16-r32,n=16 r=32,lr_attnres,23,embedding,1007616,0.037994859634133855,0.007254112000225173
Jonnester/LR-AttnRes-n16-r32,n=16 r=32,lr_attnres,23,partial,1007616,0.2639210298051679,0.03185321421942114
Jonnester/LR-AttnRes-n16-r32,n=16 r=32,lr_attnres,24,completed,1007616,0.9729733268419901,0.004773238231846678
Jonnester/LR-AttnRes-n16-r32,n=16 r=32,lr_attnres,24,embedding,1007616,0.027026674732929322,0.004773308033460198
Jonnester/LR-AttnRes-n16-r32,n=16 r=32,lr_attnres,25,completed,1007616,0.916846926619367,0.010397527825629868
Jonnester/LR-AttnRes-n16-r32,n=16 r=32,lr_attnres,25,embedding,1007616,0.031684105700957095,0.0061969663092050885
Jonnester/LR-AttnRes-n16-r32,n=16 r=32,lr_attnres,25,partial,1007616,0.05146896951203424,0.008526352243889718
Jonnester/LR-AttnRes-n16-r32,n=16 r=32,lr_attnres,26,completed,1007616,0.7440658289242567,0.023507581290370495
Jonnester/LR-AttnRes-n16-r32,n=16 r=32,lr_attnres,26,embedding,1007616,0.022030241015117344,0.0036925212044202575
Jonnester/LR-AttnRes-n16-r32,n=16 r=32,lr_attnres,26,partial,1007616,0.23390392220117212,0.024548875977980146
Jonnester/LR-AttnRes-n16-r32,n=16 r=32,lr_attnres,27,completed,1007616,0.9721868091482457,0.006109563766499475
Jonnester/LR-AttnRes-n16-r32,n=16 r=32,lr_attnres,27,embedding,1007616,0.027813192426673766,0.006109640405630363
Jonnester/LR-AttnRes-n16-r32,n=16 r=32,lr_attnres,28,completed,1007616,0.8794286284989458,0.015421023282552154
Jonnester/LR-AttnRes-n16-r32,n=16 r=32,lr_attnres,28,embedding,1007616,0.022989018085768552,0.0035212193493764504
Jonnester/LR-AttnRes-n16-r32,n=16 r=32,lr_attnres,28,partial,1007616,0.09758235708000214,0.016409074001749194
Jonnester/LR-AttnRes-n16-r32,n=16 r=32,lr_attnres,29,completed,1007616,0.7650289898965417,0.03393116705857343
Jonnester/LR-AttnRes-n16-r32,n=16 r=32,lr_attnres,29,embedding,1007616,0.03402402055093912,0.007379986858541075
Jonnester/LR-AttnRes-n16-r32,n=16 r=32,lr_attnres,29,partial,1007616,0.20094699127887322,0.035320883608779434
Jonnester/LR-AttnRes-n16-r32,n=16 r=32,lr_attnres,30,completed,1007616,0.9812942118179507,0.0019066434209382148
Jonnester/LR-AttnRes-n16-r32,n=16 r=32,lr_attnres,30,embedding,1007616,0.018705783760159966,0.0019040198035134806
Jonnester/LR-AttnRes-n16-r32,n=16 r=32,lr_attnres,31,completed,1007616,0.8837036282066407,0.018286017089433136
Jonnester/LR-AttnRes-n16-r32,n=16 r=32,lr_attnres,31,embedding,1007616,0.033693409365851704,0.007940496428767532
Jonnester/LR-AttnRes-n16-r32,n=16 r=32,lr_attnres,31,partial,1007616,0.08260296357841027,0.017447870790696745
Jonnester/LR-AttnRes-n16-r32,n=16 r=32,lr_attnres,32,completed,1007616,0.9075211233239833,0.014124426831846967
Jonnester/LR-AttnRes-n16-r32,n=16 r=32,lr_attnres,32,embedding,1007616,0.013447901635332321,0.0010849943301996202
Jonnester/LR-AttnRes-n16-r32,n=16 r=32,lr_attnres,32,partial,1007616,0.07903097406393145,0.014380632685968007
Jonnester/LR-AttnRes-n16-r32,n=16 r=32,lr_attnres,33,completed,1007616,0.9762173614850859,0.0051008726474671634
Jonnester/LR-AttnRes-n16-r32,n=16 r=32,lr_attnres,33,embedding,1007616,0.02378263809089738,0.0051006693095073125
Jonnester/LR-AttnRes-n16-r32,n=16 r=32,lr_attnres,34,completed,1007616,0.916297610213117,0.011753116637272333
Jonnester/LR-AttnRes-n16-r32,n=16 r=32,lr_attnres,34,embedding,1007616,0.013370973936365388,0.0014383074265458486
Jonnester/LR-AttnRes-n16-r32,n=16 r=32,lr_attnres,34,partial,1007616,0.0703314144800349,0.012038249049574503
Jonnester/LR-AttnRes-n16-r32,n=16 r=32,lr_attnres,35,completed,1007616,0.792122876256462,0.023007883560670985
Jonnester/LR-AttnRes-n16-r32,n=16 r=32,lr_attnres,35,embedding,1007616,0.022466552481660997,0.005978053027345253
Jonnester/LR-AttnRes-n16-r32,n=16 r=32,lr_attnres,35,partial,1007616,0.18541056790002963,0.02338861317440333
Jonnester/LR-AttnRes-n16-r32,n=16 r=32,lr_attnres,36,completed,1007616,0.9822490472134536,0.0018248567075060205
Jonnester/LR-AttnRes-n16-r32,n=16 r=32,lr_attnres,36,embedding,1007616,0.017750949364125242,0.0018231914954306145
Jonnester/LR-AttnRes-n16-r32,n=16 r=32,lr_attnres,37,completed,1007616,0.9349544024079796,0.007999890358775423
Jonnester/LR-AttnRes-n16-r32,n=16 r=32,lr_attnres,37,embedding,1007616,0.019982155972743422,0.006027355682717406
Jonnester/LR-AttnRes-n16-r32,n=16 r=32,lr_attnres,37,partial,1007616,0.045063440513804676,0.006245162731453532
Jonnester/LR-AttnRes-n16-r32,n=16 r=32,lr_attnres,38,completed,1007616,0.9577519951797113,0.004762193247429389
Jonnester/LR-AttnRes-n16-r32,n=16 r=32,lr_attnres,38,embedding,1007616,0.011397007792218914,0.0010824010280900951
Jonnester/LR-AttnRes-n16-r32,n=16 r=32,lr_attnres,38,partial,1007616,0.03085099265161084,0.004858858978814527
Jonnester/LR-AttnRes-n16-r32,n=16 r=32,lr_attnres,39,completed,1007616,0.9791228480455352,0.006354626402089507
Jonnester/LR-AttnRes-n16-r32,n=16 r=32,lr_attnres,39,embedding,1007616,0.020877151182148515,0.00635449362489538
Jonnester/LR-AttnRes-n16-r32,n=16 r=32,lr_attnres,40,completed,1007616,0.9609383635404634,0.00700788526080161
Jonnester/LR-AttnRes-n16-r32,n=16 r=32,lr_attnres,40,embedding,1007616,0.010707461169156118,0.0010839939368423523
Jonnester/LR-AttnRes-n16-r32,n=16 r=32,lr_attnres,40,partial,1007616,0.028354173283872564,0.006889749670612579
Jonnester/LR-AttnRes-n16-r32,n=16 r=32,lr_attnres,41,completed,1007616,0.8615243769273525,0.012854773181088118
Jonnester/LR-AttnRes-n16-r32,n=16 r=32,lr_attnres,41,embedding,1007616,0.016230010874266548,0.004835902284950472
Jonnester/LR-AttnRes-n16-r32,n=16 r=32,lr_attnres,41,partial,1007616,0.12224561478791197,0.013961282239185474
Jonnester/LR-AttnRes-n16-r32,n=16 r=32,lr_attnres,42,completed,1007616,0.9913689852730045,0.0008597940711361159
Jonnester/LR-AttnRes-n16-r32,n=16 r=32,lr_attnres,42,embedding,1007616,0.008631010691264296,0.0008565764740708331
Jonnester/LR-AttnRes-n16-r32,n=16 r=32,lr_attnres,43,completed,1007616,0.9613899559509463,0.005652043113639517
Jonnester/LR-AttnRes-n16-r32,n=16 r=32,lr_attnres,43,embedding,1007616,0.014804156035245434,0.004370599213708863
Jonnester/LR-AttnRes-n16-r32,n=16 r=32,lr_attnres,43,partial,1007616,0.023805888097097234,0.004674851227868449
Jonnester/LR-AttnRes-n16-r32,n=16 r=32,lr_attnres,44,completed,1007616,0.9676348378018635,0.0063786843909399175
Jonnester/LR-AttnRes-n16-r32,n=16 r=32,lr_attnres,44,embedding,1007616,0.008363692044484906,0.0009138539272268821
Jonnester/LR-AttnRes-n16-r32,n=16 r=32,lr_attnres,44,partial,1007616,0.024001467094673375,0.00611238258748028
Jonnester/LR-AttnRes-n16-r32,n=16 r=32,lr_attnres,45,completed,1007616,0.9861358186093773,0.00409955283177248
Jonnester/LR-AttnRes-n16-r32,n=16 r=32,lr_attnres,45,embedding,1007616,0.013864188969922744,0.0041009736170689445
Jonnester/LR-AttnRes-n16-r32,n=16 r=32,lr_attnres,46,completed,1007616,0.9742598892227421,0.005027000034369413
Jonnester/LR-AttnRes-n16-r32,n=16 r=32,lr_attnres,46,embedding,1007616,0.011441497260901502,0.0012375502035703906
Jonnester/LR-AttnRes-n16-r32,n=16 r=32,lr_attnres,46,partial,1007616,0.014298613160485175,0.004676748865129152
Jonnester/LR-AttnRes-n16-r32,n=16 r=32,lr_attnres,47,completed,1007616,0.9374234046393294,0.007188591143896168
Jonnester/LR-AttnRes-n16-r32,n=16 r=32,lr_attnres,47,embedding,1007616,0.013766419180343306,0.0026698734159802556
Jonnester/LR-AttnRes-n16-r32,n=16 r=32,lr_attnres,47,partial,1007616,0.048810177793105446,0.0062372194043817455
Jonnester/LR-AttnRes-n16-r32,n=16 r=32,lr_attnres,48,completed,1007616,0.9880792992870983,0.0024660312820649383
Jonnester/LR-AttnRes-n16-r32,n=16 r=32,lr_attnres,48,embedding,1007616,0.011920705922250825,0.00246631734654254
