repo_id,label,group,residual_idx,query_dim,query_l2,query_l1,query_abs_mean,query_abs_median,query_max_abs,exact_zero_fraction,near_zero_1e-8_fraction,participation_ratio,participation_fraction,hoyer_sparsity,dims_90_energy,dims_95_energy,dims_99_energy,used_gt_0.001x_max_fraction,used_gt_0.01x_max_fraction,used_gt_0.05x_max_fraction,used_gt_0.1x_max_fraction
Jonnester/LR-AttnRes-Full,Full,standard_attnres,1,1024,0.18919061124324799,4.849504470825195,0.00473584420979023,0.004058837890625,0.016357421875,0.0,0.0,375.4237365722656,0.36662474274635315,0.20539025962352753,456,560,745,0.99609375,0.98046875,0.8876953125,0.7666015625
Jonnester/LR-AttnRes-Full,Full,standard_attnres,2,1024,0.3319135308265686,8.431011199951172,0.008233409374952316,0.00689697265625,0.032958984375,0.0,0.0,335.27496337890625,0.32741695642471313,0.21286360919475555,452,564,746,0.9931640625,0.9658203125,0.8583984375,0.7470703125
Jonnester/LR-AttnRes-Full,Full,standard_attnres,3,1024,0.2813228666782379,7.254598617553711,0.007084568962454796,0.0061492919921875,0.0274658203125,0.0,0.0,371.1836242675781,0.36248400807380676,0.20040494203567505,462,569,763,0.9990234375,0.9814453125,0.884765625,0.7666015625
Jonnester/LR-AttnRes-Full,Full,standard_attnres,4,1024,0.22606782615184784,5.774405002593994,0.005639067385345697,0.00457763671875,0.021240234375,0.0,0.0,353.1189880371094,0.3448427617549896,0.20829680562019348,448,560,762,0.9990234375,0.978515625,0.8955078125,0.7626953125
Jonnester/LR-AttnRes-Full,Full,standard_attnres,5,1024,0.23303481936454773,5.947532653808594,0.005808137357234955,0.0048065185546875,0.0240478515625,0.0,0.0,340.363525390625,0.3323862552642822,0.2089652419090271,455,570,760,0.998046875,0.974609375,0.875,0.759765625
Jonnester/LR-AttnRes-Full,Full,standard_attnres,6,1024,0.277569442987442,7.011810302734375,0.006847470998764038,0.00555419921875,0.03271484375,0.0,0.0,330.3704528808594,0.32262739539146423,0.21737214922904968,440,555,746,0.9970703125,0.9697265625,0.8388671875,0.6962890625
Jonnester/LR-AttnRes-Full,Full,standard_attnres,7,1024,0.26520684361457825,6.771518707275391,0.006612811237573624,0.005645751953125,0.03125,0.0,0.0,337.5485534667969,0.3296372592449188,0.20861385762691498,455,565,752,0.9970703125,0.9775390625,0.8505859375,0.7138671875
Jonnester/LR-AttnRes-Full,Full,standard_attnres,8,1024,0.3062470555305481,7.821568489074707,0.007638250477612019,0.0064849853515625,0.033203125,0.0,0.0,357.4992370605469,0.3491203486919403,0.20838509500026703,454,562,747,0.99609375,0.974609375,0.845703125,0.720703125
Jonnester/LR-AttnRes-Full,Full,standard_attnres,9,1024,0.27791234850883484,7.197018623352051,0.007028338499367237,0.006134033203125,0.026123046875,0.0,0.0,383.234130859375,0.3742520809173584,0.19687996804714203,473,582,761,0.9990234375,0.9697265625,0.8759765625,0.7763671875
Jonnester/LR-AttnRes-Full,Full,standard_attnres,10,1024,0.29058802127838135,7.454220771789551,0.007279512472450733,0.00634765625,0.033447265625,0.0,0.0,368.6497497558594,0.3600095212459564,0.20476789772510529,463,567,735,0.9921875,0.958984375,0.833984375,0.70703125
Jonnester/LR-AttnRes-Full,Full,standard_attnres,11,1024,0.28478625416755676,7.438333034515381,0.007263997104018927,0.0064239501953125,0.028076171875,0.0,0.0,391.68994140625,0.382509708404541,0.18970957398414612,479,588,770,0.9921875,0.97265625,0.888671875,0.76953125
Jonnester/LR-AttnRes-Full,Full,standard_attnres,12,1024,0.3050397038459778,7.8349480628967285,0.0076513164676725864,0.00640869140625,0.0299072265625,0.0,0.0,351.16351318359375,0.34293311834335327,0.20370931923389435,462,576,759,0.9990234375,0.97265625,0.8740234375,0.767578125
Jonnester/LR-AttnRes-Full,Full,standard_attnres,13,1024,0.29965898394584656,7.680774688720703,0.007500756531953812,0.0064697265625,0.0257568359375,0.0,0.0,388.15692138671875,0.37905949354171753,0.20542846620082855,451,555,736,0.9990234375,0.97265625,0.8701171875,0.7646484375
Jonnester/LR-AttnRes-Full,Full,standard_attnres,14,1024,0.2998161017894745,7.518197059631348,0.007341989316046238,0.0059967041015625,0.03369140625,0.0,0.0,319.5484619140625,0.31205904483795166,0.22335390746593475,433,543,737,0.9990234375,0.97265625,0.849609375,0.6884765625
Jonnester/LR-AttnRes-Full,Full,standard_attnres,15,1024,0.31703606247901917,8.254528045654297,0.008061062544584274,0.00714111328125,0.0286865234375,0.0,0.0,400.850830078125,0.39145588874816895,0.19236908853054047,472,578,759,0.998046875,0.982421875,0.884765625,0.78125
Jonnester/LR-AttnRes-Full,Full,standard_attnres,16,1024,0.3061114549636841,7.930933475494385,0.007745052222162485,0.0066375732421875,0.02734375,0.0,0.0,380.8051452636719,0.37188002467155457,0.19649530947208405,469,580,765,0.9970703125,0.9794921875,0.892578125,0.7880859375
Jonnester/LR-AttnRes-Full,Full,standard_attnres,17,1024,0.25757837295532227,6.725956439971924,0.006568316835910082,0.005859375,0.02294921875,0.0,0.0,397.27001953125,0.38795900344848633,0.18992669880390167,480,586,768,0.9970703125,0.978515625,0.89453125,0.7958984375
Jonnester/LR-AttnRes-Full,Full,standard_attnres,18,1024,0.263470321893692,6.681014060974121,0.00652442779392004,0.0054168701171875,0.0291748046875,0.0,0.0,336.50946044921875,0.3286225199699402,0.21426619589328766,449,564,744,0.9970703125,0.9638671875,0.85546875,0.7138671875
Jonnester/LR-AttnRes-Full,Full,standard_attnres,19,1024,0.366687148809433,9.520657539367676,0.009297517128288746,0.00799560546875,0.0302734375,0.0,0.0,408.8708190917969,0.3992879092693329,0.19471032917499542,472,581,752,0.998046875,0.9736328125,0.8798828125,0.796875
Jonnester/LR-AttnRes-Full,Full,standard_attnres,20,1024,0.3229278028011322,8.34820556640625,0.008152544498443604,0.0069580078125,0.03173828125,0.0,0.0,383.32781982421875,0.3743435740470886,0.1983349770307541,465,577,756,0.9990234375,0.9755859375,0.87109375,0.767578125
Jonnester/LR-AttnRes-Full,Full,standard_attnres,21,1024,0.2811378538608551,7.348113059997559,0.007175891660153866,0.006317138671875,0.027099609375,0.0,0.0,391.3884582519531,0.382215291261673,0.18912751972675323,486,598,769,0.998046875,0.9755859375,0.8828125,0.7802734375
Jonnester/LR-AttnRes-Full,Full,standard_attnres,22,1024,0.3759126365184784,9.668025970458984,0.009441431611776352,0.008056640625,0.037353515625,0.0,0.0,377.73834228515625,0.3688850998878479,0.20261900126934052,462,568,746,0.9951171875,0.9658203125,0.8681640625,0.7431640625
Jonnester/LR-AttnRes-Full,Full,standard_attnres,23,1024,0.33194634318351746,8.592842102050781,0.008391447365283966,0.0068817138671875,0.03173828125,0.0,0.0,361.79638671875,0.3533167839050293,0.197218120098114,470,589,772,0.9970703125,0.9814453125,0.8896484375,0.77734375
Jonnester/LR-AttnRes-Full,Full,standard_attnres,24,1024,0.38818830251693726,10.121692657470703,0.009884465485811234,0.00885009765625,0.042236328125,0.0,0.0,394.6424865722656,0.38539305329322815,0.19115540385246277,476,579,763,0.9970703125,0.97265625,0.859375,0.740234375
Jonnester/LR-AttnRes-Full,Full,standard_attnres,25,1024,0.3178950250148773,8.252212524414062,0.008058801293373108,0.006988525390625,0.0341796875,0.0,0.0,366.5118408203125,0.3579217195510864,0.19487343728542328,474,589,778,1.0,0.9775390625,0.87890625,0.765625
Jonnester/LR-AttnRes-Full,Full,standard_attnres,26,1024,0.42075660824775696,10.914775848388672,0.010658960789442062,0.00970458984375,0.0361328125,0.0,0.0,397.6839294433594,0.38836321234703064,0.1954570859670639,475,575,742,0.9990234375,0.978515625,0.87890625,0.775390625
Jonnester/LR-AttnRes-Full,Full,standard_attnres,27,1024,0.32745984196662903,8.528846740722656,0.008328951895236969,0.007171630859375,0.03173828125,0.0,0.0,387.1470031738281,0.37807324528694153,0.1920815110206604,477,586,769,0.998046875,0.982421875,0.888671875,0.779296875
Jonnester/LR-AttnRes-Full,Full,standard_attnres,28,1024,0.35190650820732117,9.077068328857422,0.008864324539899826,0.007781982421875,0.033203125,0.0,0.0,375.2071228027344,0.3664132058620453,0.20019426941871643,467,574,751,0.9990234375,0.9765625,0.8720703125,0.7685546875
Jonnester/LR-AttnRes-Full,Full,standard_attnres,29,1024,0.35587096214294434,9.194482803344727,0.008978987112641335,0.007781982421875,0.034912109375,0.0,0.0,379.25445556640625,0.3703656792640686,0.1988205462694168,462,571,767,0.9951171875,0.978515625,0.8935546875,0.76171875
Jonnester/LR-AttnRes-Full,Full,standard_attnres,30,1024,0.3822407126426697,9.972981452941895,0.009739239700138569,0.0086669921875,0.036865234375,0.0,0.0,403.19085693359375,0.39374107122421265,0.19061802327632904,481,585,754,0.99609375,0.9765625,0.87109375,0.7646484375
Jonnester/LR-AttnRes-Full,Full,standard_attnres,31,1024,0.3543913662433624,9.21125602722168,0.008995367214083672,0.007781982421875,0.0303955078125,0.0,0.0,388.26507568359375,0.3791651129722595,0.19381412863731384,472,584,764,1.0,0.9833984375,0.900390625,0.80078125
Jonnester/LR-AttnRes-Full,Full,standard_attnres,32,1024,0.37153738737106323,9.709178924560547,0.009481620043516159,0.00836181640625,0.030029296875,0.0,0.0,411.2088928222656,0.4015711843967438,0.18927611410617828,479,587,761,0.9951171875,0.9775390625,0.8994140625,0.80078125
Jonnester/LR-AttnRes-Full,Full,standard_attnres,33,1024,0.3186316192150116,8.34032917022705,0.008144852705299854,0.007537841796875,0.02978515625,0.0,0.0,415.9043884277344,0.40615662932395935,0.18788835406303406,485,585,755,0.9931640625,0.966796875,0.880859375,0.7705078125
Jonnester/LR-AttnRes-Full,Full,standard_attnres,34,1024,0.3773694336414337,9.736810684204102,0.009508604183793068,0.00848388671875,0.033447265625,0.0,0.0,385.4984436035156,0.3764633238315582,0.199941948056221,471,576,745,0.9970703125,0.9697265625,0.8681640625,0.7705078125
Jonnester/LR-AttnRes-Full,Full,standard_attnres,35,1024,0.3612931966781616,9.396444320678711,0.009176215156912804,0.0081787109375,0.03466796875,0.0,0.0,395.8927001953125,0.38661396503448486,0.19329649209976196,475,578,753,0.998046875,0.9716796875,0.8798828125,0.7607421875
Jonnester/LR-AttnRes-Full,Full,standard_attnres,36,1024,0.3322068750858307,8.633589744567871,0.008431239984929562,0.0072021484375,0.0322265625,0.0,0.0,384.0494079589844,0.3750482499599457,0.19391632080078125,470,582,766,0.9990234375,0.978515625,0.890625,0.7724609375
Jonnester/LR-AttnRes-Full,Full,standard_attnres,37,1024,0.4232901632785797,10.96112060546875,0.010704219341278076,0.00909423828125,0.037841796875,0.0,0.0,386.2013854980469,0.3771497905254364,0.1969338059425354,463,572,761,0.998046875,0.9775390625,0.8955078125,0.791015625
Jonnester/LR-AttnRes-Full,Full,standard_attnres,38,1024,0.3456200063228607,9.013570785522461,0.008802315220236778,0.007843017578125,0.03173828125,0.0,0.0,389.70611572265625,0.3805723786354065,0.19098632037639618,475,584,774,0.998046875,0.9814453125,0.9013671875,0.794921875
Jonnester/LR-AttnRes-Full,Full,standard_attnres,39,1024,0.406585693359375,10.685481071472168,0.010435040108859539,0.00921630859375,0.03173828125,0.0,0.0,427.4479675292969,0.417429655790329,0.18448367714881897,482,589,767,0.9990234375,0.978515625,0.90234375,0.8251953125
Jonnester/LR-AttnRes-Full,Full,standard_attnres,40,1024,0.3113544285297394,7.995116233825684,0.007807730697095394,0.006500244140625,0.0322265625,0.0,0.0,364.68524169921875,0.3561379313468933,0.2039192020893097,462,575,753,0.9951171875,0.9716796875,0.8623046875,0.748046875
Jonnester/LR-AttnRes-Full,Full,standard_attnres,41,1024,0.4144167900085449,10.908203125,0.010652542114257812,0.00909423828125,0.034423828125,0.0,0.0,428.162841796875,0.41812777519226074,0.18316717445850372,478,593,774,1.0,0.9833984375,0.9052734375,0.8115234375
Jonnester/LR-AttnRes-Full,Full,standard_attnres,42,1024,0.41564685106277466,10.899271965026855,0.010643820278346539,0.0093994140625,0.037841796875,0.0,0.0,407.8086242675781,0.39825060963630676,0.18637312948703766,482,591,767,0.9990234375,0.9892578125,0.8916015625,0.78515625
Jonnester/LR-AttnRes-Full,Full,standard_attnres,43,1024,0.38307610154151917,10.037117004394531,0.009801872074604034,0.0087890625,0.0380859375,0.0,0.0,403.5529479980469,0.39409467577934265,0.18705269694328308,480,583,768,1.0,0.98046875,0.892578125,0.7724609375
Jonnester/LR-AttnRes-Full,Full,standard_attnres,44,1024,0.41749700903892517,10.974101066589355,0.010716895572841167,0.009735107421875,0.036376953125,0.0,0.0,419.56988525390625,0.4097362160682678,0.18434001505374908,488,593,764,0.998046875,0.978515625,0.890625,0.791015625
Jonnester/LR-AttnRes-Full,Full,standard_attnres,45,1024,0.4150042235851288,10.811577796936035,0.010558181442320347,0.008819580078125,0.03369140625,0.0,0.0,403.2774963378906,0.3938256800174713,0.19187970459461212,468,584,768,1.0,0.978515625,0.9140625,0.806640625
Jonnester/LR-AttnRes-Full,Full,standard_attnres,46,1024,0.3251446783542633,8.375848770141602,0.008179539814591408,0.00701904296875,0.03564453125,0.0,0.0,364.8336181640625,0.3562828302383423,0.20127825438976288,462,570,756,0.9970703125,0.96875,0.869140625,0.73046875
Jonnester/LR-AttnRes-Full,Full,standard_attnres,47,1024,0.39933037757873535,10.391755104064941,0.01014819834381342,0.0087890625,0.0390625,0.0,0.0,381.5839538574219,0.37264057993888855,0.19280803203582764,480,592,768,0.9951171875,0.9765625,0.8798828125,0.78125
Jonnester/LR-AttnRes-Full,Full,standard_attnres,48,1024,0.42712074518203735,11.382294654846191,0.011115522123873234,0.010162353515625,0.039306640625,0.0,0.0,443.1918640136719,0.43280455470085144,0.1726164072751999,502,608,780,0.9990234375,0.978515625,0.892578125,0.806640625
Jonnester/LR-AttnRes-n4,n=4,standard_attnres,1,1024,0.22170104086399078,5.724717140197754,0.005590544082224369,0.0048370361328125,0.0235595703125,0.0,0.0,371.47821044921875,0.3627716898918152,0.1992972046136856,467,576,757,0.9970703125,0.97265625,0.861328125,0.736328125
Jonnester/LR-AttnRes-n4,n=4,standard_attnres,2,1024,0.2369685024023056,6.136405944824219,0.005992583930492401,0.0053558349609375,0.024658203125,0.0,0.0,365.2724609375,0.35671138763427734,0.1969209462404251,477,580,754,0.9970703125,0.9736328125,0.8662109375,0.7490234375
Jonnester/LR-AttnRes-n4,n=4,standard_attnres,3,1024,0.32814478874206543,8.571758270263672,0.008370857685804367,0.0075531005859375,0.037353515625,0.0,0.0,370.40460205078125,0.36172324419021606,0.1896168440580368,492,598,768,0.998046875,0.974609375,0.861328125,0.7490234375
Jonnester/LR-AttnRes-n4,n=4,standard_attnres,4,1024,0.35707002878189087,9.386265754699707,0.009166275151073933,0.00830078125,0.034423828125,0.0,0.0,394.09674072265625,0.384860098361969,0.18429337441921234,493,597,774,0.998046875,0.9794921875,0.890625,0.7919921875
Jonnester/LR-AttnRes-n4,n=4,standard_attnres,5,1024,0.317070871591568,8.337611198425293,0.0081421984359622,0.00714111328125,0.029052734375,0.0,0.0,404.17254638671875,0.39469975233078003,0.18400856852531433,492,605,778,0.9970703125,0.978515625,0.892578125,0.8037109375
Jonnester/LR-AttnRes-n4,n=4,standard_attnres,6,1024,0.365177184343338,9.541475296020508,0.009317846968770027,0.0084228515625,0.038330078125,0.0,0.0,364.6046142578125,0.356059193611145,0.18940821290016174,491,599,778,0.9990234375,0.9775390625,0.8857421875,0.767578125
Jonnester/LR-AttnRes-n4,n=4,standard_attnres,7,1024,0.3084827661514282,7.997920036315918,0.007810468785464764,0.0066680908203125,0.0291748046875,0.0,0.0,385.76690673828125,0.3767254948616028,0.19591496884822845,468,576,760,0.9990234375,0.9755859375,0.888671875,0.765625
Jonnester/LR-AttnRes-n4,n=4,standard_attnres,8,1024,0.421173632144928,10.902355194091797,0.01064683124423027,0.00927734375,0.043701171875,0.0,0.0,366.72625732421875,0.3581311106681824,0.19723695516586304,475,586,759,0.998046875,0.974609375,0.8701171875,0.759765625
Jonnester/LR-AttnRes-n4,n=4,standard_attnres,9,1024,0.34858229756355286,9.216185569763184,0.009000181220471859,0.00811767578125,0.03271484375,0.0,0.0,405.9033203125,0.3963899612426758,0.17938539385795593,496,606,783,0.998046875,0.98046875,0.9013671875,0.80078125
Jonnester/LR-AttnRes-n4,n=4,standard_attnres,10,1024,0.43867984414100647,11.132715225219727,0.01087179221212864,0.00897216796875,0.04736328125,0.0,0.0,340.090576171875,0.3321197032928467,0.2136203944683075,448,558,739,0.998046875,0.9755859375,0.8525390625,0.71484375
Jonnester/LR-AttnRes-n4,n=4,standard_attnres,11,1024,0.8473063111305237,21.5703067779541,0.021064752712845802,0.015869140625,0.0625,0.0,0.0,372.8870849609375,0.3641475439071655,0.21104812622070312,439,559,740,1.0,0.984375,0.8994140625,0.7939453125
Jonnester/LR-AttnRes-n4,n=4,standard_attnres,12,1024,0.3996320962905884,10.2572603225708,0.010016855783760548,0.00830078125,0.0380859375,0.0,0.0,366.7435607910156,0.3581480085849762,0.20429813861846924,458,572,753,0.998046875,0.96875,0.8779296875,0.763671875
Jonnester/LR-AttnRes-n4,n=4,standard_attnres,13,1024,0.3370843231678009,8.624773979187012,0.008422630839049816,0.0071258544921875,0.03271484375,0.0,0.0,349.0665588378906,0.34088531136512756,0.20689035952091217,459,571,755,0.9970703125,0.9736328125,0.875,0.7626953125
Jonnester/LR-AttnRes-n4,n=4,standard_attnres,14,1024,0.24891947209835052,6.425440788269043,0.006274844519793987,0.0053558349609375,0.025634765625,0.0,0.0,352.1856384277344,0.34393128752708435,0.1995699554681778,474,589,768,0.9990234375,0.966796875,0.8798828125,0.759765625
Jonnester/LR-AttnRes-n4,n=4,standard_attnres,15,1024,0.37641313672065735,9.830289840698242,0.009599892422556877,0.0084228515625,0.03955078125,0.0,0.0,394.0914001464844,0.38485488295555115,0.18981638550758362,478,586,768,0.9990234375,0.9716796875,0.87109375,0.7685546875
Jonnester/LR-AttnRes-n4,n=4,standard_attnres,16,1024,0.32795509696006775,8.539690017700195,0.008339541032910347,0.00750732421875,0.03125,0.0,0.0,377.9880676269531,0.3691289722919464,0.19228368997573853,483,591,767,0.9970703125,0.9775390625,0.8837890625,0.77734375
Jonnester/LR-AttnRes-n4,n=4,standard_attnres,17,1024,0.30696192383766174,7.722537994384766,0.007541541010141373,0.006439208984375,0.037353515625,0.0,0.0,306.6798095703125,0.2994920015335083,0.22071075439453125,441,545,737,0.9990234375,0.9697265625,0.8408203125,0.6708984375
Jonnester/LR-AttnRes-n4,n=4,standard_attnres,18,1024,0.3385072350502014,8.687484741210938,0.008483871817588806,0.007110595703125,0.031982421875,0.0,0.0,363.0259704589844,0.35451754927635193,0.2043837308883667,456,569,754,0.998046875,0.978515625,0.8798828125,0.767578125
Jonnester/LR-AttnRes-n4,n=4,standard_attnres,19,1024,0.4171527028083801,10.619706153869629,0.01037080679088831,0.00872802734375,0.046630859375,0.0,0.0,339.6802062988281,0.33171895146369934,0.21104517579078674,452,564,752,0.99609375,0.9765625,0.8603515625,0.7119140625
Jonnester/LR-AttnRes-n4,n=4,standard_attnres,20,1024,0.33722981810569763,8.58281135559082,0.00838165171444416,0.0072021484375,0.037353515625,0.0,0.0,323.2864990234375,0.3157094717025757,0.21126045286655426,458,566,758,0.9990234375,0.9765625,0.8662109375,0.7177734375
Jonnester/LR-AttnRes-n4,n=4,standard_attnres,21,1024,0.38469845056533813,9.917875289916992,0.009685425087809563,0.00860595703125,0.044189453125,0.0,0.0,352.9622802734375,0.3446897268295288,0.20061585307121277,472,577,755,0.9970703125,0.9765625,0.8505859375,0.7216796875
Jonnester/LR-AttnRes-n4,n=4,standard_attnres,22,1024,0.31660059094429016,8.152177810668945,0.007961111143231392,0.006591796875,0.033203125,0.0,0.0,358.87091064453125,0.35045987367630005,0.20164218544960022,460,573,764,0.9970703125,0.9755859375,0.875,0.7451171875
Jonnester/LR-AttnRes-n4,n=4,standard_attnres,23,1024,0.37064599990844727,9.440107345581055,0.009218854829668999,0.007598876953125,0.03564453125,0.0,0.0,340.11285400390625,0.3321414589881897,0.21066659688949585,454,569,754,0.998046875,0.96875,0.8798828125,0.7666015625
Jonnester/LR-AttnRes-n4,n=4,standard_attnres,24,1024,0.36683523654937744,9.365053176879883,0.00914555974304676,0.0077972412109375,0.040771484375,0.0,0.0,331.3981628417969,0.32363101840019226,0.20873168110847473,458,571,755,0.998046875,0.9765625,0.859375,0.7255859375
Jonnester/LR-AttnRes-n4,n=4,standard_attnres,25,1024,0.29064691066741943,7.43486213684082,0.007260607555508614,0.00616455078125,0.029052734375,0.0,0.0,347.6782531738281,0.33952954411506653,0.20708410441875458,456,568,759,0.9951171875,0.98046875,0.875,0.7578125
Jonnester/LR-AttnRes-n4,n=4,standard_attnres,26,1024,0.2601824700832367,6.557821750640869,0.006404122803360224,0.005218505859375,0.02685546875,0.0,0.0,334.03472900390625,0.3262057900428772,0.2192031443119049,436,547,739,0.9912109375,0.9677734375,0.857421875,0.7177734375
Jonnester/LR-AttnRes-n4,n=4,standard_attnres,27,1024,0.3285037577152252,8.413823127746582,0.008216624148190022,0.0070648193359375,0.0306396484375,0.0,0.0,361.0324401855469,0.3525707423686981,0.20604638755321503,459,567,753,0.9970703125,0.9755859375,0.8779296875,0.7685546875
Jonnester/LR-AttnRes-n4,n=4,standard_attnres,28,1024,0.3234444856643677,8.188356399536133,0.007996441796422005,0.0064239501953125,0.03515625,0.0,0.0,345.62335205078125,0.33752280473709106,0.2156093418598175,437,549,742,0.99609375,0.9697265625,0.849609375,0.720703125
Jonnester/LR-AttnRes-n4,n=4,standard_attnres,29,1024,0.3429826498031616,8.845174789428711,0.008637866005301476,0.0076141357421875,0.03271484375,0.0,0.0,376.1524963378906,0.3673364222049713,0.20035527646541595,466,571,747,0.9970703125,0.982421875,0.87109375,0.751953125
Jonnester/LR-AttnRes-n4,n=4,standard_attnres,30,1024,0.32618266344070435,8.244344711303711,0.00805111788213253,0.00665283203125,0.036376953125,0.0,0.0,342.5274963378906,0.3344995081424713,0.21692781150341034,440,548,736,0.9970703125,0.962890625,0.84375,0.7001953125
Jonnester/LR-AttnRes-n4,n=4,standard_attnres,31,1024,0.3118826448917389,7.971558570861816,0.007784725166857243,0.006622314453125,0.0322265625,0.0,0.0,347.52301025390625,0.3393779397010803,0.20775869488716125,459,570,752,0.99609375,0.97265625,0.861328125,0.740234375
Jonnester/LR-AttnRes-n4,n=4,standard_attnres,32,1024,0.33125928044319153,8.472537994384766,0.008273962885141373,0.00689697265625,0.032470703125,0.0,0.0,354.9251708984375,0.34660661220550537,0.20720137655735016,454,564,750,0.9990234375,0.9775390625,0.876953125,0.7451171875
Jonnester/LR-AttnRes-n4,n=4,standard_attnres,33,1024,0.33349964022636414,8.521056175231934,0.008321343921124935,0.0069122314453125,0.036865234375,0.0,0.0,347.4093322753906,0.33926692605018616,0.208050936460495,455,567,752,0.9990234375,0.970703125,0.85546875,0.716796875
Jonnester/LR-AttnRes-n4,n=4,standard_attnres,34,1024,0.3577331602573395,9.232419967651367,0.009016035124659538,0.0077362060546875,0.03759765625,0.0,0.0,363.1106872558594,0.35460028052330017,0.19973810017108917,466,578,758,0.998046875,0.9775390625,0.87890625,0.73828125
Jonnester/LR-AttnRes-n4,n=4,standard_attnres,35,1024,0.2993960380554199,7.712225437164307,0.007531470153480768,0.006500244140625,0.031982421875,0.0,0.0,358.4334716796875,0.3500326871871948,0.20131362974643707,463,574,758,0.9970703125,0.9833984375,0.869140625,0.740234375
Jonnester/LR-AttnRes-n4,n=4,standard_attnres,36,1024,0.2628350853919983,6.74934196472168,0.006591154262423515,0.0055694580078125,0.026611328125,0.0,0.0,366.5913391113281,0.35799935460090637,0.20390325784683228,459,568,747,0.998046875,0.9765625,0.861328125,0.7431640625
Jonnester/LR-AttnRes-n4,n=4,standard_attnres,37,1024,0.2966020405292511,7.6598310470581055,0.007480303756892681,0.00665283203125,0.0311279296875,0.0,0.0,370.5153503417969,0.361831396818161,0.19918447732925415,469,573,751,0.9970703125,0.9765625,0.8720703125,0.7275390625
Jonnester/LR-AttnRes-n4,n=4,standard_attnres,38,1024,0.30691367387771606,7.973462104797363,0.007786584086716175,0.006866455078125,0.029541015625,0.0,0.0,372.5119934082031,0.36378124356269836,0.19420987367630005,479,588,767,1.0,0.9794921875,0.884765625,0.779296875
Jonnester/LR-AttnRes-n4,n=4,standard_attnres,39,1024,0.3498364984989166,9.17570686340332,0.008960651233792305,0.008056640625,0.03369140625,0.0,0.0,398.969482421875,0.3896186351776123,0.18617555499076843,485,590,770,0.9990234375,0.9814453125,0.89453125,0.7841796875
Jonnester/LR-AttnRes-n4,n=4,standard_attnres,40,1024,0.31711453199386597,8.17094898223877,0.007979442365467548,0.0067138671875,0.029541015625,0.0,0.0,373.61883544921875,0.3648621439933777,0.2010788470506668,458,570,752,0.994140625,0.9833984375,0.87890625,0.76171875
Jonnester/LR-AttnRes-n4,n=4,standard_attnres,41,1024,0.40347838401794434,10.476762771606445,0.01023121364414692,0.0087890625,0.0341796875,0.0,0.0,387.8414611816406,0.3787514269351959,0.19464172422885895,472,583,760,0.9990234375,0.982421875,0.896484375,0.79296875
Jonnester/LR-AttnRes-n4,n=4,standard_attnres,42,1024,0.2720407247543335,6.877336025238037,0.006716148462146521,0.0055694580078125,0.0289306640625,0.0,0.0,328.8155822753906,0.32110896706581116,0.21675682067871094,446,556,745,0.99609375,0.9755859375,0.8525390625,0.73046875
Jonnester/LR-AttnRes-n4,n=4,standard_attnres,43,1024,0.4497266411781311,11.59316635131836,0.011321451514959335,0.00946044921875,0.043212890625,0.0,0.0,358.63555908203125,0.35023003816604614,0.20070156455039978,465,581,769,0.99609375,0.9794921875,0.8955078125,0.7744140625
Jonnester/LR-AttnRes-n4,n=4,standard_attnres,44,1024,0.317329466342926,8.148677825927734,0.007957693189382553,0.0068511962890625,0.033203125,0.0,0.0,356.0614929199219,0.3477163016796112,0.20390585064888,465,576,752,0.998046875,0.9716796875,0.8681640625,0.73828125
Jonnester/LR-AttnRes-n4,n=4,standard_attnres,45,1024,0.38930830359458923,10.06814193725586,0.009832169860601425,0.00860595703125,0.031982421875,0.0,0.0,390.9154968261719,0.38175341486930847,0.19801238179206848,468,574,757,0.9990234375,0.970703125,0.888671875,0.80078125
Jonnester/LR-AttnRes-n4,n=4,standard_attnres,46,1024,0.3353966772556305,8.602556228637695,0.008400933817029,0.0072174072265625,0.03564453125,0.0,0.0,354.7530212402344,0.3464384973049164,0.2048741579055786,461,569,751,0.9951171875,0.966796875,0.8681640625,0.732421875
Jonnester/LR-AttnRes-n4,n=4,standard_attnres,47,1024,0.3995787501335144,10.37379264831543,0.010130656883120537,0.00872802734375,0.0390625,0.0,0.0,387.7490234375,0.3786611557006836,0.1947799175977707,471,581,764,0.9970703125,0.9736328125,0.88671875,0.763671875
Jonnester/LR-AttnRes-n4,n=4,standard_attnres,48,1024,0.4694221317768097,12.120954513549805,0.011836869642138481,0.01055908203125,0.05419921875,0.0,0.0,365.5396728515625,0.356972336769104,0.1993221789598465,470,572,749,0.99609375,0.9658203125,0.8515625,0.7177734375
Jonnester/LR-AttnRes-n8,n=8,standard_attnres,1,1024,0.25306591391563416,6.572322845458984,0.006418284028768539,0.005615234375,0.024658203125,0.0,0.0,389.4547424316406,0.38032689690589905,0.1944904923439026,472,581,760,0.9990234375,0.9765625,0.87109375,0.765625
Jonnester/LR-AttnRes-n8,n=8,standard_attnres,2,1024,0.2895090878009796,7.553171157836914,0.007376143708825111,0.0065155029296875,0.02392578125,0.0,0.0,398.5583801269531,0.38921716809272766,0.19065862894058228,477,584,767,0.9970703125,0.9814453125,0.900390625,0.8095703125
Jonnester/LR-AttnRes-n8,n=8,standard_attnres,3,1024,0.2920392155647278,7.611132621765137,0.007432746700942516,0.006561279296875,0.02490234375,0.0,0.0,395.476318359375,0.38620734214782715,0.19154764711856842,478,583,758,0.9970703125,0.9755859375,0.8896484375,0.7919921875
Jonnester/LR-AttnRes-n8,n=8,standard_attnres,4,1024,0.3802436292171478,9.906974792480469,0.009674780070781708,0.00872802734375,0.038818359375,0.0,0.0,389.3681945800781,0.38024237751960754,0.1917973756790161,480,585,760,0.998046875,0.9736328125,0.876953125,0.755859375
Jonnester/LR-AttnRes-n8,n=8,standard_attnres,5,1024,0.3485445976257324,9.165786743164062,0.008950963616371155,0.007904052734375,0.031982421875,0.0,0.0,405.8251953125,0.3963136672973633,0.18395762145519257,488,597,777,0.9990234375,0.98046875,0.8984375,0.796875
Jonnester/LR-AttnRes-n8,n=8,standard_attnres,6,1024,0.4584598243236542,11.84187126159668,0.011564327403903008,0.01019287109375,0.047119140625,0.0,0.0,362.5585632324219,0.354061096906662,0.19904252886772156,470,580,764,0.9990234375,0.98046875,0.8779296875,0.7529296875
Jonnester/LR-AttnRes-n8,n=8,standard_attnres,7,1024,0.33158791065216064,8.365943908691406,0.008169867098331451,0.006683349609375,0.03759765625,0.0,0.0,314.7581481933594,0.3073810040950775,0.21838895976543427,444,559,751,0.99609375,0.970703125,0.859375,0.720703125
Jonnester/LR-AttnRes-n8,n=8,standard_attnres,8,1024,0.21442250907421112,5.434006690979004,0.0053066471591591835,0.004425048828125,0.0272216796875,0.0,0.0,310.9193115234375,0.30363214015960693,0.21475742757320404,449,559,747,0.994140625,0.962890625,0.8310546875,0.6728515625
Jonnester/LR-AttnRes-n8,n=8,standard_attnres,9,1024,0.30390945076942444,7.653723239898682,0.007474339101463556,0.0063018798828125,0.037353515625,0.0,0.0,309.0753173828125,0.30183136463165283,0.21986377239227295,445,555,746,0.9970703125,0.962890625,0.84375,0.673828125
Jonnester/LR-AttnRes-n8,n=8,standard_attnres,10,1024,0.330496609210968,8.443350791931152,0.008245459757745266,0.0070037841796875,0.040771484375,0.0,0.0,319.866943359375,0.31237006187438965,0.20814624428749084,460,575,765,0.9970703125,0.9755859375,0.8544921875,0.7041015625
Jonnester/LR-AttnRes-n8,n=8,standard_attnres,11,1024,0.39800935983657837,10.117119789123535,0.009879999794065952,0.008209228515625,0.03955078125,0.0,0.0,344.6465759277344,0.3365689218044281,0.21228058636188507,451,563,742,0.998046875,0.9736328125,0.8623046875,0.740234375
Jonnester/LR-AttnRes-n8,n=8,standard_attnres,12,1024,0.3078130781650543,7.802913665771484,0.007620032876729965,0.006317138671875,0.037353515625,0.0,0.0,322.2474060058594,0.31469473242759705,0.21453161537647247,450,562,746,0.99609375,0.9697265625,0.83203125,0.69921875
Jonnester/LR-AttnRes-n8,n=8,standard_attnres,13,1024,0.2965647876262665,7.582204818725586,0.007404496893286705,0.006439208984375,0.033203125,0.0,0.0,326.990478515625,0.31932663917541504,0.2075234055519104,463,571,756,0.9970703125,0.9736328125,0.8515625,0.7216796875
Jonnester/LR-AttnRes-n8,n=8,standard_attnres,14,1024,0.2528654932975769,6.496801376342773,0.00634453259408474,0.005340576171875,0.03076171875,0.0,0.0,333.72930908203125,0.32590752840042114,0.20346075296401978,464,579,765,0.9990234375,0.9814453125,0.861328125,0.7021484375
Jonnester/LR-AttnRes-n8,n=8,standard_attnres,15,1024,0.29916101694107056,7.675827980041504,0.007495925761759281,0.006500244140625,0.031005859375,0.0,0.0,357.1918029785156,0.34882012009620667,0.20458553731441498,464,573,751,0.9951171875,0.9638671875,0.86328125,0.744140625
Jonnester/LR-AttnRes-n8,n=8,standard_attnres,16,1024,0.2736228108406067,7.123886585235596,0.006956920493394136,0.006195068359375,0.02978515625,0.0,0.0,367.8403015136719,0.3592190444469452,0.1924055814743042,482,589,763,0.998046875,0.9814453125,0.8681640625,0.7392578125
Jonnester/LR-AttnRes-n8,n=8,standard_attnres,17,1024,0.32735395431518555,8.381963729858398,0.008185511454939842,0.00701904296875,0.032470703125,0.0,0.0,351.2977294921875,0.34306418895721436,0.2062838226556778,458,565,755,0.9970703125,0.9775390625,0.8701171875,0.7578125
Jonnester/LR-AttnRes-n8,n=8,standard_attnres,18,1024,0.2767210602760315,7.105923652648926,0.006939378567039967,0.005950927734375,0.0272216796875,0.0,0.0,366.4778137207031,0.35788848996162415,0.20390282571315765,464,574,748,0.9970703125,0.9697265625,0.8671875,0.7578125
Jonnester/LR-AttnRes-n8,n=8,standard_attnres,19,1024,0.3198561668395996,8.275712966918945,0.008081750944256783,0.0072784423828125,0.034423828125,0.0,0.0,383.6722717285156,0.37467995285987854,0.197637677192688,472,572,749,0.9970703125,0.966796875,0.8505859375,0.7314453125
Jonnester/LR-AttnRes-n8,n=8,standard_attnres,20,1024,0.28476768732070923,7.241489410400391,0.0070717670023441315,0.005828857421875,0.02734375,0.0,0.0,359.292724609375,0.3508718013763428,0.2119528204202652,443,550,739,0.9951171875,0.9765625,0.87109375,0.73828125
Jonnester/LR-AttnRes-n8,n=8,standard_attnres,21,1024,0.2974144518375397,7.634977340698242,0.007456032559275627,0.00634765625,0.0303955078125,0.0,0.0,359.7345275878906,0.35130324959754944,0.20415577292442322,459,571,752,0.998046875,0.9765625,0.8671875,0.748046875
Jonnester/LR-AttnRes-n8,n=8,standard_attnres,22,1024,0.36372917890548706,9.450092315673828,0.009228605777025223,0.00787353515625,0.037353515625,0.0,0.0,367.9946594238281,0.35936978459358215,0.19415731728076935,479,597,770,0.9951171875,0.974609375,0.87890625,0.7763671875
Jonnester/LR-AttnRes-n8,n=8,standard_attnres,23,1024,0.3273887634277344,8.535415649414062,0.00833536684513092,0.007171630859375,0.0341796875,0.0,0.0,371.13897705078125,0.36244040727615356,0.19125181436538696,480,597,778,0.99609375,0.9765625,0.888671875,0.7724609375
Jonnester/LR-AttnRes-n8,n=8,standard_attnres,24,1024,0.2884216010570526,7.3443732261657715,0.007172239478677511,0.005859375,0.0311279296875,0.0,0.0,341.4107666015625,0.3334089517593384,0.21083806455135345,450,563,755,0.9970703125,0.9716796875,0.86328125,0.732421875
Jonnester/LR-AttnRes-n8,n=8,standard_attnres,25,1024,0.3005523383617401,7.817657947540283,0.007634431589394808,0.006622314453125,0.028564453125,0.0,0.0,388.0541076660156,0.3789590895175934,0.19319447875022888,475,586,765,0.9970703125,0.9814453125,0.8916015625,0.7783203125
Jonnester/LR-AttnRes-n8,n=8,standard_attnres,26,1024,0.26451727747917175,6.69538688659668,0.00653846375644207,0.0054931640625,0.0277099609375,0.0,0.0,337.74530029296875,0.3298293948173523,0.2157510370016098,444,551,738,0.9970703125,0.974609375,0.857421875,0.72265625
Jonnester/LR-AttnRes-n8,n=8,standard_attnres,27,1024,0.2920408248901367,7.614548206329346,0.007436082232743502,0.006500244140625,0.025390625,0.0,0.0,388.476806640625,0.37937188148498535,0.19117502868175507,477,587,773,0.998046875,0.984375,0.900390625,0.8076171875
Jonnester/LR-AttnRes-n8,n=8,standard_attnres,28,1024,0.2683543264865875,6.84440279006958,0.006683987099677324,0.0054931640625,0.0267333984375,0.0,0.0,358.35791015625,0.3499588966369629,0.20951302349567413,449,563,743,0.99609375,0.974609375,0.8662109375,0.7421875
Jonnester/LR-AttnRes-n8,n=8,standard_attnres,29,1024,0.3226112127304077,8.337591171264648,0.008142178878188133,0.00689697265625,0.0301513671875,0.0,0.0,368.7372741699219,0.36009499430656433,0.19857794046401978,471,586,766,0.9951171875,0.9775390625,0.8974609375,0.7763671875
Jonnester/LR-AttnRes-n8,n=8,standard_attnres,30,1024,0.28826263546943665,7.360014915466309,0.007187514565885067,0.006011962890625,0.0267333984375,0.0,0.0,357.54486083984375,0.3491649031639099,0.20863471925258636,451,560,751,0.99609375,0.97265625,0.8798828125,0.7666015625
Jonnester/LR-AttnRes-n8,n=8,standard_attnres,31,1024,0.29201704263687134,7.588208198547363,0.0074103595688939095,0.006561279296875,0.03125,0.0,0.0,377.1202697753906,0.3682815134525299,0.19401617348194122,476,583,761,0.99609375,0.9716796875,0.86328125,0.7509765625
Jonnester/LR-AttnRes-n8,n=8,standard_attnres,32,1024,0.29763224720954895,7.69169807434082,0.007511423900723457,0.0064239501953125,0.0272216796875,0.0,0.0,371.18035888671875,0.3624808192253113,0.198614239692688,470,582,766,0.9990234375,0.982421875,0.8935546875,0.7890625
Jonnester/LR-AttnRes-n8,n=8,standard_attnres,33,1024,0.2701435685157776,6.982074737548828,0.0068184323608875275,0.00579833984375,0.0302734375,0.0,0.0,376.8675537109375,0.3680347204208374,0.19852282106876373,463,574,753,0.9990234375,0.9765625,0.8564453125,0.7255859375
Jonnester/LR-AttnRes-n8,n=8,standard_attnres,34,1024,0.2993481457233429,7.736687660217285,0.0075553590431809425,0.006439208984375,0.0289306640625,0.0,0.0,373.6710205078125,0.36491310596466064,0.19854465126991272,468,579,764,0.9990234375,0.98046875,0.8798828125,0.7763671875
Jonnester/LR-AttnRes-n8,n=8,standard_attnres,35,1024,0.30284616351127625,7.867683410644531,0.00768328458070755,0.0065765380859375,0.0245361328125,0.0,0.0,398.2695617675781,0.3889351189136505,0.19422124326229095,471,584,764,0.99609375,0.9765625,0.8994140625,0.814453125
Jonnester/LR-AttnRes-n8,n=8,standard_attnres,36,1024,0.267467737197876,6.932683944702148,0.006770199164748192,0.005859375,0.026123046875,0.0,0.0,381.9872131347656,0.37303438782691956,0.1961386352777481,472,581,764,0.99609375,0.9755859375,0.88671875,0.7626953125
Jonnester/LR-AttnRes-n8,n=8,standard_attnres,37,1024,0.3066268563270569,7.93756628036499,0.007751529570668936,0.006744384765625,0.02978515625,0.0,0.0,393.0770263671875,0.38386428356170654,0.19720230996608734,461,568,754,0.998046875,0.9765625,0.8857421875,0.7568359375
Jonnester/LR-AttnRes-n8,n=8,standard_attnres,38,1024,0.30716124176979065,8.066994667053223,0.007877924479544163,0.0070953369140625,0.027099609375,0.0,0.0,392.1065979003906,0.3829165995121002,0.18506252765655518,492,600,783,0.998046875,0.984375,0.904296875,0.81640625
Jonnester/LR-AttnRes-n8,n=8,standard_attnres,39,1024,0.3647097051143646,9.505243301391602,0.009282464161515236,0.008209228515625,0.03173828125,0.0,0.0,390.8536682128906,0.381693035364151,0.19153256714344025,475,582,759,0.998046875,0.982421875,0.888671875,0.787109375
Jonnester/LR-AttnRes-n8,n=8,standard_attnres,40,1024,0.32761743664741516,8.410297393798828,0.008213181048631668,0.0068206787109375,0.03076171875,0.0,0.0,357.3839416503906,0.3490077555179596,0.20415829122066498,456,568,765,0.9990234375,0.9814453125,0.888671875,0.7822265625
Jonnester/LR-AttnRes-n8,n=8,standard_attnres,41,1024,0.3968423306941986,10.435108184814453,0.010190535336732864,0.009124755859375,0.0390625,0.0,0.0,403.55889892578125,0.39410048723220825,0.18402093648910522,485,590,784,0.99609375,0.9794921875,0.90234375,0.7822265625
Jonnester/LR-AttnRes-n8,n=8,standard_attnres,42,1024,0.33193451166152954,8.458539962768555,0.008260292932391167,0.00689697265625,0.033447265625,0.0,0.0,350.08331298828125,0.3418782353401184,0.21024008095264435,451,560,745,0.9990234375,0.974609375,0.8720703125,0.7431640625
Jonnester/LR-AttnRes-n8,n=8,standard_attnres,43,1024,0.43675824999809265,11.375032424926758,0.011108430102467537,0.00970458984375,0.04638671875,0.0,0.0,385.8918151855469,0.3768474757671356,0.19212162494659424,477,586,767,1.0,0.98046875,0.869140625,0.755859375
Jonnester/LR-AttnRes-n8,n=8,standard_attnres,44,1024,0.35667333006858826,9.17508602142334,0.00896004494279623,0.0077362060546875,0.033203125,0.0,0.0,358.09222412109375,0.3496994376182556,0.20244967937469482,464,574,756,1.0,0.9814453125,0.896484375,0.759765625
Jonnester/LR-AttnRes-n8,n=8,standard_attnres,45,1024,0.3929188549518585,10.381002426147461,0.01013769768178463,0.009033203125,0.03466796875,0.0,0.0,412.5794372558594,0.40290960669517517,0.1799929291009903,493,604,782,0.998046875,0.986328125,0.9052734375,0.80859375
Jonnester/LR-AttnRes-n8,n=8,standard_attnres,46,1024,0.3983464539051056,10.281087875366211,0.010040124878287315,0.00860595703125,0.033935546875,0.0,0.0,374.4789733886719,0.3657021224498749,0.1996963918209076,463,573,760,0.9990234375,0.9853515625,0.8984375,0.7890625
Jonnester/LR-AttnRes-n8,n=8,standard_attnres,47,1024,0.3682909607887268,9.372252464294434,0.009152590297162533,0.0077056884765625,0.03564453125,0.0,0.0,370.2110900878906,0.3615342676639557,0.2113562524318695,442,547,733,0.9970703125,0.97265625,0.857421875,0.7392578125
Jonnester/LR-AttnRes-n8,n=8,standard_attnres,48,1024,0.374877005815506,9.930529594421387,0.009697782807052135,0.00860595703125,0.037353515625,0.0,0.0,397.815673828125,0.3884918689727783,0.17773868143558502,503,612,777,0.9970703125,0.982421875,0.888671875,0.77734375
Jonnester/LR-AttnRes-n16,n=16,standard_attnres,1,1024,0.2153453528881073,5.575754642486572,0.005445072893053293,0.004669189453125,0.0198974609375,0.0,0.0,376.2167663574219,0.3673991858959198,0.197027325630188,466,575,763,0.9990234375,0.978515625,0.904296875,0.771484375
Jonnester/LR-AttnRes-n16,n=16,standard_attnres,2,1024,0.3530827462673187,9.215389251708984,0.008999403566122055,0.007781982421875,0.031982421875,0.0,0.0,397.8275146484375,0.38850343227386475,0.19032903015613556,474,588,773,0.9951171875,0.9736328125,0.8994140625,0.798828125
Jonnester/LR-AttnRes-n16,n=16,standard_attnres,3,1024,0.21907757222652435,5.619709014892578,0.005487997084856033,0.0047149658203125,0.01953125,0.0,0.0,373.9450988769531,0.36518076062202454,0.2047843337059021,461,568,745,0.99609375,0.9775390625,0.8798828125,0.7607421875
Jonnester/LR-AttnRes-n16,n=16,standard_attnres,4,1024,0.23787567019462585,6.131120681762695,0.005987422540783882,0.005279541015625,0.02490234375,0.0,0.0,345.28680419921875,0.33719414472579956,0.20082338154315948,475,584,767,0.99609375,0.974609375,0.880859375,0.7490234375
Jonnester/LR-AttnRes-n16,n=16,standard_attnres,5,1024,0.28610485792160034,7.17210578918457,0.007004009559750557,0.0056915283203125,0.0283203125,0.0,0.0,328.3482971191406,0.32065263390541077,0.22360961139202118,433,543,731,0.994140625,0.9638671875,0.853515625,0.7265625
Jonnester/LR-AttnRes-n16,n=16,standard_attnres,6,1024,0.27758246660232544,7.152329444885254,0.006984696723520756,0.006011962890625,0.03369140625,0.0,0.0,334.0113220214844,0.32618293166160583,0.2010805755853653,471,585,770,0.9990234375,0.97265625,0.857421875,0.716796875
Jonnester/LR-AttnRes-n16,n=16,standard_attnres,7,1024,0.31411102414131165,8.116957664489746,0.007926716469228268,0.0068511962890625,0.031982421875,0.0,0.0,375.3680114746094,0.3665703237056732,0.19867590069770813,463,571,766,0.9990234375,0.9736328125,0.880859375,0.755859375
Jonnester/LR-AttnRes-n16,n=16,standard_attnres,8,1024,0.24051883816719055,6.175652503967285,0.006030910648405552,0.00506591796875,0.0281982421875,0.0,0.0,337.3410949707031,0.32943466305732727,0.20398779213428497,461,575,769,0.994140625,0.974609375,0.8720703125,0.708984375
Jonnester/LR-AttnRes-n16,n=16,standard_attnres,9,1024,0.24933262169361115,6.471857070922852,0.006320172920823097,0.00531005859375,0.022705078125,0.0,0.0,382.4747314453125,0.373510479927063,0.19494450092315674,470,585,767,1.0,0.986328125,0.896484375,0.7900390625
Jonnester/LR-AttnRes-n16,n=16,standard_attnres,10,1024,0.2889266014099121,7.481569290161133,0.007306220009922981,0.0064849853515625,0.0296630859375,0.0,0.0,367.3902587890625,0.35877954959869385,0.19695614278316498,475,580,757,0.9970703125,0.9697265625,0.875,0.751953125
Jonnester/LR-AttnRes-n16,n=16,standard_attnres,11,1024,0.2689993977546692,6.90461540222168,0.006742788478732109,0.0058746337890625,0.02294921875,0.0,0.0,366.2129211425781,0.35762980580329895,0.20426541566848755,463,570,750,0.998046875,0.9814453125,0.884765625,0.78125
Jonnester/LR-AttnRes-n16,n=16,standard_attnres,12,1024,0.35174569487571716,9.005447387695312,0.008794382214546204,0.0075531005859375,0.037353515625,0.0,0.0,347.2933044433594,0.33915361762046814,0.2063821405172348,464,574,756,0.9951171875,0.970703125,0.8720703125,0.7431640625
Jonnester/LR-AttnRes-n16,n=16,standard_attnres,13,1024,0.35978662967681885,9.264877319335938,0.009047731757164001,0.00775146484375,0.032470703125,0.0,0.0,366.44256591796875,0.35785406827926636,0.20157955586910248,464,579,763,0.9970703125,0.982421875,0.888671875,0.7841796875
Jonnester/LR-AttnRes-n16,n=16,standard_attnres,14,1024,0.2508874833583832,6.321066856384277,0.006172916851937771,0.004913330078125,0.0302734375,0.0,0.0,312.14013671875,0.3048243522644043,0.2195216715335846,437,553,756,0.994140625,0.9736328125,0.849609375,0.6796875
Jonnester/LR-AttnRes-n16,n=16,standard_attnres,15,1024,0.33532464504241943,8.726459503173828,0.008521933108568192,0.0074462890625,0.033935546875,0.0,0.0,389.8912048339844,0.38075312972068787,0.19277702271938324,475,586,768,0.9970703125,0.974609375,0.875,0.7666015625
Jonnester/LR-AttnRes-n16,n=16,standard_attnres,16,1024,0.32431623339653015,8.352523803710938,0.008156761527061462,0.0069427490234375,0.031982421875,0.0,0.0,352.4849853515625,0.34422361850738525,0.2014755755662918,462,575,772,0.9990234375,0.974609375,0.8955078125,0.76953125
Jonnester/LR-AttnRes-n16,n=16,standard_attnres,17,1024,0.29518643021583557,7.673927307128906,0.0074940696358680725,0.00628662109375,0.02587890625,0.0,0.0,386.6820373535156,0.3776191771030426,0.19364891946315765,475,591,769,0.9970703125,0.970703125,0.8955078125,0.7900390625
Jonnester/LR-AttnRes-n16,n=16,standard_attnres,18,1024,0.25072360038757324,6.368165016174316,0.006218911148607731,0.005218505859375,0.0267333984375,0.0,0.0,335.06524658203125,0.3272121548652649,0.2129307985305786,448,559,755,0.998046875,0.97265625,0.875,0.73046875
Jonnester/LR-AttnRes-n16,n=16,standard_attnres,19,1024,0.325014591217041,8.479499816894531,0.008280761539936066,0.007232666015625,0.03173828125,0.0,0.0,390.9877014160156,0.38182392716407776,0.19065813720226288,476,584,766,1.0,0.9873046875,0.8837890625,0.7724609375
Jonnester/LR-AttnRes-n16,n=16,standard_attnres,20,1024,0.31526944041252136,8.061460494995117,0.007872520014643669,0.0067596435546875,0.0296630859375,0.0,0.0,356.4273681640625,0.3480736017227173,0.20741720497608185,456,562,745,0.9990234375,0.97265625,0.876953125,0.75390625
Jonnester/LR-AttnRes-n16,n=16,standard_attnres,21,1024,0.29441288113594055,7.665521621704102,0.007485860958695412,0.0065460205078125,0.02490234375,0.0,0.0,396.9185485839844,0.38761577010154724,0.19236651062965393,476,584,763,0.9970703125,0.978515625,0.8974609375,0.8017578125
Jonnester/LR-AttnRes-n16,n=16,standard_attnres,22,1024,0.3407957851886749,8.785482406616211,0.008579572662711143,0.007415771484375,0.0308837890625,0.0,0.0,378.29718017578125,0.3694308400154114,0.20066723227500916,462,570,756,0.99609375,0.96875,0.8916015625,0.7724609375
Jonnester/LR-AttnRes-n16,n=16,standard_attnres,23,1024,0.30755022168159485,8.082290649414062,0.00789286196231842,0.0068817138671875,0.0277099609375,0.0,0.0,401.4732360839844,0.392063707113266,0.18452970683574677,491,604,780,0.99609375,0.9794921875,0.8955078125,0.8037109375
Jonnester/LR-AttnRes-n16,n=16,standard_attnres,24,1024,0.30941468477249146,7.93961238861084,0.007753527723252773,0.00665283203125,0.0341796875,0.0,0.0,361.88177490234375,0.35340017080307007,0.2045128047466278,460,566,751,0.9990234375,0.9755859375,0.86328125,0.71484375
Jonnester/LR-AttnRes-n16,n=16,standard_attnres,25,1024,0.3377072811126709,8.66732406616211,0.008464183658361435,0.0071258544921875,0.03955078125,0.0,0.0,354.1317138671875,0.3458317518234253,0.20434847474098206,458,570,756,0.998046875,0.9765625,0.8515625,0.716796875
Jonnester/LR-AttnRes-n16,n=16,standard_attnres,26,1024,0.2853509485721588,7.322772026062012,0.007151144556701183,0.00616455078125,0.0301513671875,0.0,0.0,361.2641906738281,0.3527970612049103,0.20444075763225555,467,576,752,0.9970703125,0.970703125,0.85546875,0.74609375
Jonnester/LR-AttnRes-n16,n=16,standard_attnres,27,1024,0.25508591532707214,6.562814712524414,0.006408998742699623,0.00555419921875,0.024169921875,0.0,0.0,356.73358154296875,0.3483726382255554,0.20232711732387543,469,578,755,0.9970703125,0.9794921875,0.884765625,0.763671875
Jonnester/LR-AttnRes-n16,n=16,standard_attnres,28,1024,0.3034767508506775,7.8093719482421875,0.007626339793205261,0.006439208984375,0.032958984375,0.0,0.0,376.8731689453125,0.36804020404815674,0.2021608054637909,456,566,752,0.99609375,0.97265625,0.86328125,0.728515625
Jonnester/LR-AttnRes-n16,n=16,standard_attnres,29,1024,0.2602170407772064,6.682136535644531,0.0065255239605903625,0.0055389404296875,0.0303955078125,0.0,0.0,361.24578857421875,0.3527790904045105,0.20390036702156067,459,568,751,0.9951171875,0.96875,0.841796875,0.716796875
Jonnester/LR-AttnRes-n16,n=16,standard_attnres,30,1024,0.2850750982761383,7.303565502166748,0.007132388185709715,0.0061492919921875,0.02587890625,0.0,0.0,367.5722961425781,0.35895732045173645,0.20581306517124176,455,559,750,0.9970703125,0.9736328125,0.8798828125,0.765625
Jonnester/LR-AttnRes-n16,n=16,standard_attnres,31,1024,0.2945215106010437,7.540627479553223,0.007363894023001194,0.0063323974609375,0.027587890625,0.0,0.0,367.50018310546875,0.3588868975639343,0.20635555684566498,455,561,746,0.9931640625,0.9716796875,0.876953125,0.7578125
Jonnester/LR-AttnRes-n16,n=16,standard_attnres,32,1024,0.30000123381614685,7.7083587646484375,0.00752769410610199,0.0065460205078125,0.0299072265625,0.0,0.0,356.891357421875,0.3485267162322998,0.2034056931734085,461,567,761,1.0,0.9755859375,0.8798828125,0.759765625
Jonnester/LR-AttnRes-n16,n=16,standard_attnres,33,1024,0.2892126739025116,7.498405933380127,0.00732266204431653,0.006500244140625,0.027587890625,0.0,0.0,385.2411804199219,0.37621209025382996,0.1959044486284256,477,582,755,0.9951171875,0.9716796875,0.8818359375,0.7666015625
Jonnester/LR-AttnRes-n16,n=16,standard_attnres,34,1024,0.2956312298774719,7.6880292892456055,0.007507841102778912,0.006591796875,0.02783203125,0.0,0.0,378.9464111328125,0.3700648546218872,0.19337192177772522,474,584,768,0.99609375,0.970703125,0.890625,0.7822265625
Jonnester/LR-AttnRes-n16,n=16,standard_attnres,35,1024,0.26334407925605774,6.745452880859375,0.006587356328964233,0.005645751953125,0.0234375,0.0,0.0,376.61395263671875,0.36778706312179565,0.20598067343235016,456,561,745,0.998046875,0.9736328125,0.876953125,0.765625
Jonnester/LR-AttnRes-n16,n=16,standard_attnres,36,1024,0.2722344696521759,7.106507301330566,0.006939948536455631,0.0062408447265625,0.023681640625,0.0,0.0,392.3641357421875,0.38316810131073,0.19018185138702393,482,590,769,0.9990234375,0.984375,0.892578125,0.8056640625
Jonnester/LR-AttnRes-n16,n=16,standard_attnres,37,1024,0.33366355299949646,8.71395492553711,0.008509721606969833,0.007476806640625,0.036376953125,0.0,0.0,390.59832763671875,0.38144367933273315,0.18980665504932404,480,587,765,0.99609375,0.98046875,0.873046875,0.7421875
Jonnester/LR-AttnRes-n16,n=16,standard_attnres,38,1024,0.32164621353149414,8.445219993591309,0.008247285149991512,0.007232666015625,0.0283203125,0.0,0.0,411.86376953125,0.40221071243286133,0.1852826178073883,485,593,766,0.998046875,0.9853515625,0.8984375,0.7880859375
Jonnester/LR-AttnRes-n16,n=16,standard_attnres,39,1024,0.3462022840976715,8.978693962097168,0.008768255822360516,0.0070953369140625,0.033203125,0.0,0.0,401.5208740234375,0.3921102285385132,0.19565096497535706,458,575,767,0.998046875,0.96875,0.884765625,0.775390625
Jonnester/LR-AttnRes-n16,n=16,standard_attnres,40,1024,0.3669242858886719,9.531438827514648,0.009308045729994774,0.008056640625,0.03759765625,0.0,0.0,371.9693908691406,0.36325135827064514,0.19430382549762726,472,582,775,1.0,0.974609375,0.892578125,0.7587890625
Jonnester/LR-AttnRes-n16,n=16,standard_attnres,41,1024,0.3842037320137024,10.038375854492188,0.009803101420402527,0.0086669921875,0.0322265625,0.0,0.0,398.07244873046875,0.3887426257133484,0.1894277185201645,477,585,772,0.998046875,0.9794921875,0.9072265625,0.8076171875
Jonnester/LR-AttnRes-n16,n=16,standard_attnres,42,1024,0.3952755331993103,10.228992462158203,0.00998925045132637,0.00848388671875,0.037353515625,0.0,0.0,374.7913513183594,0.3660071790218353,0.19747962057590485,471,586,763,0.998046875,0.982421875,0.88671875,0.7763671875
Jonnester/LR-AttnRes-n16,n=16,standard_attnres,43,1024,0.37477347254753113,9.835676193237305,0.009605152532458305,0.00836181640625,0.03515625,0.0,0.0,406.697509765625,0.39716553688049316,0.1856669783592224,483,592,767,0.998046875,0.9853515625,0.8935546875,0.7744140625
Jonnester/LR-AttnRes-n16,n=16,standard_attnres,44,1024,0.37236034870147705,9.638692855834961,0.009412785992026329,0.008148193359375,0.037109375,0.0,0.0,370.0060119628906,0.3613339960575104,0.1972455084323883,469,580,763,0.998046875,0.9765625,0.88671875,0.75390625
Jonnester/LR-AttnRes-n16,n=16,standard_attnres,45,1024,0.37330275774002075,9.71109676361084,0.00948349293321371,0.00830078125,0.0322265625,0.0,0.0,395.3480224609375,0.3860820531845093,0.19309690594673157,474,581,763,0.998046875,0.978515625,0.8994140625,0.7900390625
Jonnester/LR-AttnRes-n16,n=16,standard_attnres,46,1024,0.46949058771133423,12.260320663452148,0.011972969397902489,0.010498046875,0.04150390625,0.0,0.0,392.6502685546875,0.383447527885437,0.1898680031299591,481,590,769,0.9990234375,0.9794921875,0.8984375,0.7890625
Jonnester/LR-AttnRes-n16,n=16,standard_attnres,47,1024,0.3730691969394684,9.686656951904297,0.00945962592959404,0.008514404296875,0.0341796875,0.0,0.0,396.0899963378906,0.3868066370487213,0.1946847289800644,471,575,759,0.9990234375,0.9658203125,0.8935546875,0.7763671875
Jonnester/LR-AttnRes-n16,n=16,standard_attnres,48,1024,0.37562811374664307,10.01865005493164,0.00978383794426918,0.0091552734375,0.03173828125,0.0,0.0,433.8215637207031,0.42365387082099915,0.17187979817390442,503,607,779,0.998046875,0.986328125,0.904296875,0.8134765625
Jonnester/LR-AttnRes-tail-r16,Full r=16,sliced_lr_attnres,1,16,0.2553580105304718,1.01904296875,0.063690185546875,0.0625,0.08056640625,0.0,0.0,15.633071899414062,0.9770669937133789,0.0031185944098979235,15,16,16,1.0,1.0,1.0,1.0
Jonnester/LR-AttnRes-tail-r16,Full r=16,sliced_lr_attnres,2,16,0.23927898705005646,0.953125,0.0595703125,0.0625,0.0625,0.0,0.0,15.557682037353516,0.9723551273345947,0.005559682846069336,14,15,16,1.0,1.0,1.0,1.0
Jonnester/LR-AttnRes-tail-r16,Full r=16,sliced_lr_attnres,3,16,0.23343674838542938,0.92236328125,0.057647705078125,0.062255859375,0.06298828125,0.0,0.0,14.955595970153809,0.934724748134613,0.016255220398306847,13,15,16,1.0,1.0,1.0,1.0
Jonnester/LR-AttnRes-tail-r16,Full r=16,sliced_lr_attnres,4,16,0.2484346479177475,0.99365234375,0.062103271484375,0.0625,0.0625,0.0,0.0,15.989169120788574,0.9993230700492859,0.00011571248614927754,15,16,16,1.0,1.0,1.0,1.0
Jonnester/LR-AttnRes-tail-r16,Full r=16,sliced_lr_attnres,5,16,0.2536776065826416,1.003662109375,0.0627288818359375,0.0625,0.08154296875,0.0,0.0,14.967840194702148,0.9354900121688843,0.014517545700073242,14,15,16,1.0,1.0,1.0,1.0
Jonnester/LR-AttnRes-tail-r16,Full r=16,sliced_lr_attnres,6,16,0.24558083713054657,0.980224609375,0.0612640380859375,0.0625,0.0625,0.0,0.0,15.789349555969238,0.9868343472480774,0.0028487045783549547,14,15,16,1.0,1.0,1.0,1.0
Jonnester/LR-AttnRes-tail-r16,Full r=16,sliced_lr_attnres,7,16,0.278194785118103,1.09912109375,0.068695068359375,0.0634765625,0.0966796875,0.0,0.0,14.258220672607422,0.8911387920379639,0.01636505126953125,15,16,16,1.0,1.0,1.0,1.0
Jonnester/LR-AttnRes-tail-r16,Full r=16,sliced_lr_attnres,8,16,0.24387219548225403,0.9671630859375,0.06044769287109375,0.0625,0.0625,0.0,0.0,15.401792526245117,0.9626120328903198,0.011379878036677837,14,15,16,1.0,1.0,1.0,1.0
Jonnester/LR-AttnRes-tail-r16,Full r=16,sliced_lr_attnres,9,16,0.2727751135826111,1.076171875,0.0672607421875,0.063720703125,0.0966796875,0.0,0.0,14.171802520751953,0.8857376575469971,0.018242835998535156,14,15,16,1.0,1.0,1.0,1.0
Jonnester/LR-AttnRes-tail-r16,Full r=16,sliced_lr_attnres,10,16,0.23985570669174194,0.95263671875,0.059539794921875,0.0625,0.064453125,0.0,0.0,15.358125686645508,0.9598828554153442,0.009430806152522564,14,15,16,1.0,1.0,1.0,1.0
Jonnester/LR-AttnRes-tail-r16,Full r=16,sliced_lr_attnres,11,16,0.2537037432193756,0.976654052734375,0.06104087829589844,0.064697265625,0.08251953125,0.0,0.0,14.057430267333984,0.878589391708374,0.05013839527964592,13,14,15,1.0,1.0,1.0,0.9375
Jonnester/LR-AttnRes-tail-r16,Full r=16,sliced_lr_attnres,12,16,0.2308957278728485,0.890380859375,0.0556488037109375,0.0625,0.0625,0.0,0.0,14.105698585510254,0.8816061615943909,0.047932226210832596,13,13,15,1.0,1.0,1.0,1.0
Jonnester/LR-AttnRes-tail-r16,Full r=16,sliced_lr_attnres,13,16,0.24320928752422333,0.965576171875,0.0603485107421875,0.0625,0.06787109375,0.0,0.0,15.314716339111328,0.957169771194458,0.009951591491699219,14,15,16,1.0,1.0,1.0,1.0
Jonnester/LR-AttnRes-tail-r16,Full r=16,sliced_lr_attnres,14,16,0.19788110256195068,0.7764892578125,0.04853057861328125,0.0496826171875,0.0625,0.0,0.0,14.08394718170166,0.8802466988563538,0.025326887145638466,13,15,16,1.0,1.0,1.0,1.0
Jonnester/LR-AttnRes-tail-r16,Full r=16,sliced_lr_attnres,15,16,0.19483724236488342,0.730255126953125,0.04564094543457031,0.0496826171875,0.0625,0.0,0.0,12.383946418762207,0.7739966511726379,0.08399120718240738,12,13,14,1.0,1.0,1.0,0.9375
Jonnester/LR-AttnRes-tail-r16,Full r=16,sliced_lr_attnres,16,16,0.24531225860118866,0.965087890625,0.0603179931640625,0.0625,0.0888671875,0.0,0.0,14.13325023651123,0.8833281397819519,0.0219599399715662,13,15,16,1.0,1.0,1.0,1.0
Jonnester/LR-AttnRes-tail-r16,Full r=16,sliced_lr_attnres,17,16,0.23187486827373505,0.897705078125,0.0561065673828125,0.0625,0.07080078125,0.0,0.0,14.087717056274414,0.8804823160171509,0.04283110424876213,13,14,15,1.0,1.0,1.0,1.0
Jonnester/LR-AttnRes-tail-r16,Full r=16,sliced_lr_attnres,18,16,0.242061585187912,0.961181640625,0.0600738525390625,0.0625,0.0654296875,0.0,0.0,15.360827445983887,0.9600517153739929,0.009728510864078999,14,15,16,1.0,1.0,1.0,1.0
Jonnester/LR-AttnRes-tail-r16,Full r=16,sliced_lr_attnres,19,16,0.2354036122560501,0.912994384765625,0.05706214904785156,0.0625,0.0634765625,0.0,0.0,14.663382530212402,0.9164614081382751,0.04052622988820076,13,14,15,1.0,1.0,1.0,0.9375
Jonnester/LR-AttnRes-tail-r16,Full r=16,sliced_lr_attnres,20,16,0.23275847733020782,0.923095703125,0.0576934814453125,0.0625,0.064453125,0.0,0.0,15.138481140136719,0.9461550712585449,0.011368274688720703,14,15,16,1.0,1.0,1.0,1.0
Jonnester/LR-AttnRes-tail-r16,Full r=16,sliced_lr_attnres,21,16,0.22733451426029205,0.899169921875,0.0561981201171875,0.06005859375,0.06298828125,0.0,0.0,14.947877883911133,0.9342423677444458,0.014909188263118267,14,15,16,1.0,1.0,1.0,1.0
Jonnester/LR-AttnRes-tail-r16,Full r=16,sliced_lr_attnres,22,16,0.21071882545948029,0.79888916015625,0.049930572509765625,0.0611572265625,0.0634765625,0.0,0.0,12.859488487243652,0.8037180304527283,0.06958111375570297,12,13,15,1.0,1.0,1.0,0.9375
Jonnester/LR-AttnRes-tail-r16,Full r=16,sliced_lr_attnres,23,16,0.22107715904712677,0.84515380859375,0.052822113037109375,0.0625,0.0625,0.0,0.0,13.411537170410156,0.8382210731506348,0.059036415070295334,12,13,15,1.0,1.0,1.0,1.0
Jonnester/LR-AttnRes-tail-r16,Full r=16,sliced_lr_attnres,24,16,0.23003165423870087,0.912841796875,0.0570526123046875,0.0625,0.0625,0.0,0.0,15.138184547424316,0.9461365342140198,0.010556221008300781,14,15,16,1.0,1.0,1.0,1.0
Jonnester/LR-AttnRes-tail-r16,Full r=16,sliced_lr_attnres,25,16,0.22815363109111786,0.885498046875,0.0553436279296875,0.0625,0.0625,0.0,0.0,14.011024475097656,0.8756890296936035,0.039617300033569336,13,13,15,1.0,1.0,1.0,1.0
Jonnester/LR-AttnRes-tail-r16,Full r=16,sliced_lr_attnres,26,16,0.21561895310878754,0.810028076171875,0.05062675476074219,0.0625,0.0625,0.0,0.0,12.61670207977295,0.7885438799858093,0.08108091354370117,11,12,15,1.0,1.0,1.0,1.0
Jonnester/LR-AttnRes-tail-r16,Full r=16,sliced_lr_attnres,27,16,0.2357351928949356,0.93798828125,0.058624267578125,0.0625,0.0625,0.0,0.0,15.437521934509277,0.9648451209068298,0.007002910133451223,14,15,16,1.0,1.0,1.0,1.0
Jonnester/LR-AttnRes-tail-r16,Full r=16,sliced_lr_attnres,28,16,0.20321646332740784,0.7511978149414062,0.04694986343383789,0.0546875,0.0625,0.0,0.0,12.145389556884766,0.7590868473052979,0.10115329176187515,11,12,14,1.0,1.0,0.9375,0.9375
Jonnester/LR-AttnRes-tail-r16,Full r=16,sliced_lr_attnres,29,16,0.22791936993598938,0.88214111328125,0.055133819580078125,0.0625,0.06884765625,0.0,0.0,13.918134689331055,0.8698834180831909,0.04319707676768303,12,14,15,1.0,1.0,1.0,1.0
Jonnester/LR-AttnRes-tail-r16,Full r=16,sliced_lr_attnres,30,16,0.21748486161231995,0.8239450454711914,0.05149656534194946,0.0625,0.0625,0.0,0.0,13.31041145324707,0.8319007158279419,0.07049441337585449,12,13,15,1.0,0.9375,0.9375,0.9375
Jonnester/LR-AttnRes-tail-r16,Full r=16,sliced_lr_attnres,31,16,0.23704686760902405,0.9122314453125,0.05701446533203125,0.0625,0.0712890625,0.0,0.0,13.758472442626953,0.8599045276641846,0.050561029464006424,12,13,15,1.0,1.0,1.0,1.0
Jonnester/LR-AttnRes-tail-r16,Full r=16,sliced_lr_attnres,32,16,0.2040611058473587,0.76904296875,0.048065185546875,0.0601806640625,0.0625,0.0,0.0,12.105561256408691,0.7565975785255432,0.07710345834493637,11,13,15,1.0,1.0,1.0,1.0
Jonnester/LR-AttnRes-tail-r16,Full r=16,sliced_lr_attnres,33,16,0.24967429041862488,0.961181640625,0.0600738525390625,0.0625,0.0927734375,0.0,0.0,12.894779205322266,0.8059237003326416,0.050085943192243576,12,13,16,1.0,1.0,1.0,1.0
Jonnester/LR-AttnRes-tail-r16,Full r=16,sliced_lr_attnres,34,16,0.18434806168079376,0.6492462158203125,0.04057788848876953,0.050048828125,0.0625,0.0,0.0,10.146039009094238,0.6341274380683899,0.1593833714723587,9,11,13,1.0,1.0,0.9375,0.875
Jonnester/LR-AttnRes-tail-r16,Full r=16,sliced_lr_attnres,35,16,0.2663094699382782,1.0276718139648438,0.06422948837280273,0.066162109375,0.08203125,0.0,0.0,14.4194974899292,0.901218593120575,0.04702059552073479,14,14,15,1.0,1.0,0.9375,0.9375
Jonnester/LR-AttnRes-tail-r16,Full r=16,sliced_lr_attnres,36,16,0.21988973021507263,0.845947265625,0.0528717041015625,0.0625,0.0625,0.0,0.0,13.540302276611328,0.846268892288208,0.05095227435231209,12,13,15,1.0,1.0,1.0,1.0
Jonnester/LR-AttnRes-tail-r16,Full r=16,sliced_lr_attnres,37,16,0.2838336229324341,1.0665283203125,0.06665802001953125,0.063232421875,0.10546875,0.0,0.0,12.106471061706543,0.7566544413566589,0.08080577850341797,13,14,15,1.0,1.0,0.9375,0.9375
Jonnester/LR-AttnRes-tail-r16,Full r=16,sliced_lr_attnres,38,16,0.17140965163707733,0.5807952880859375,0.036299705505371094,0.0406494140625,0.0625,0.0,0.0,9.211678504943848,0.5757299065589905,0.2038845270872116,9,10,12,1.0,0.9375,0.9375,0.9375
Jonnester/LR-AttnRes-tail-r16,Full r=16,sliced_lr_attnres,39,16,0.281888484954834,1.0987548828125,0.06867218017578125,0.0673828125,0.09326171875,0.0,0.0,13.731103897094727,0.8581939935684204,0.034054916352033615,13,14,15,1.0,1.0,1.0,1.0
Jonnester/LR-AttnRes-tail-r16,Full r=16,sliced_lr_attnres,40,16,0.2190180867910385,0.823577880859375,0.05147361755371094,0.0623779296875,0.0625,0.0,0.0,13.124177932739258,0.8202611207962036,0.07989367097616196,12,13,14,1.0,1.0,1.0,0.9375
Jonnester/LR-AttnRes-tail-r16,Full r=16,sliced_lr_attnres,41,16,0.2769976258277893,1.094970703125,0.0684356689453125,0.06787109375,0.08642578125,0.0,0.0,14.730120658874512,0.920632541179657,0.015667757019400597,14,15,16,1.0,1.0,1.0,1.0
Jonnester/LR-AttnRes-tail-r16,Full r=16,sliced_lr_attnres,42,16,0.27231454849243164,1.06640625,0.066650390625,0.0625,0.10302734375,0.0,0.0,13.287734985351562,0.8304834365844727,0.02797245979309082,14,15,16,1.0,1.0,1.0,1.0
Jonnester/LR-AttnRes-tail-r16,Full r=16,sliced_lr_attnres,43,16,0.28906258940696716,1.116455078125,0.0697784423828125,0.065185546875,0.125,0.0,0.0,11.752199172973633,0.734512448310852,0.04589001461863518,13,14,16,1.0,1.0,1.0,1.0
Jonnester/LR-AttnRes-tail-r16,Full r=16,sliced_lr_attnres,44,16,0.28046178817749023,1.05517578125,0.065948486328125,0.06298828125,0.1171875,0.0,0.0,10.648354530334473,0.6655221581459045,0.07924000173807144,12,13,15,1.0,1.0,1.0,1.0
Jonnester/LR-AttnRes-tail-r16,Full r=16,sliced_lr_attnres,45,16,0.2885153591632843,1.1107177734375,0.06941986083984375,0.06396484375,0.1201171875,0.0,0.0,11.763446807861328,0.735215425491333,0.050076644867658615,13,15,16,1.0,1.0,1.0,1.0
Jonnester/LR-AttnRes-tail-r16,Full r=16,sliced_lr_attnres,46,16,0.2629760503768921,1.01959228515625,0.06372451782226562,0.06298828125,0.09326171875,0.0,0.0,13.942314147949219,0.8713946342468262,0.040956735610961914,14,15,15,1.0,1.0,1.0,1.0
Jonnester/LR-AttnRes-tail-r16,Full r=16,sliced_lr_attnres,47,16,0.24820806086063385,0.94189453125,0.058868408203125,0.062744140625,0.111328125,0.0,0.0,10.786609649658203,0.6741631031036377,0.06840729713439941,12,14,16,1.0,1.0,1.0,1.0
Jonnester/LR-AttnRes-tail-r16,Full r=16,sliced_lr_attnres,48,16,0.2755778729915619,1.037353515625,0.0648345947265625,0.0625,0.1142578125,0.0,0.0,10.436976432800293,0.6523110270500183,0.07857179641723633,12,13,16,1.0,1.0,1.0,1.0
Jonnester/LR-AttnRes-tail-r32,Full r=32,sliced_lr_attnres,1,32,0.3703513443470001,2.082275390625,0.06507110595703125,0.0625,0.091796875,0.0,0.0,30.045818328857422,0.9389318227767944,0.007391668390482664,29,31,32,1.0,1.0,1.0,1.0
Jonnester/LR-AttnRes-tail-r32,Full r=32,sliced_lr_attnres,2,32,0.30279234051704407,1.688232421875,0.05275726318359375,0.05419921875,0.0625,0.0,0.0,28.945758819580078,0.9045549631118774,0.017460037022829056,27,29,32,1.0,1.0,1.0,1.0
Jonnester/LR-AttnRes-tail-r32,Full r=32,sliced_lr_attnres,3,32,0.32761603593826294,1.816925048828125,0.056778907775878906,0.06201171875,0.06298828125,0.0,0.0,29.69651985168457,0.9280162453651428,0.02382642589509487,26,28,31,1.0,1.0,1.0,1.0
Jonnester/LR-AttnRes-tail-r32,Full r=32,sliced_lr_attnres,4,32,0.3299373984336853,1.8043937683105469,0.05638730525970459,0.0623779296875,0.0625,0.0,0.0,29.41481590270996,0.9192129969596863,0.040361326187849045,26,28,30,1.0,0.96875,0.9375,0.9375
Jonnester/LR-AttnRes-tail-r32,Full r=32,sliced_lr_attnres,5,32,0.32213982939720154,1.77520751953125,0.05547523498535156,0.0625,0.0625,0.0,0.0,28.6351318359375,0.8948478698730469,0.031390320509672165,25,27,31,1.0,1.0,1.0,1.0
Jonnester/LR-AttnRes-tail-r32,Full r=32,sliced_lr_attnres,6,32,0.313770055770874,1.717193603515625,0.05366230010986328,0.0614013671875,0.0625,0.0,0.0,28.225961685180664,0.8820613026618958,0.03952813893556595,25,27,29,1.0,1.0,1.0,0.96875
Jonnester/LR-AttnRes-tail-r32,Full r=32,sliced_lr_attnres,7,32,0.34475141763687134,1.923614501953125,0.060112953186035156,0.0625,0.06298828125,0.0,0.0,30.819734573364258,0.9631167054176331,0.01656469702720642,28,29,31,1.0,1.0,1.0,1.0
Jonnester/LR-AttnRes-tail-r32,Full r=32,sliced_lr_attnres,8,32,0.2636967599391937,1.4337158203125,0.044803619384765625,0.043701171875,0.0625,0.0,0.0,25.33296012878418,0.7916550040245056,0.047213681042194366,25,28,31,1.0,1.0,1.0,0.96875
Jonnester/LR-AttnRes-tail-r32,Full r=32,sliced_lr_attnres,9,32,0.3378145098686218,1.896728515625,0.05927276611328125,0.0625,0.06298828125,0.0,0.0,30.657520294189453,0.9580475091934204,0.009051178582012653,27,29,31,1.0,1.0,1.0,1.0
Jonnester/LR-AttnRes-tail-r32,Full r=32,sliced_lr_attnres,10,32,0.32922661304473877,1.8321533203125,0.057254791259765625,0.0625,0.0625,0.0,0.0,29.64725685119629,0.926476776599884,0.019719785079360008,26,28,31,1.0,1.0,1.0,1.0
Jonnester/LR-AttnRes-tail-r32,Full r=32,sliced_lr_attnres,11,32,0.34042397141456604,1.869415283203125,0.058419227600097656,0.0625,0.072265625,0.0,0.0,28.8956298828125,0.9029884338378906,0.03552215173840523,26,28,29,1.0,1.0,1.0,1.0
Jonnester/LR-AttnRes-tail-r32,Full r=32,sliced_lr_attnres,12,32,0.3108881413936615,1.70794677734375,0.05337333679199219,0.0625,0.06298828125,0.0,0.0,27.836671829223633,0.8698959946632385,0.03502103313803673,25,28,30,1.0,1.0,1.0,1.0
Jonnester/LR-AttnRes-tail-r32,Full r=32,sliced_lr_attnres,13,32,0.323697566986084,1.77459716796875,0.05545616149902344,0.0625,0.07275390625,0.0,0.0,27.814584732055664,0.8692057728767395,0.0374898724257946,24,27,30,1.0,1.0,1.0,1.0
Jonnester/LR-AttnRes-tail-r32,Full r=32,sliced_lr_attnres,14,32,0.26433661580085754,1.4050445556640625,0.04390764236450195,0.0423583984375,0.0625,0.0,0.0,23.847490310668945,0.7452340722084045,0.07333128899335861,23,27,29,1.0,1.0,1.0,0.9375
Jonnester/LR-AttnRes-tail-r32,Full r=32,sliced_lr_attnres,15,32,0.2796347737312317,1.4863433837890625,0.0464482307434082,0.0499267578125,0.0625,0.0,0.0,25.90030860900879,0.8093846440315247,0.07334388792514801,24,26,28,1.0,1.0,0.9375,0.90625
Jonnester/LR-AttnRes-tail-r32,Full r=32,sliced_lr_attnres,16,32,0.29918503761291504,1.649658203125,0.05155181884765625,0.0565185546875,0.0625,0.0,0.0,27.344364166259766,0.8545113801956177,0.030710626393556595,25,28,32,1.0,1.0,1.0,1.0
Jonnester/LR-AttnRes-tail-r32,Full r=32,sliced_lr_attnres,17,32,0.306941956281662,1.6923828125,0.052886962890625,0.05615234375,0.064453125,0.0,0.0,28.486766815185547,0.8902114629745483,0.030742675065994263,26,28,31,1.0,1.0,1.0,0.96875
Jonnester/LR-AttnRes-tail-r32,Full r=32,sliced_lr_attnres,18,32,0.30513742566108704,1.6961669921875,0.053005218505859375,0.0545654296875,0.0625,0.0,0.0,28.69171905517578,0.8966162204742432,0.02107764035463333,26,28,31,1.0,1.0,1.0,1.0
Jonnester/LR-AttnRes-tail-r32,Full r=32,sliced_lr_attnres,19,32,0.29430049657821655,1.6253662109375,0.050792694091796875,0.0517578125,0.0625,0.0,0.0,27.952438354492188,0.8735136985778809,0.028783967718482018,25,28,31,1.0,1.0,1.0,1.0
Jonnester/LR-AttnRes-tail-r32,Full r=32,sliced_lr_attnres,20,32,0.3012758195400238,1.656982421875,0.05178070068359375,0.0560302734375,0.0625,0.0,0.0,27.573450088500977,0.8616703152656555,0.03370710462331772,25,28,31,1.0,1.0,1.0,1.0
Jonnester/LR-AttnRes-tail-r32,Full r=32,sliced_lr_attnres,21,32,0.29289668798446655,1.5740966796875,0.049190521240234375,0.057373046875,0.0625,0.0,0.0,25.43401527404785,0.7948129773139954,0.06068810820579529,23,25,29,1.0,1.0,1.0,1.0
Jonnester/LR-AttnRes-tail-r32,Full r=32,sliced_lr_attnres,22,32,0.2893279790878296,1.5665283203125,0.048954010009765625,0.0482177734375,0.0625,0.0,0.0,25.716846466064453,0.8036514520645142,0.05207066982984543,24,27,30,1.0,1.0,1.0,0.96875
Jonnester/LR-AttnRes-tail-r32,Full r=32,sliced_lr_attnres,23,32,0.2759069502353668,1.4426040649414062,0.045081377029418945,0.0465087890625,0.0625,0.0,0.0,23.86197280883789,0.7456866502761841,0.09196446090936661,22,25,28,1.0,1.0,0.96875,0.90625
Jonnester/LR-AttnRes-tail-r32,Full r=32,sliced_lr_attnres,24,32,0.25820404291152954,1.332489013671875,0.041640281677246094,0.04638671875,0.0625,0.0,0.0,22.036222457885742,0.6886319518089294,0.10656318068504333,20,23,28,1.0,1.0,0.96875,0.9375
Jonnester/LR-AttnRes-tail-r32,Full r=32,sliced_lr_attnres,25,32,0.29825037717819214,1.61590576171875,0.05049705505371094,0.05615234375,0.0625,0.0,0.0,26.340639114379883,0.8231449723243713,0.05130148306488991,23,26,30,1.0,1.0,1.0,1.0
Jonnester/LR-AttnRes-tail-r32,Full r=32,sliced_lr_attnres,26,32,0.2891676723957062,1.5714111328125,0.049106597900390625,0.05322265625,0.0625,0.0,0.0,26.435733795166016,0.826116681098938,0.04780009761452675,24,26,30,1.0,1.0,1.0,1.0
Jonnester/LR-AttnRes-tail-r32,Full r=32,sliced_lr_attnres,27,32,0.2838151454925537,1.501678466796875,0.046927452087402344,0.053955078125,0.0625,0.0,0.0,24.455379486083984,0.7642306089401245,0.07855301350355148,22,25,28,1.0,1.0,0.96875,0.96875
Jonnester/LR-AttnRes-tail-r32,Full r=32,sliced_lr_attnres,28,32,0.2612709403038025,1.3568267822265625,0.04240083694458008,0.045166015625,0.0625,0.0,0.0,22.65778350830078,0.7080557346343994,0.09956829249858856,21,24,28,1.0,1.0,0.96875,0.9375
Jonnester/LR-AttnRes-tail-r32,Full r=32,sliced_lr_attnres,29,32,0.3058727979660034,1.6244659423828125,0.05076456069946289,0.0621337890625,0.0634765625,0.0,0.0,26.395658493041992,0.8248643279075623,0.07428499311208725,24,26,28,1.0,1.0,0.9375,0.9375
Jonnester/LR-AttnRes-tail-r32,Full r=32,sliced_lr_attnres,30,32,0.2755325138568878,1.420501708984375,0.04439067840576172,0.0567626953125,0.06298828125,0.0,0.0,22.12102699279785,0.6912820935249329,0.10766423493623734,19,23,28,1.0,1.0,1.0,0.9375
Jonnester/LR-AttnRes-tail-r32,Full r=32,sliced_lr_attnres,31,32,0.3190934360027313,1.7215423583984375,0.05379819869995117,0.0621337890625,0.064453125,0.0,0.0,27.745426177978516,0.8670445680618286,0.05620741844177246,25,27,28,1.0,1.0,0.96875,0.96875
Jonnester/LR-AttnRes-tail-r32,Full r=32,sliced_lr_attnres,32,32,0.26901671290397644,1.385162353515625,0.04328632354736328,0.0517578125,0.0625,0.0,0.0,22.741703033447266,0.710678219795227,0.10905895382165909,20,23,26,1.0,1.0,1.0,0.9375
Jonnester/LR-AttnRes-tail-r32,Full r=32,sliced_lr_attnres,33,32,0.3019409775733948,1.6231536865234375,0.05072355270385742,0.0562744140625,0.0654296875,0.0,0.0,26.97098731994629,0.8428433537483215,0.060367509722709656,24,27,29,1.0,1.0,0.96875,0.9375
Jonnester/LR-AttnRes-tail-r32,Full r=32,sliced_lr_attnres,34,32,0.24163316190242767,1.23052978515625,0.03845405578613281,0.0390625,0.0625,0.0,0.0,20.36145782470703,0.6362955570220947,0.1211763396859169,20,23,26,1.0,1.0,1.0,0.9375
Jonnester/LR-AttnRes-tail-r32,Full r=32,sliced_lr_attnres,35,32,0.3048665225505829,1.6138334274291992,0.050432294607162476,0.0614013671875,0.07666015625,0.0,0.0,24.927352905273438,0.7789797782897949,0.07800980657339096,22,25,28,1.0,0.96875,0.96875,0.96875
Jonnester/LR-AttnRes-tail-r32,Full r=32,sliced_lr_attnres,36,32,0.27866196632385254,1.4031448364257812,0.043848276138305664,0.06005859375,0.0625,0.0,0.0,21.9228572845459,0.6850892901420593,0.13347220420837402,19,21,25,1.0,1.0,0.96875,0.90625
Jonnester/LR-AttnRes-tail-r32,Full r=32,sliced_lr_attnres,37,32,0.3139920234680176,1.6766357421875,0.052394866943359375,0.0625,0.076171875,0.0,0.0,25.29462242126465,0.7904569506645203,0.06809625774621964,23,25,28,1.0,1.0,1.0,1.0
Jonnester/LR-AttnRes-tail-r32,Full r=32,sliced_lr_attnres,38,32,0.22603678703308105,1.1597900390625,0.036243438720703125,0.0345458984375,0.0625,0.0,0.0,19.720317840576172,0.6162599325180054,0.1129249632358551,19,23,29,1.0,1.0,1.0,1.0
Jonnester/LR-AttnRes-tail-r32,Full r=32,sliced_lr_attnres,39,32,0.3055080473423004,1.5945281982421875,0.04982900619506836,0.0625,0.07421875,0.0,0.0,23.917383193969727,0.747418224811554,0.09396617859601974,21,24,28,1.0,1.0,0.96875,0.9375
Jonnester/LR-AttnRes-tail-r32,Full r=32,sliced_lr_attnres,40,32,0.26381123065948486,1.399261474609375,0.04372692108154297,0.041748046875,0.0625,0.0,0.0,23.16901397705078,0.7240316867828369,0.07576541602611542,22,25,29,1.0,1.0,1.0,1.0
Jonnester/LR-AttnRes-tail-r32,Full r=32,sliced_lr_attnres,41,32,0.30635106563568115,1.6240234375,0.050750732421875,0.0625,0.06884765625,0.0,0.0,24.896587371826172,0.7780183553695679,0.07637558877468109,22,24,29,1.0,1.0,1.0,1.0
Jonnester/LR-AttnRes-tail-r32,Full r=32,sliced_lr_attnres,42,32,0.323838472366333,1.76251220703125,0.05507850646972656,0.0625,0.0654296875,0.0,0.0,28.3714542388916,0.8866079449653625,0.046015664935112,25,27,29,1.0,1.0,0.96875,0.96875
Jonnester/LR-AttnRes-tail-r32,Full r=32,sliced_lr_attnres,43,32,0.3216801881790161,1.72613525390625,0.05394172668457031,0.0625,0.0751953125,0.0,0.0,25.983551025390625,0.811985969543457,0.06245769187808037,23,25,29,1.0,1.0,1.0,1.0
Jonnester/LR-AttnRes-tail-r32,Full r=32,sliced_lr_attnres,44,32,0.32851356267929077,1.81536865234375,0.05673027038574219,0.0625,0.06396484375,0.0,0.0,29.06429100036621,0.9082590937614441,0.02809751406311989,26,28,30,1.0,1.0,1.0,1.0
Jonnester/LR-AttnRes-tail-r32,Full r=32,sliced_lr_attnres,45,32,0.3238929212093353,1.7835693359375,0.055736541748046875,0.0625,0.07275390625,0.0,0.0,28.191648483276367,0.8809890151023865,0.03225156292319298,25,27,30,1.0,1.0,1.0,1.0
Jonnester/LR-AttnRes-tail-r32,Full r=32,sliced_lr_attnres,46,32,0.3300851285457611,1.789154052734375,0.05591106414794922,0.0625,0.06982421875,0.0,0.0,28.147377014160156,0.8796055316925049,0.05080107972025871,25,27,28,1.0,1.0,1.0,0.9375
Jonnester/LR-AttnRes-tail-r32,Full r=32,sliced_lr_attnres,47,32,0.3091765344142914,1.639373779296875,0.051230430603027344,0.0625,0.09228515625,0.0,0.0,23.959880828857422,0.7487462759017944,0.07611724734306335,22,25,28,1.0,1.0,0.96875,0.96875
Jonnester/LR-AttnRes-tail-r32,Full r=32,sliced_lr_attnres,48,32,0.3033096194267273,1.652099609375,0.05162811279296875,0.0625,0.06884765625,0.0,0.0,25.92465591430664,0.8101454973220825,0.04508325830101967,23,28,32,1.0,1.0,1.0,1.0
Jonnester/LR-AttnRes-tail-r64,Full r=64,sliced_lr_attnres,1,64,0.4302197992801666,3.322277069091797,0.051910579204559326,0.0595703125,0.0625,0.0,0.0,54.845367431640625,0.8569588661193848,0.039674486964941025,48,54,60,1.0,1.0,0.984375,0.984375
Jonnester/LR-AttnRes-tail-r64,Full r=64,sliced_lr_attnres,2,64,0.3815891742706299,2.9835205078125,0.04661750793457031,0.0445556640625,0.0625,0.0,0.0,54.90385437011719,0.857872724533081,0.025904042646288872,52,57,62,1.0,1.0,1.0,1.0
Jonnester/LR-AttnRes-tail-r64,Full r=64,sliced_lr_attnres,3,64,0.3826386630535126,2.836825370788574,0.04432539641857147,0.046630859375,0.0625,0.0,0.0,46.76866149902344,0.7307603359222412,0.08373580873012543,43,49,56,1.0,0.984375,0.953125,0.9375
Jonnester/LR-AttnRes-tail-r64,Full r=64,sliced_lr_attnres,4,64,0.38725680112838745,2.968902587890625,0.046389102935791016,0.046630859375,0.0625,0.0,0.0,51.75748062133789,0.8087106347084045,0.04764345660805702,48,53,59,1.0,1.0,1.0,1.0
Jonnester/LR-AttnRes-tail-r64,Full r=64,sliced_lr_attnres,5,64,0.3626289367675781,2.73333740234375,0.042708396911621094,0.0428466796875,0.0625,0.0,0.0,46.831703186035156,0.7317453622817993,0.06606286019086838,45,51,59,1.0,1.0,1.0,0.984375
Jonnester/LR-AttnRes-tail-r64,Full r=64,sliced_lr_attnres,6,64,0.3826375901699066,2.9549560546875,0.04617118835449219,0.044677734375,0.0625,0.0,0.0,52.31499099731445,0.8174217343330383,0.03962891548871994,50,55,61,1.0,1.0,0.984375,0.984375
Jonnester/LR-AttnRes-tail-r64,Full r=64,sliced_lr_attnres,7,64,0.37930023670196533,2.848163604736328,0.04450255632400513,0.0455322265625,0.0625,0.0,0.0,48.8171272277832,0.7627676129341125,0.07014356553554535,45,50,56,1.0,0.984375,0.984375,0.984375
Jonnester/LR-AttnRes-tail-r64,Full r=64,sliced_lr_attnres,8,64,0.33771559596061707,2.5512161254882812,0.039862751960754395,0.0364990234375,0.0625,0.0,0.0,45.70975875854492,0.7142149806022644,0.0636666864156723,48,53,60,1.0,1.0,0.984375,0.96875
Jonnester/LR-AttnRes-tail-r64,Full r=64,sliced_lr_attnres,9,64,0.3984718918800354,2.9999237060546875,0.04687380790710449,0.0513916015625,0.0625,0.0,0.0,48.67433547973633,0.7605364918708801,0.06734704971313477,44,50,58,1.0,1.0,1.0,0.984375
Jonnester/LR-AttnRes-tail-r64,Full r=64,sliced_lr_attnres,10,64,0.3740852177143097,2.83111572265625,0.044236183166503906,0.046142578125,0.0625,0.0,0.0,48.685306549072266,0.7607079148292542,0.061699457466602325,46,51,58,1.0,1.0,1.0,1.0
Jonnester/LR-AttnRes-tail-r64,Full r=64,sliced_lr_attnres,11,64,0.39423519372940063,2.9321975708007812,0.04581558704376221,0.052734375,0.0625,0.0,0.0,47.81107711791992,0.7470480799674988,0.08033057302236557,42,48,56,1.0,1.0,0.984375,0.953125
Jonnester/LR-AttnRes-tail-r64,Full r=64,sliced_lr_attnres,12,64,0.383770614862442,2.901683807373047,0.04533880949020386,0.0482177734375,0.0625,0.0,0.0,49.27033996582031,0.7698490619659424,0.06271641701459885,44,51,58,1.0,0.984375,0.984375,0.984375
Jonnester/LR-AttnRes-tail-r64,Full r=64,sliced_lr_attnres,13,64,0.4685124456882477,3.58306884765625,0.055985450744628906,0.0625,0.1103515625,0.0,0.0,51.22626495361328,0.8004103899002075,0.05032055824995041,48,51,57,1.0,1.0,1.0,0.96875
Jonnester/LR-AttnRes-tail-r64,Full r=64,sliced_lr_attnres,14,64,0.3142949640750885,2.40167236328125,0.03752613067626953,0.0369873046875,0.0625,0.0,0.0,47.1183967590332,0.7362249493598938,0.05122000724077225,49,55,60,1.0,1.0,1.0,0.984375
Jonnester/LR-AttnRes-tail-r64,Full r=64,sliced_lr_attnres,15,64,0.34387466311454773,2.5999221801757812,0.04062378406524658,0.0408935546875,0.0625,0.0,0.0,49.12774658203125,0.7676210403442383,0.06276171654462814,47,52,58,1.0,0.984375,0.96875,0.953125
Jonnester/LR-AttnRes-tail-r64,Full r=64,sliced_lr_attnres,16,64,0.33388081192970276,2.5634765625,0.0400543212890625,0.0341796875,0.0625,0.0,0.0,46.69975280761719,0.7296836376190186,0.04602582007646561,52,57,62,1.0,1.0,1.0,1.0
Jonnester/LR-AttnRes-tail-r64,Full r=64,sliced_lr_attnres,17,64,0.33127981424331665,2.466949462890625,0.038546085357666016,0.0401611328125,0.0625,0.0,0.0,45.61956787109375,0.7128057479858398,0.07903937250375748,44,49,57,1.0,1.0,0.984375,0.96875
Jonnester/LR-AttnRes-tail-r64,Full r=64,sliced_lr_attnres,18,64,0.33229076862335205,2.4590396881103516,0.03842249512672424,0.0418701171875,0.0625,0.0,0.0,46.273162841796875,0.7230181694030762,0.08567646890878677,44,49,54,1.0,0.984375,0.984375,0.9375
Jonnester/LR-AttnRes-tail-r64,Full r=64,sliced_lr_attnres,19,64,0.3174735903739929,2.28427791595459,0.035691842436790466,0.0394287109375,0.0625,0.0,0.0,42.826698303222656,0.669167160987854,0.11497504264116287,40,45,52,0.984375,0.984375,0.9375,0.921875
Jonnester/LR-AttnRes-tail-r64,Full r=64,sliced_lr_attnres,20,64,0.34220513701438904,2.598236083984375,0.04059743881225586,0.041748046875,0.0625,0.0,0.0,48.20783996582031,0.7532474994659424,0.058196067810058594,46,52,60,1.0,1.0,0.984375,0.984375
Jonnester/LR-AttnRes-tail-r64,Full r=64,sliced_lr_attnres,21,64,0.3104933798313141,2.1899547576904297,0.034218043088912964,0.0362548828125,0.0625,0.0,0.0,37.894065856933594,0.5920947790145874,0.13526500761508942,37,43,52,1.0,0.984375,0.953125,0.90625
Jonnester/LR-AttnRes-tail-r64,Full r=64,sliced_lr_attnres,22,64,0.33217114210128784,2.3940820693969727,0.0374075323343277,0.036865234375,0.0625,0.0,0.0,42.06657409667969,0.6572902202606201,0.11323213577270508,40,45,54,0.984375,0.96875,0.953125,0.9375
Jonnester/LR-AttnRes-tail-r64,Full r=64,sliced_lr_attnres,23,64,0.30364659428596497,2.201324462890625,0.034395694732666016,0.0369873046875,0.0625,0.0,0.0,41.2568359375,0.6446380615234375,0.10719619691371918,40,45,54,1.0,1.0,1.0,0.921875
Jonnester/LR-AttnRes-tail-r64,Full r=64,sliced_lr_attnres,24,64,0.2986258566379547,2.1005024909973145,0.03282035142183304,0.0323486328125,0.0625,0.0,0.0,37.02003479003906,0.5784380435943604,0.13801519572734833,37,43,53,1.0,0.984375,0.953125,0.921875
Jonnester/LR-AttnRes-tail-r64,Full r=64,sliced_lr_attnres,25,64,0.3386147618293762,2.4103755950927734,0.037662118673324585,0.041015625,0.0625,0.0,0.0,40.24296188354492,0.6287962794303894,0.1259511560201645,38,44,53,1.0,0.984375,0.953125,0.90625
Jonnester/LR-AttnRes-tail-r64,Full r=64,sliced_lr_attnres,26,64,0.28767961263656616,1.9992284774780273,0.031237944960594177,0.0325927734375,0.0625,0.0,0.0,35.18159866333008,0.5497124791145325,0.1500718891620636,36,43,52,1.0,0.984375,0.90625,0.875
Jonnester/LR-AttnRes-tail-r64,Full r=64,sliced_lr_attnres,27,64,0.31909239292144775,2.312896728515625,0.03613901138305664,0.0399169921875,0.0625,0.0,0.0,42.738136291503906,0.6677833795547485,0.1073770523071289,40,46,52,1.0,1.0,1.0,0.953125
Jonnester/LR-AttnRes-tail-r64,Full r=64,sliced_lr_attnres,28,64,0.2595532238483429,1.9126663208007812,0.029885411262512207,0.03173828125,0.052978515625,0.0,0.0,44.85739517211914,0.7008967995643616,0.09013264626264572,41,47,56,1.0,1.0,0.984375,0.96875
Jonnester/LR-AttnRes-tail-r64,Full r=64,sliced_lr_attnres,29,64,0.3399222791194916,2.4719085693359375,0.03862357139587402,0.0428466796875,0.0625,0.0,0.0,43.631649017333984,0.6817445158958435,0.10400260984897614,40,45,53,1.0,1.0,0.984375,0.9375
Jonnester/LR-AttnRes-tail-r64,Full r=64,sliced_lr_attnres,30,64,0.3097607493400574,2.24249267578125,0.03503894805908203,0.035400390625,0.0625,0.0,0.0,39.724727630615234,0.620698869228363,0.10865218192338943,42,47,55,1.0,1.0,0.96875,0.921875
Jonnester/LR-AttnRes-tail-r64,Full r=64,sliced_lr_attnres,31,64,0.33124038577079773,2.4193267822265625,0.03780198097229004,0.039794921875,0.0625,0.0,0.0,42.60563659667969,0.6657130718231201,0.09945140779018402,41,46,55,1.0,0.984375,0.96875,0.953125
Jonnester/LR-AttnRes-tail-r64,Full r=64,sliced_lr_attnres,32,64,0.25790348649024963,1.8913612365722656,0.02955251932144165,0.032958984375,0.05224609375,0.0,0.0,43.81989288330078,0.6846858263015747,0.09519986063241959,41,47,55,1.0,1.0,0.96875,0.953125
Jonnester/LR-AttnRes-tail-r64,Full r=64,sliced_lr_attnres,33,64,0.3385394811630249,2.4776458740234375,0.03871321678161621,0.0379638671875,0.0625,0.0,0.0,42.494075775146484,0.6639699339866638,0.09733826667070389,41,47,55,1.0,1.0,0.984375,0.953125
Jonnester/LR-AttnRes-tail-r64,Full r=64,sliced_lr_attnres,34,64,0.2922845482826233,2.1098599433898926,0.03296656161546707,0.034912109375,0.0625,0.0,0.0,41.662296295166016,0.650973379611969,0.11164093017578125,41,46,53,0.984375,0.96875,0.9375,0.921875
Jonnester/LR-AttnRes-tail-r64,Full r=64,sliced_lr_attnres,35,64,0.34594789147377014,2.471588134765625,0.03861856460571289,0.0401611328125,0.0625,0.0,0.0,40.72650909423828,0.6363517045974731,0.12222937494516373,38,44,52,1.0,1.0,0.984375,0.90625
Jonnester/LR-AttnRes-tail-r64,Full r=64,sliced_lr_attnres,36,64,0.30430734157562256,2.1368446350097656,0.03338819742202759,0.037109375,0.0625,0.0,0.0,37.93521499633789,0.5927377343177795,0.13971498608589172,36,42,51,1.0,1.0,0.9375,0.921875
Jonnester/LR-AttnRes-tail-r64,Full r=64,sliced_lr_attnres,37,64,0.3594680726528168,2.5699453353881836,0.04015539586544037,0.042236328125,0.06298828125,0.0,0.0,41.5958137512207,0.6499345898628235,0.1215284913778305,39,44,52,0.984375,0.96875,0.96875,0.921875
Jonnester/LR-AttnRes-tail-r64,Full r=64,sliced_lr_attnres,38,64,0.26508352160453796,1.8871688842773438,0.029487013816833496,0.029541015625,0.0625,0.0,0.0,36.062923431396484,0.5634831786155701,0.12583597004413605,38,45,55,1.0,1.0,0.96875,0.9375
Jonnester/LR-AttnRes-tail-r64,Full r=64,sliced_lr_attnres,39,64,0.3609991669654846,2.5832347869873047,0.040363043546676636,0.045166015625,0.0634765625,0.0,0.0,41.83746337890625,0.6537103652954102,0.12060117721557617,38,43,52,0.984375,0.984375,0.96875,0.953125
Jonnester/LR-AttnRes-tail-r64,Full r=64,sliced_lr_attnres,40,64,0.2559133768081665,1.8551254272460938,0.028986334800720215,0.031494140625,0.0625,0.0,0.0,38.30413055419922,0.5985020399093628,0.10728045552968979,40,47,55,1.0,1.0,0.96875,0.953125
Jonnester/LR-AttnRes-tail-r64,Full r=64,sliced_lr_attnres,41,64,0.3538129925727844,2.500537872314453,0.03907090425491333,0.0435791015625,0.06494140625,0.0,0.0,40.23129653930664,0.6286140084266663,0.13322857022285461,36,42,51,1.0,1.0,0.984375,0.921875
Jonnester/LR-AttnRes-tail-r64,Full r=64,sliced_lr_attnres,42,64,0.38068872690200806,2.8184967041015625,0.044039011001586914,0.0419921875,0.0625,0.0,0.0,45.93373107910156,0.7177145481109619,0.0851888656616211,43,49,55,1.0,1.0,0.984375,0.96875
Jonnester/LR-AttnRes-tail-r64,Full r=64,sliced_lr_attnres,43,64,0.35943543910980225,2.549457550048828,0.03983527421951294,0.04833984375,0.06298828125,0.0,0.0,42.04930877685547,0.6570204496383667,0.1295785903930664,37,42,51,1.0,1.0,0.9375,0.890625
Jonnester/LR-AttnRes-tail-r64,Full r=64,sliced_lr_attnres,44,64,0.35873308777809143,2.6030120849609375,0.04067206382751465,0.040771484375,0.0625,0.0,0.0,42.534629821777344,0.664603590965271,0.10626786202192307,40,46,54,1.0,1.0,0.984375,0.9375
Jonnester/LR-AttnRes-tail-r64,Full r=64,sliced_lr_attnres,45,64,0.37666788697242737,2.7821731567382812,0.043471455574035645,0.045654296875,0.0654296875,0.0,0.0,45.44858169555664,0.7101340889930725,0.08767475187778473,42,48,56,1.0,1.0,0.984375,0.953125
Jonnester/LR-AttnRes-tail-r64,Full r=64,sliced_lr_attnres,46,64,0.3828294277191162,2.799274444580078,0.04373866319656372,0.0469970703125,0.0625,0.0,0.0,45.331382751464844,0.7083028554916382,0.09827613830566406,41,46,54,1.0,0.984375,0.953125,0.9375
Jonnester/LR-AttnRes-tail-r64,Full r=64,sliced_lr_attnres,47,64,0.3613854944705963,2.60809326171875,0.04075145721435547,0.0423583984375,0.0625,0.0,0.0,42.385498046875,0.6622734069824219,0.11186736077070236,40,45,53,1.0,1.0,0.984375,0.9375
Jonnester/LR-AttnRes-tail-r64,Full r=64,sliced_lr_attnres,48,64,0.3385790288448334,2.550506591796875,0.03985166549682617,0.03271484375,0.0625,0.0,0.0,43.95171356201172,0.6867455244064331,0.06671816855669022,49,55,60,1.0,1.0,0.984375,0.984375
Jonnester/LR-AttnRes-tail-r128,Full r=128,sliced_lr_attnres,1,128,0.36569228768348694,3.6279430389404297,0.028343304991722107,0.03021240234375,0.0625,0.0,0.0,69.5980453491211,0.5437347292900085,0.13505858182907104,75,86,103,1.0,0.984375,0.953125,0.890625
Jonnester/LR-AttnRes-tail-r128,Full r=128,sliced_lr_attnres,2,128,0.40741682052612305,4.333644866943359,0.033856600522994995,0.0350341796875,0.062255859375,0.0,0.0,92.03282928466797,0.7190064787864685,0.06562387943267822,91,103,116,1.0,1.0,0.9765625,0.9609375
Jonnester/LR-AttnRes-tail-r128,Full r=128,sliced_lr_attnres,3,128,0.3587588965892792,3.5605010986328125,0.027816414833068848,0.02783203125,0.0625,0.0,0.0,68.13316345214844,0.5322903394699097,0.13469573855400085,74,86,105,1.0,1.0,0.9453125,0.8984375
Jonnester/LR-AttnRes-tail-r128,Full r=128,sliced_lr_attnres,4,128,0.37745705246925354,3.96779727935791,0.030998416244983673,0.033935546875,0.0625,0.0,0.0,91.64716339111328,0.7159934639930725,0.07774034142494202,89,99,111,1.0,0.984375,0.953125,0.9375
Jonnester/LR-AttnRes-tail-r128,Full r=128,sliced_lr_attnres,5,128,0.3018275797367096,2.9617881774902344,0.023138970136642456,0.024169921875,0.060546875,0.0,0.0,67.37909698486328,0.5263991951942444,0.1455209106206894,72,83,100,1.0,0.9921875,0.9140625,0.8515625
Jonnester/LR-AttnRes-tail-r128,Full r=128,sliced_lr_attnres,6,128,0.37431228160858154,4.013847351074219,0.031358182430267334,0.0322265625,0.06201171875,0.0,0.0,94.20970916748047,0.7360133528709412,0.057249076664447784,94,103,116,1.0,1.0,0.9765625,0.9765625
Jonnester/LR-AttnRes-tail-r128,Full r=128,sliced_lr_attnres,7,128,0.3500159680843353,3.514873504638672,0.027459949254989624,0.02874755859375,0.0615234375,0.0,0.0,75.08775329589844,0.5866230726242065,0.12329903990030289,77,87,103,1.0,0.9765625,0.96875,0.8984375
Jonnester/LR-AttnRes-tail-r128,Full r=128,sliced_lr_attnres,8,128,0.4146614372730255,4.220878601074219,0.032975614070892334,0.035400390625,0.0625,0.0,0.0,81.33919525146484,0.6354624629020691,0.11001010239124298,79,90,105,1.0,1.0,0.9765625,0.8984375
Jonnester/LR-AttnRes-tail-r128,Full r=128,sliced_lr_attnres,9,128,0.42052993178367615,4.316164970397949,0.03372003883123398,0.034912109375,0.062255859375,0.0,0.0,81.66500091552734,0.6380078196525574,0.10181357711553574,81,92,109,1.0,0.9921875,0.96875,0.953125
Jonnester/LR-AttnRes-tail-r128,Full r=128,sliced_lr_attnres,10,128,0.4119032323360443,4.303165435791016,0.03361847996711731,0.0355224609375,0.0625,0.0,0.0,87.36786651611328,0.682561457157135,0.08403167873620987,85,96,112,1.0,0.9921875,0.96875,0.9609375
Jonnester/LR-AttnRes-tail-r128,Full r=128,sliced_lr_attnres,11,128,0.39234140515327454,3.9123191833496094,0.030564993619918823,0.03118896484375,0.0625,0.0,0.0,72.65435028076172,0.5676121115684509,0.1301167905330658,72,85,106,1.0,1.0,0.9609375,0.9375
Jonnester/LR-AttnRes-tail-r128,Full r=128,sliced_lr_attnres,12,128,0.41145098209381104,4.23565673828125,0.033091068267822266,0.0347900390625,0.0625,0.0,0.0,83.42588806152344,0.6517647504806519,0.09882672131061554,82,93,107,1.0,1.0,0.9609375,0.9375
Jonnester/LR-AttnRes-tail-r128,Full r=128,sliced_lr_attnres,13,128,0.5273461937904358,5.486572265625,0.04286384582519531,0.0478515625,0.0625,0.0,0.0,90.00883483886719,0.7031940221786499,0.08819231390953064,81,93,110,1.0,1.0,0.984375,0.9609375
Jonnester/LR-AttnRes-tail-r128,Full r=128,sliced_lr_attnres,14,128,0.36805593967437744,3.764601707458496,0.0294109508395195,0.0328369140625,0.0625,0.0,0.0,81.78871154785156,0.6389743089675903,0.10523539781570435,83,92,104,1.0,0.9921875,0.953125,0.9140625
Jonnester/LR-AttnRes-tail-r128,Full r=128,sliced_lr_attnres,15,128,0.39172032475471497,4.084331512451172,0.03190883994102478,0.033935546875,0.062255859375,0.0,0.0,90.11074829101562,0.7039902210235596,0.0860075056552887,89,98,108,1.0,1.0,0.9296875,0.9140625
Jonnester/LR-AttnRes-tail-r128,Full r=128,sliced_lr_attnres,16,128,0.35894301533699036,3.8311309814453125,0.029930710792541504,0.031494140625,0.0625,0.0,0.0,93.44100952148438,0.7300078868865967,0.06208628788590431,92,102,115,1.0,1.0,0.984375,0.9609375
Jonnester/LR-AttnRes-tail-r128,Full r=128,sliced_lr_attnres,17,128,0.30348849296569824,3.057961940765381,0.023890327662229538,0.0262451171875,0.050048828125,0.0,0.0,80.73108673095703,0.6307116150856018,0.12000232934951782,74,86,103,1.0,0.9921875,0.953125,0.90625
Jonnester/LR-AttnRes-tail-r128,Full r=128,sliced_lr_attnres,18,128,0.320614755153656,3.1969404220581055,0.02497609704732895,0.02655029296875,0.053955078125,0.0,0.0,74.80797576904297,0.5844373106956482,0.13015933334827423,73,85,103,1.0,0.9765625,0.9609375,0.90625
Jonnester/LR-AttnRes-tail-r128,Full r=128,sliced_lr_attnres,19,128,0.3237285912036896,3.2264480590820312,0.02520662546157837,0.02569580078125,0.05517578125,0.0,0.0,74.07377624511719,0.578701376914978,0.13062092661857605,71,83,107,1.0,1.0,0.9609375,0.9296875
Jonnester/LR-AttnRes-tail-r128,Full r=128,sliced_lr_attnres,20,128,0.35136744379997253,3.4744415283203125,0.02714407444000244,0.030029296875,0.05908203125,0.0,0.0,72.84898376464844,0.5691326856613159,0.13820116221904755,72,83,101,1.0,0.9765625,0.953125,0.890625
Jonnester/LR-AttnRes-tail-r128,Full r=128,sliced_lr_attnres,21,128,0.27989012002944946,2.7768478393554688,0.0216941237449646,0.021240234375,0.05029296875,0.0,0.0,70.8563232421875,0.5535650253295898,0.13501456379890442,71,86,106,1.0,1.0,0.953125,0.921875
Jonnester/LR-AttnRes-tail-r128,Full r=128,sliced_lr_attnres,22,128,0.31704822182655334,3.093127727508545,0.024165060371160507,0.02520751953125,0.054443359375,0.0,0.0,70.23743438720703,0.5487299561500549,0.15103118121623993,69,81,98,1.0,0.984375,0.9375,0.875
Jonnester/LR-AttnRes-tail-r128,Full r=128,sliced_lr_attnres,23,128,0.302819162607193,2.9207844734191895,0.022818628698587418,0.02099609375,0.056640625,0.0,0.0,64.41654205322266,0.503254234790802,0.1617651730775833,66,79,100,0.9921875,0.9921875,0.9375,0.875
Jonnester/LR-AttnRes-tail-r128,Full r=128,sliced_lr_attnres,24,128,0.3253380358219147,3.165508270263672,0.024730533361434937,0.02532958984375,0.056396484375,0.0,0.0,69.18722534179688,0.5405251979827881,0.15356291830539703,70,81,98,1.0,0.9765625,0.9453125,0.8828125
Jonnester/LR-AttnRes-tail-r128,Full r=128,sliced_lr_attnres,25,128,0.3295186460018158,3.2476234436035156,0.025372058153152466,0.02838134765625,0.052001953125,0.0,0.0,73.18663024902344,0.5717705488204956,0.1413699835538864,70,82,101,1.0,1.0,0.9375,0.8828125
Jonnester/LR-AttnRes-tail-r128,Full r=128,sliced_lr_attnres,26,128,0.3324494957923889,3.2821998596191406,0.025642186403274536,0.0267333984375,0.060546875,0.0,0.0,70.46803283691406,0.5505315065383911,0.13971030712127686,71,84,101,1.0,0.9921875,0.96875,0.8828125
Jonnester/LR-AttnRes-tail-r128,Full r=128,sliced_lr_attnres,27,128,0.3224007785320282,3.0883331298828125,0.024127602577209473,0.0250244140625,0.055908203125,0.0,0.0,68.25809478759766,0.5332663655281067,0.1681775599718094,66,76,94,1.0,1.0,0.90625,0.8515625
Jonnester/LR-AttnRes-tail-r128,Full r=128,sliced_lr_attnres,28,128,0.3046703338623047,2.9958391189575195,0.02340499311685562,0.0242919921875,0.053466796875,0.0,0.0,72.01830291748047,0.5626429915428162,0.14356200397014618,72,83,100,1.0,0.9921875,0.9140625,0.8671875
Jonnester/LR-AttnRes-tail-r128,Full r=128,sliced_lr_attnres,29,128,0.34116408228874207,3.413334846496582,0.026666678488254547,0.027587890625,0.05517578125,0.0,0.0,74.68700408935547,0.5834922194480896,0.12689349055290222,73,86,106,0.9921875,0.9921875,0.9609375,0.921875
Jonnester/LR-AttnRes-tail-r128,Full r=128,sliced_lr_attnres,30,128,0.35803714394569397,3.6206912994384766,0.028286650776863098,0.02972412109375,0.0625,0.0,0.0,74.6578369140625,0.5832643508911133,0.11645613610744476,77,89,107,1.0,0.9921875,0.96875,0.921875
Jonnester/LR-AttnRes-tail-r128,Full r=128,sliced_lr_attnres,31,128,0.32419535517692566,3.140852928161621,0.024537913501262665,0.02484130859375,0.062255859375,0.0,0.0,63.506134033203125,0.4961416721343994,0.15761148929595947,69,81,101,1.0,0.984375,0.9296875,0.875
Jonnester/LR-AttnRes-tail-r128,Full r=128,sliced_lr_attnres,32,128,0.2690582871437073,2.6185998916625977,0.020457811653614044,0.02032470703125,0.048583984375,0.0,0.0,67.80686950683594,0.5297411680221558,0.15331491827964783,68,80,100,1.0,0.984375,0.921875,0.875
Jonnester/LR-AttnRes-tail-r128,Full r=128,sliced_lr_attnres,33,128,0.33329105377197266,3.184147834777832,0.024876154959201813,0.0242919921875,0.0625,0.0,0.0,63.42826843261719,0.4955333471298218,0.17065177857875824,66,77,97,1.0,0.984375,0.8984375,0.8671875
Jonnester/LR-AttnRes-tail-r128,Full r=128,sliced_lr_attnres,34,128,0.33566758036613464,3.3765697479248047,0.026379451155662537,0.026123046875,0.05615234375,0.0,0.0,74.32331085205078,0.5806508660316467,0.121628537774086,76,88,107,1.0,0.9921875,0.9453125,0.9296875
Jonnester/LR-AttnRes-tail-r128,Full r=128,sliced_lr_attnres,35,128,0.3352488577365875,3.212879180908203,0.025100618600845337,0.023193359375,0.062255859375,0.0,0.0,62.34961700439453,0.4871063828468323,0.16775183379650116,63,77,102,1.0,0.984375,0.9453125,0.90625
Jonnester/LR-AttnRes-tail-r128,Full r=128,sliced_lr_attnres,36,128,0.3037950098514557,2.9611968994140625,0.023134350776672363,0.02093505859375,0.05322265625,0.0,0.0,65.94957733154297,0.5152310729026794,0.15187133848667145,68,83,104,1.0,1.0,0.953125,0.90625
Jonnester/LR-AttnRes-tail-r128,Full r=128,sliced_lr_attnres,37,128,0.3479468822479248,3.322115898132324,0.025954030454158783,0.02642822265625,0.0625,0.0,0.0,62.28029251098633,0.4865647852420807,0.17122267186641693,66,78,97,1.0,0.984375,0.90625,0.875
Jonnester/LR-AttnRes-tail-r128,Full r=128,sliced_lr_attnres,38,128,0.27876773476600647,2.7193965911865234,0.021245285868644714,0.01995849609375,0.048583984375,0.0,0.0,68.11087036132812,0.532116174697876,0.1511237472295761,69,82,101,1.0,0.9921875,0.9296875,0.8984375
Jonnester/LR-AttnRes-tail-r128,Full r=128,sliced_lr_attnres,39,128,0.36634746193885803,3.5322418212890625,0.0275956392288208,0.0277099609375,0.0625,0.0,0.0,66.38037872314453,0.5185967087745667,0.16210730373859406,68,78,98,1.0,0.9921875,0.9296875,0.8515625
Jonnester/LR-AttnRes-tail-r128,Full r=128,sliced_lr_attnres,40,128,0.30766797065734863,2.931114673614502,0.022899333387613297,0.02423095703125,0.056396484375,0.0,0.0,63.628902435302734,0.4971008002758026,0.17324824631214142,64,74,96,0.9921875,0.9921875,0.9296875,0.859375
Jonnester/LR-AttnRes-tail-r128,Full r=128,sliced_lr_attnres,41,128,0.35654452443122864,3.424222946166992,0.026751741766929626,0.0279541015625,0.0625,0.0,0.0,65.37779235839844,0.5107640027999878,0.16577878594398499,68,79,97,1.0,0.9765625,0.8984375,0.8671875
Jonnester/LR-AttnRes-tail-r128,Full r=128,sliced_lr_attnres,42,128,0.4107876420021057,4.030754089355469,0.0314902663230896,0.032470703125,0.0625,0.0,0.0,70.3039321899414,0.5492494702339172,0.14557814598083496,71,83,100,1.0,0.9921875,0.9453125,0.890625
Jonnester/LR-AttnRes-tail-r128,Full r=128,sliced_lr_attnres,43,128,0.3561546504497528,3.4247074127197266,0.026755526661872864,0.0264892578125,0.0625,0.0,0.0,64.26567077636719,0.5020755529403687,0.1646275818347931,66,79,99,1.0,0.96875,0.9296875,0.8828125
Jonnester/LR-AttnRes-tail-r128,Full r=128,sliced_lr_attnres,44,128,0.40482592582702637,3.9230775833129883,0.03064904361963272,0.0308837890625,0.0625,0.0,0.0,67.9607162475586,0.5309430956840515,0.15735673904418945,70,80,98,1.0,0.984375,0.9375,0.875
Jonnester/LR-AttnRes-tail-r128,Full r=128,sliced_lr_attnres,45,128,0.37200862169265747,3.688638687133789,0.028817489743232727,0.02960205078125,0.0625,0.0,0.0,70.9166030883789,0.5540359616279602,0.13557131588459015,70,83,105,1.0,0.9921875,0.9765625,0.9375
Jonnester/LR-AttnRes-tail-r128,Full r=128,sliced_lr_attnres,46,128,0.4045715630054474,4.051540374755859,0.03165265917778015,0.03125,0.0625,0.0,0.0,71.56507873535156,0.5591021776199341,0.1259790062904358,75,87,107,1.0,1.0,0.9765625,0.9375
Jonnester/LR-AttnRes-tail-r128,Full r=128,sliced_lr_attnres,47,128,0.36491039395332336,3.586655616760254,0.028020747005939484,0.02740478515625,0.0625,0.0,0.0,68.12970733642578,0.5322633385658264,0.14396774768829346,70,83,103,1.0,0.9921875,0.953125,0.90625
Jonnester/LR-AttnRes-tail-r128,Full r=128,sliced_lr_attnres,48,128,0.35465267300605774,3.699045181274414,0.02889879047870636,0.0311279296875,0.0625,0.0,0.0,83.29428100585938,0.6507365703582764,0.08567804843187332,87,98,112,1.0,0.9921875,0.96875,0.9296875
Jonnester/LR-AttnRes-tail-r256,Full r=256,sliced_lr_attnres,1,256,0.33214327692985535,4.504204273223877,0.01759454794228077,0.0164794921875,0.049560546875,0.0,0.0,128.1622314453125,0.500633716583252,0.1625981628894806,130,155,197,1.0,0.98046875,0.92578125,0.84375
Jonnester/LR-AttnRes-tail-r256,Full r=256,sliced_lr_attnres,2,256,0.33452582359313965,4.492351531982422,0.017548248171806335,0.01617431640625,0.046875,0.0,0.0,125.24746704101562,0.4892479181289673,0.17139917612075806,126,151,194,1.0,0.9921875,0.9140625,0.83984375
Jonnester/LR-AttnRes-tail-r256,Full r=256,sliced_lr_attnres,3,256,0.270847350358963,3.58797025680542,0.014015508815646172,0.013092041015625,0.038818359375,0.0,0.0,116.8344497680664,0.4563845694065094,0.18351967632770538,124,148,189,0.99609375,0.97265625,0.90625,0.81640625
Jonnester/LR-AttnRes-tail-r256,Full r=256,sliced_lr_attnres,4,256,0.38052165508270264,5.325948715209961,0.02080448716878891,0.02020263671875,0.06201171875,0.0,0.0,133.06561279296875,0.5197875499725342,0.1335706114768982,145,171,210,1.0,0.99609375,0.94140625,0.890625
Jonnester/LR-AttnRes-tail-r256,Full r=256,sliced_lr_attnres,5,256,0.24910175800323486,3.240750551223755,0.012659181840717793,0.0111083984375,0.039306640625,0.0,0.0,105.64785766601562,0.41268694400787354,0.1993502974510193,118,145,187,1.0,0.98046875,0.87890625,0.796875
Jonnester/LR-AttnRes-tail-r256,Full r=256,sliced_lr_attnres,6,256,0.33714011311531067,4.817935943603516,0.018820062279701233,0.01885986328125,0.037841796875,0.0,0.0,153.7577667236328,0.6006162762641907,0.11395969241857529,152,176,214,1.0,1.0,0.9609375,0.93359375
Jonnester/LR-AttnRes-tail-r256,Full r=256,sliced_lr_attnres,7,256,0.3119632601737976,4.326447486877441,0.016900185495615005,0.01617431640625,0.044921875,0.0,0.0,132.61386108398438,0.518022894859314,0.1421031951904297,143,168,203,0.99609375,0.98046875,0.921875,0.8828125
Jonnester/LR-AttnRes-tail-r256,Full r=256,sliced_lr_attnres,8,256,0.38507434725761414,5.314472198486328,0.02075965702533722,0.02117919921875,0.05029296875,0.0,0.0,133.75340270996094,0.5224742293357849,0.14658941328525543,137,163,202,1.0,0.9921875,0.9296875,0.8828125
Jonnester/LR-AttnRes-tail-r256,Full r=256,sliced_lr_attnres,9,256,0.42057129740715027,5.764408588409424,0.022517221048474312,0.021240234375,0.0537109375,0.0,0.0,128.78355407714844,0.5030607581138611,0.1529240906238556,134,160,202,1.0,0.9921875,0.9609375,0.875
Jonnester/LR-AttnRes-tail-r256,Full r=256,sliced_lr_attnres,10,256,0.3920654356479645,5.365137577056885,0.020957568660378456,0.02032470703125,0.0625,0.0,0.0,127.2478256225586,0.4970618188381195,0.15438060462474823,136,162,198,0.99609375,0.98046875,0.91796875,0.83984375
Jonnester/LR-AttnRes-tail-r256,Full r=256,sliced_lr_attnres,11,256,0.38295674324035645,5.239436149597168,0.020466547459363937,0.019775390625,0.055908203125,0.0,0.0,131.26007080078125,0.5127346515655518,0.15456435084342957,134,160,200,0.99609375,0.9765625,0.92578125,0.85546875
Jonnester/LR-AttnRes-tail-r256,Full r=256,sliced_lr_attnres,12,256,0.42478957772254944,5.905574321746826,0.02306864969432354,0.02313232421875,0.0556640625,0.0,0.0,138.42324829101562,0.5407158136367798,0.1398431807756424,141,167,203,1.0,0.98046875,0.93359375,0.890625
Jonnester/LR-AttnRes-tail-r256,Full r=256,sliced_lr_attnres,13,256,0.4718117117881775,6.332465648651123,0.02473619394004345,0.025146484375,0.0625,0.0,0.0,124.12081146240234,0.48484691977500916,0.17189368605613708,126,148,192,1.0,0.984375,0.91015625,0.8359375
Jonnester/LR-AttnRes-tail-r256,Full r=256,sliced_lr_attnres,14,256,0.40249520540237427,5.619114875793457,0.02194966748356819,0.02386474609375,0.058349609375,0.0,0.0,145.9292449951172,0.5700361132621765,0.13595333695411682,141,163,202,1.0,0.98828125,0.921875,0.86328125
Jonnester/LR-AttnRes-tail-r256,Full r=256,sliced_lr_attnres,15,256,0.4001504182815552,5.718072891235352,0.022336222231388092,0.02349853515625,0.04345703125,0.0,0.0,156.60108947753906,0.611723005771637,0.11401278525590897,147,172,214,1.0,0.99609375,0.9765625,0.93359375
Jonnester/LR-AttnRes-tail-r256,Full r=256,sliced_lr_attnres,16,256,0.3488750159740448,5.0272932052612305,0.01963786408305168,0.020263671875,0.041015625,0.0,0.0,160.51710510253906,0.6270199418067932,0.1059991866350174,158,181,216,1.0,0.96875,0.9375,0.9296875
Jonnester/LR-AttnRes-tail-r256,Full r=256,sliced_lr_attnres,17,256,0.28170645236968994,3.865825653076172,0.015100881457328796,0.014678955078125,0.03564453125,0.0,0.0,129.20985412597656,0.504725992679596,0.15180759131908417,136,163,202,1.0,0.9921875,0.9453125,0.8828125
Jonnester/LR-AttnRes-tail-r256,Full r=256,sliced_lr_attnres,18,256,0.34423673152923584,4.661081314086914,0.018207348883152008,0.017822265625,0.04443359375,0.0,0.0,129.07464599609375,0.5041978359222412,0.16397756338119507,128,154,196,1.0,0.984375,0.921875,0.83984375
Jonnester/LR-AttnRes-tail-r256,Full r=256,sliced_lr_attnres,19,256,0.29506659507751465,3.921995162963867,0.015320293605327606,0.013275146484375,0.041259765625,0.0,0.0,115.18855285644531,0.4499552845954895,0.1805400848388672,125,152,192,1.0,0.98828125,0.91015625,0.83203125
Jonnester/LR-AttnRes-tail-r256,Full r=256,sliced_lr_attnres,20,256,0.3445813059806824,4.658266544342041,0.018196353688836098,0.017822265625,0.045166015625,0.0,0.0,125.11034393310547,0.48871228098869324,0.16542479395866394,132,157,195,1.0,0.9921875,0.90625,0.83984375
Jonnester/LR-AttnRes-tail-r256,Full r=256,sliced_lr_attnres,21,256,0.2955966591835022,3.986760139465332,0.015573281794786453,0.014068603515625,0.039306640625,0.0,0.0,119.90635681152344,0.4683842062950134,0.16752249002456665,130,158,197,1.0,0.9921875,0.9375,0.859375
Jonnester/LR-AttnRes-tail-r256,Full r=256,sliced_lr_attnres,22,256,0.31481271982192993,4.348153591156006,0.016984974965453148,0.015869140625,0.0400390625,0.0,0.0,129.04312133789062,0.5040746927261353,0.14587511122226715,138,166,208,0.99609375,0.98828125,0.95703125,0.90234375
Jonnester/LR-AttnRes-tail-r256,Full r=256,sliced_lr_attnres,23,256,0.2779994308948517,3.6968326568603516,0.014440752565860748,0.013916015625,0.041259765625,0.0,0.0,114.90193176269531,0.44883567094802856,0.18013426661491394,125,149,192,1.0,0.99609375,0.89453125,0.81640625
Jonnester/LR-AttnRes-tail-r256,Full r=256,sliced_lr_attnres,24,256,0.31026703119277954,4.208837985992432,0.016440773382782936,0.01605224609375,0.038330078125,0.0,0.0,133.50543212890625,0.52150559425354,0.16231918334960938,131,154,194,0.99609375,0.9921875,0.9140625,0.8515625
Jonnester/LR-AttnRes-tail-r256,Full r=256,sliced_lr_attnres,25,256,0.34004512429237366,4.568612098693848,0.017846141010522842,0.0167236328125,0.044677734375,0.0,0.0,123.11172485351562,0.4809051752090454,0.17097924649715424,126,152,197,1.0,0.984375,0.92578125,0.875
Jonnester/LR-AttnRes-tail-r256,Full r=256,sliced_lr_attnres,26,256,0.3217528760433197,4.367718696594238,0.017061401158571243,0.015533447265625,0.049072265625,0.0,0.0,121.55960083007812,0.4748421907424927,0.16168251633644104,131,158,203,1.0,0.9921875,0.953125,0.8671875
Jonnester/LR-AttnRes-tail-r256,Full r=256,sliced_lr_attnres,27,256,0.2906680107116699,3.885776996612549,0.015178816393017769,0.0142822265625,0.041015625,0.0,0.0,119.14447021484375,0.4654080867767334,0.1754375398159027,126,150,193,0.99609375,0.984375,0.90234375,0.859375
Jonnester/LR-AttnRes-tail-r256,Full r=256,sliced_lr_attnres,28,256,0.28496238589286804,3.8453845977783203,0.015021033585071564,0.013580322265625,0.03759765625,0.0,0.0,124.17858123779297,0.4850725829601288,0.1670427918434143,127,155,199,1.0,0.984375,0.9375,0.8671875
Jonnester/LR-AttnRes-tail-r256,Full r=256,sliced_lr_attnres,29,256,0.33205780386924744,4.519904136657715,0.0176558755338192,0.01605224609375,0.042724609375,0.0,0.0,124.38914489746094,0.4858950972557068,0.1592133790254593,132,160,202,1.0,0.9921875,0.94140625,0.87890625
Jonnester/LR-AttnRes-tail-r256,Full r=256,sliced_lr_attnres,30,256,0.41689300537109375,5.693883419036865,0.022241732105612755,0.02099609375,0.0625,0.0,0.0,123.7490005493164,0.4833945333957672,0.15613994002342224,136,161,202,1.0,0.97265625,0.9375,0.8671875
Jonnester/LR-AttnRes-tail-r256,Full r=256,sliced_lr_attnres,31,256,0.32364118099212646,4.369145393371582,0.017066974192857742,0.015869140625,0.04296875,0.0,0.0,125.58318328857422,0.49055930972099304,0.1666688323020935,128,154,195,1.0,0.9921875,0.9296875,0.8515625
Jonnester/LR-AttnRes-tail-r256,Full r=256,sliced_lr_attnres,32,256,0.2878316640853882,3.8547134399414062,0.015057474374771118,0.013641357421875,0.041259765625,0.0,0.0,117.80421447753906,0.46017271280288696,0.17385005950927734,128,156,193,1.0,0.984375,0.9140625,0.83203125
Jonnester/LR-AttnRes-tail-r256,Full r=256,sliced_lr_attnres,33,256,0.3158389627933502,4.279546737670898,0.016716979444026947,0.015411376953125,0.04296875,0.0,0.0,120.3974838256836,0.47030267119407654,0.16334839165210724,132,157,199,1.0,0.9921875,0.94140625,0.8828125
Jonnester/LR-AttnRes-tail-r256,Full r=256,sliced_lr_attnres,34,256,0.32416269183158875,4.287064552307129,0.016746345907449722,0.014190673828125,0.044921875,0.0,0.0,114.22032928466797,0.44617316126823425,0.18499736487865448,122,151,195,0.9921875,0.9609375,0.90625,0.8515625
Jonnester/LR-AttnRes-tail-r256,Full r=256,sliced_lr_attnres,35,256,0.32640504837036133,4.408697128295898,0.017221473157405853,0.0169677734375,0.044921875,0.0,0.0,124.00733947753906,0.48440366983413696,0.16621138155460358,129,153,198,0.99609375,0.984375,0.92578125,0.86328125
Jonnester/LR-AttnRes-tail-r256,Full r=256,sliced_lr_attnres,36,256,0.3534020781517029,4.840415954589844,0.018907874822616577,0.0169677734375,0.04931640625,0.0,0.0,122.16287994384766,0.4771987497806549,0.15355828404426575,136,165,205,1.0,1.0,0.9453125,0.8671875
Jonnester/LR-AttnRes-tail-r256,Full r=256,sliced_lr_attnres,37,256,0.3497341573238373,4.759040832519531,0.01859000325202942,0.01788330078125,0.051025390625,0.0,0.0,123.0579605102539,0.4806951582431793,0.15949364006519318,133,160,201,1.0,0.98828125,0.94140625,0.859375
Jonnester/LR-AttnRes-tail-r256,Full r=256,sliced_lr_attnres,38,256,0.39456379413604736,5.343447685241699,0.020872842520475388,0.02099609375,0.05029296875,0.0,0.0,130.33082580566406,0.5091047883033752,0.16382192075252533,131,154,193,1.0,0.98046875,0.90234375,0.84765625
Jonnester/LR-AttnRes-tail-r256,Full r=256,sliced_lr_attnres,39,256,0.3636525273323059,4.867452621459961,0.019013486802577972,0.01702880859375,0.05712890625,0.0,0.0,112.78295135498047,0.44055840373039246,0.17433999478816986,127,155,198,1.0,0.98046875,0.921875,0.83984375
Jonnester/LR-AttnRes-tail-r256,Full r=256,sliced_lr_attnres,40,256,0.3968537151813507,5.466590881347656,0.021353870630264282,0.02069091796875,0.05322265625,0.0,0.0,134.03941345214844,0.5235914587974548,0.14834493398666382,136,162,201,1.0,0.984375,0.94921875,0.87109375
Jonnester/LR-AttnRes-tail-r256,Full r=256,sliced_lr_attnres,41,256,0.357524573802948,4.693246841430664,0.01833299547433853,0.015869140625,0.054931640625,0.0,0.0,114.22819519042969,0.44620388746261597,0.1915292739868164,117,144,187,1.0,0.98046875,0.8984375,0.79296875
Jonnester/LR-AttnRes-tail-r256,Full r=256,sliced_lr_attnres,42,256,0.3875805139541626,5.367082595825195,0.02096516638994217,0.0205078125,0.052978515625,0.0,0.0,133.4011688232422,0.5210983157157898,0.14348945021629333,138,164,206,1.0,0.9921875,0.953125,0.8984375
Jonnester/LR-AttnRes-tail-r256,Full r=256,sliced_lr_attnres,43,256,0.33725473284721375,4.546544551849365,0.017759939655661583,0.017333984375,0.04931640625,0.0,0.0,118.34688568115234,0.46229252219200134,0.16793066263198853,130,155,198,0.99609375,0.98828125,0.91796875,0.85546875
Jonnester/LR-AttnRes-tail-r256,Full r=256,sliced_lr_attnres,44,256,0.439495712518692,5.990169525146484,0.023399099707603455,0.0234375,0.0625,0.0,0.0,127.30301666259766,0.4972774088382721,0.15802383422851562,132,157,199,1.0,0.9765625,0.9375,0.85546875
Jonnester/LR-AttnRes-tail-r256,Full r=256,sliced_lr_attnres,45,256,0.34859326481819153,4.743383407592773,0.01852884143590927,0.01702880859375,0.0595703125,0.0,0.0,117.46337890625,0.45884132385253906,0.1595190018415451,133,160,204,0.99609375,0.984375,0.94140625,0.84765625
Jonnester/LR-AttnRes-tail-r256,Full r=256,sliced_lr_attnres,46,256,0.3476979732513428,4.60331916809082,0.017981715500354767,0.01678466796875,0.055419921875,0.0,0.0,113.40826416015625,0.44300103187561035,0.18403872847557068,122,146,190,1.0,0.98828125,0.875,0.81640625
Jonnester/LR-AttnRes-tail-r256,Full r=256,sliced_lr_attnres,47,256,0.35677647590637207,4.799183368682861,0.018746810033917427,0.01605224609375,0.05712890625,0.0,0.0,114.32591247558594,0.44658559560775757,0.169899120926857,127,156,202,1.0,0.98828125,0.94140625,0.85546875
Jonnester/LR-AttnRes-tail-r256,Full r=256,sliced_lr_attnres,48,256,0.3723534643650055,5.314726829528809,0.02076065167784691,0.0206298828125,0.05078125,0.0,0.0,151.4550323486328,0.5916212201118469,0.11511077731847763,151,178,214,0.99609375,0.984375,0.95703125,0.91796875
Jonnester/LR-AttnRes-tail-r512,Full r=512,sliced_lr_attnres,1,512,0.30945178866386414,5.665602684020996,0.011065630242228508,0.009765625,0.037841796875,0.0,0.0,198.09996032714844,0.3869139850139618,0.1996956467628479,235,288,376,0.998046875,0.970703125,0.88671875,0.794921875
Jonnester/LR-AttnRes-tail-r512,Full r=512,sliced_lr_attnres,2,512,0.3338359594345093,6.088900566101074,0.01189238391816616,0.010040283203125,0.039306640625,0.0,0.0,196.55751037597656,0.3839013874530792,0.202900692820549,228,282,382,0.994140625,0.978515625,0.8984375,0.798828125
Jonnester/LR-AttnRes-tail-r512,Full r=512,sliced_lr_attnres,3,512,0.25137510895729065,4.625303745269775,0.00903379637748003,0.007965087890625,0.032470703125,0.0,0.0,189.69839477539062,0.3705046772956848,0.1954652965068817,234,288,388,0.998046875,0.98828125,0.908203125,0.78515625
Jonnester/LR-AttnRes-tail-r512,Full r=512,sliced_lr_attnres,4,512,0.34538671374320984,6.472590446472168,0.012641778215765953,0.011688232421875,0.045166015625,0.0,0.0,207.5767364501953,0.4054233133792877,0.17973902821540833,250,303,392,0.998046875,0.97265625,0.8984375,0.80078125
Jonnester/LR-AttnRes-tail-r512,Full r=512,sliced_lr_attnres,5,512,0.23122642934322357,4.276464939117432,0.008352470584213734,0.0070648193359375,0.0286865234375,0.0,0.0,203.61448669433594,0.3976845443248749,0.19108660519123077,237,293,388,1.0,0.982421875,0.90234375,0.8046875
Jonnester/LR-AttnRes-tail-r512,Full r=512,sliced_lr_attnres,6,512,0.3349356949329376,6.149341106414795,0.012010431848466396,0.0098876953125,0.038818359375,0.0,0.0,198.75039672851562,0.3881843686103821,0.1973259598016739,234,293,384,0.998046875,0.974609375,0.896484375,0.8046875
Jonnester/LR-AttnRes-tail-r512,Full r=512,sliced_lr_attnres,7,512,0.3008750379085541,5.577322006225586,0.010893207043409348,0.010009765625,0.034423828125,0.0,0.0,210.4130401611328,0.4109629690647125,0.18913087248802185,243,293,381,0.99609375,0.982421875,0.888671875,0.806640625
Jonnester/LR-AttnRes-tail-r512,Full r=512,sliced_lr_attnres,8,512,0.3694118857383728,6.997337818145752,0.013666675426065922,0.012451171875,0.04443359375,0.0,0.0,223.3515625,0.4362335205078125,0.17041262984275818,254,309,398,0.994140625,0.98046875,0.923828125,0.830078125
Jonnester/LR-AttnRes-tail-r512,Full r=512,sliced_lr_attnres,9,512,0.3402249217033386,6.426405429840088,0.012551573105156422,0.011444091796875,0.042236328125,0.0,0.0,220.25405883789062,0.4301837086677551,0.1728694587945938,255,308,395,0.998046875,0.984375,0.916015625,0.8203125
Jonnester/LR-AttnRes-tail-r512,Full r=512,sliced_lr_attnres,10,512,0.4040891230106354,7.553800582885742,0.014753516763448715,0.013092041015625,0.044189453125,0.0,0.0,218.79527282714844,0.4273345172405243,0.18189936876296997,245,299,388,1.0,0.97265625,0.9140625,0.828125
Jonnester/LR-AttnRes-tail-r512,Full r=512,sliced_lr_attnres,11,512,0.3907319903373718,7.336291313171387,0.014328693971037865,0.01300048828125,0.046875,0.0,0.0,213.06967163085938,0.4161517024040222,0.17809127271175385,249,301,391,0.99609375,0.986328125,0.919921875,0.80859375
Jonnester/LR-AttnRes-tail-r512,Full r=512,sliced_lr_attnres,12,512,0.4199179410934448,7.968125820159912,0.015562745742499828,0.014892578125,0.042724609375,0.0,0.0,236.8927001953125,0.4626810550689697,0.16885888576507568,255,305,393,0.99609375,0.984375,0.9296875,0.8515625
Jonnester/LR-AttnRes-tail-r512,Full r=512,sliced_lr_attnres,13,512,0.4587186276912689,8.524871826171875,0.016650140285491943,0.014312744140625,0.05712890625,0.0,0.0,207.85433959960938,0.40596550703048706,0.18695342540740967,237,292,390,0.998046875,0.9921875,0.91015625,0.802734375
Jonnester/LR-AttnRes-tail-r512,Full r=512,sliced_lr_attnres,14,512,0.3845774531364441,7.1231842041015625,0.013912469148635864,0.012725830078125,0.044921875,0.0,0.0,214.42544555664062,0.4187996983528137,0.18981973826885223,241,292,379,1.0,0.966796875,0.900390625,0.802734375
Jonnester/LR-AttnRes-tail-r512,Full r=512,sliced_lr_attnres,15,512,0.33673328161239624,6.325720310211182,0.012354922480881214,0.011322021484375,0.037353515625,0.0,0.0,216.4894256591797,0.4228309094905853,0.17763866484165192,251,303,391,0.99609375,0.98828125,0.921875,0.837890625
Jonnester/LR-AttnRes-tail-r512,Full r=512,sliced_lr_attnres,16,512,0.34884050488471985,6.712497711181641,0.013110347092151642,0.013275146484375,0.03369140625,0.0,0.0,252.9459686279297,0.49403509497642517,0.15651915967464447,263,312,398,0.998046875,0.990234375,0.94140625,0.869140625
Jonnester/LR-AttnRes-tail-r512,Full r=512,sliced_lr_attnres,17,512,0.28373149037361145,5.293355464935303,0.010338584892451763,0.009521484375,0.0299072265625,0.0,0.0,210.83160400390625,0.4117804765701294,0.1836189180612564,248,301,387,0.998046875,0.98828125,0.91015625,0.83984375
Jonnester/LR-AttnRes-tail-r512,Full r=512,sliced_lr_attnres,18,512,0.36318373680114746,6.737740993499756,0.01315965037792921,0.011627197265625,0.03857421875,0.0,0.0,218.06430053710938,0.42590683698654175,0.18844306468963623,241,295,379,1.0,0.9921875,0.8984375,0.806640625
Jonnester/LR-AttnRes-tail-r512,Full r=512,sliced_lr_attnres,19,512,0.2856983244419098,5.352824687957764,0.010454735718667507,0.009307861328125,0.0277099609375,0.0,0.0,226.52682495117188,0.44243520498275757,0.1799328774213791,245,299,384,0.99609375,0.982421875,0.921875,0.833984375
Jonnester/LR-AttnRes-tail-r512,Full r=512,sliced_lr_attnres,20,512,0.3215720057487488,5.942145347595215,0.011605752632021904,0.010498046875,0.038818359375,0.0,0.0,205.9556884765625,0.40225720405578613,0.1918393075466156,240,293,377,0.99609375,0.986328125,0.896484375,0.78125
Jonnester/LR-AttnRes-tail-r512,Full r=512,sliced_lr_attnres,21,512,0.3127065896987915,5.833477020263672,0.011393509805202484,0.01080322265625,0.037353515625,0.0,0.0,212.5908966064453,0.4152165949344635,0.18368452787399292,244,295,384,0.998046875,0.986328125,0.908203125,0.802734375
Jonnester/LR-AttnRes-tail-r512,Full r=512,sliced_lr_attnres,22,512,0.29828983545303345,5.527836799621582,0.010796556249260902,0.00933837890625,0.0390625,0.0,0.0,196.4922332763672,0.38377389311790466,0.1893732249736786,242,298,391,0.998046875,0.986328125,0.9140625,0.794921875
Jonnester/LR-AttnRes-tail-r512,Full r=512,sliced_lr_attnres,23,512,0.31637927889823914,5.8995561599731445,0.011522570624947548,0.00982666015625,0.04052734375,0.0,0.0,201.5246124267578,0.39360275864601135,0.18404029309749603,246,305,394,1.0,0.9921875,0.904296875,0.814453125
Jonnester/LR-AttnRes-tail-r512,Full r=512,sliced_lr_attnres,24,512,0.2994188070297241,5.541208744049072,0.010822673328220844,0.009429931640625,0.034423828125,0.0,0.0,205.56610107421875,0.4014962911605835,0.19053910672664642,240,294,384,0.998046875,0.98046875,0.900390625,0.81640625
Jonnester/LR-AttnRes-tail-r512,Full r=512,sliced_lr_attnres,25,512,0.3395800292491913,6.347809314727783,0.012398065067827702,0.0113525390625,0.0361328125,0.0,0.0,222.052978515625,0.4336972236633301,0.1819126009941101,243,295,384,0.998046875,0.982421875,0.9140625,0.828125
Jonnester/LR-AttnRes-tail-r512,Full r=512,sliced_lr_attnres,26,512,0.33337604999542236,6.1939849853515625,0.01209762692451477,0.0106201171875,0.042724609375,0.0,0.0,209.55316162109375,0.40928351879119873,0.18716253340244293,242,297,382,0.998046875,0.9765625,0.880859375,0.783203125
Jonnester/LR-AttnRes-tail-r512,Full r=512,sliced_lr_attnres,27,512,0.3095126748085022,5.804229736328125,0.01133638620376587,0.0103759765625,0.037353515625,0.0,0.0,219.548583984375,0.4288058280944824,0.17915292084217072,248,299,388,0.994140625,0.974609375,0.900390625,0.814453125
Jonnester/LR-AttnRes-tail-r512,Full r=512,sliced_lr_attnres,28,512,0.33749330043792725,6.209564685821533,0.012128056026995182,0.010772705078125,0.0400390625,0.0,0.0,199.9617462158203,0.39055028557777405,0.1955084204673767,234,286,384,0.994140625,0.978515625,0.90625,0.802734375
Jonnester/LR-AttnRes-tail-r512,Full r=512,sliced_lr_attnres,29,512,0.30382704734802246,5.670354843139648,0.011074911803007126,0.009429931640625,0.03271484375,0.0,0.0,210.33030700683594,0.41080138087272644,0.1833004653453827,244,302,392,1.0,0.994140625,0.921875,0.837890625
Jonnester/LR-AttnRes-tail-r512,Full r=512,sliced_lr_attnres,30,512,0.3973791003227234,7.554603099822998,0.014755084179341793,0.013763427734375,0.049560546875,0.0,0.0,217.9371795654297,0.42565855383872986,0.16721111536026,258,314,403,0.998046875,0.98828125,0.9140625,0.845703125
Jonnester/LR-AttnRes-tail-r512,Full r=512,sliced_lr_attnres,31,512,0.3269023895263672,6.061356067657471,0.011838586069643497,0.010833740234375,0.033935546875,0.0,0.0,211.01937866210938,0.4121472239494324,0.18890951573848724,245,297,378,1.0,0.9921875,0.90234375,0.80859375
Jonnester/LR-AttnRes-tail-r512,Full r=512,sliced_lr_attnres,32,512,0.3365074098110199,6.347393035888672,0.012397252023220062,0.01141357421875,0.03857421875,0.0,0.0,222.10977172851562,0.4338081479072571,0.17407768964767456,254,307,392,0.99609375,0.984375,0.912109375,0.837890625
Jonnester/LR-AttnRes-tail-r512,Full r=512,sliced_lr_attnres,33,512,0.326171338558197,6.060742378234863,0.011837387457489967,0.0103759765625,0.041748046875,0.0,0.0,198.42750549316406,0.38755372166633606,0.1870749592781067,245,302,391,0.99609375,0.974609375,0.8984375,0.806640625
Jonnester/LR-AttnRes-tail-r512,Full r=512,sliced_lr_attnres,34,512,0.3601861298084259,6.677509784698486,0.013042011298239231,0.011810302734375,0.040771484375,0.0,0.0,203.77389526367188,0.39799588918685913,0.18903616070747375,242,297,386,0.998046875,0.986328125,0.91015625,0.8203125
Jonnester/LR-AttnRes-tail-r512,Full r=512,sliced_lr_attnres,35,512,0.33791208267211914,6.194858551025391,0.012099333107471466,0.01068115234375,0.04052734375,0.0,0.0,200.98435974121094,0.3925475776195526,0.1985750049352646,236,288,373,1.0,0.98046875,0.87890625,0.7734375
Jonnester/LR-AttnRes-tail-r512,Full r=512,sliced_lr_attnres,36,512,0.3527153432369232,6.686143398284912,0.013058873824775219,0.012481689453125,0.039794921875,0.0,0.0,228.3324737548828,0.4459618628025055,0.1697482019662857,256,305,396,0.998046875,0.982421875,0.93359375,0.84765625
Jonnester/LR-AttnRes-tail-r512,Full r=512,sliced_lr_attnres,37,512,0.3673677444458008,6.7950029373168945,0.01327149011194706,0.01171875,0.04541015625,0.0,0.0,203.89112854003906,0.3982248604297638,0.19100555777549744,239,291,386,0.998046875,0.978515625,0.908203125,0.80078125
Jonnester/LR-AttnRes-tail-r512,Full r=512,sliced_lr_attnres,38,512,0.36550864577293396,6.848374366760254,0.013375731185078621,0.01214599609375,0.038330078125,0.0,0.0,222.9342803955078,0.4354185163974762,0.17990395426750183,245,297,387,0.998046875,0.984375,0.927734375,0.828125
Jonnester/LR-AttnRes-tail-r512,Full r=512,sliced_lr_attnres,39,512,0.35574406385421753,6.714412212371826,0.013114086352288723,0.011871337890625,0.0419921875,0.0,0.0,217.7697296142578,0.4253315031528473,0.17353619635105133,253,308,398,0.998046875,0.986328125,0.912109375,0.84375
Jonnester/LR-AttnRes-tail-r512,Full r=512,sliced_lr_attnres,40,512,0.3857913315296173,7.175265312194824,0.014014190062880516,0.012054443359375,0.04736328125,0.0,0.0,204.5283203125,0.39946937561035156,0.18627241253852844,240,298,392,0.99609375,0.990234375,0.916015625,0.8203125
Jonnester/LR-AttnRes-tail-r512,Full r=512,sliced_lr_attnres,41,512,0.3960505425930023,7.523219108581543,0.014693787321448326,0.01385498046875,0.042724609375,0.0,0.0,229.10874938964844,0.4474780261516571,0.1679263412952423,258,309,395,0.998046875,0.990234375,0.9296875,0.849609375
Jonnester/LR-AttnRes-tail-r512,Full r=512,sliced_lr_attnres,42,512,0.336911141872406,6.295351505279541,0.012295608408749104,0.011077880859375,0.03857421875,0.0,0.0,217.60638427734375,0.425012469291687,0.1822650134563446,247,299,382,1.0,0.982421875,0.904296875,0.802734375
Jonnester/LR-AttnRes-tail-r512,Full r=512,sliced_lr_attnres,43,512,0.34738078713417053,6.429627895355225,0.012557866983115673,0.011383056640625,0.039794921875,0.0,0.0,208.6759796142578,0.4075702726840973,0.19043143093585968,239,290,380,0.994140625,0.974609375,0.9140625,0.802734375
Jonnester/LR-AttnRes-tail-r512,Full r=512,sliced_lr_attnres,44,512,0.437082439661026,8.156099319458008,0.01592988148331642,0.014923095703125,0.052490234375,0.0,0.0,213.75840759277344,0.4174968898296356,0.18342895805835724,250,300,384,0.994140625,0.9609375,0.89453125,0.796875
Jonnester/LR-AttnRes-tail-r512,Full r=512,sliced_lr_attnres,45,512,0.3519301414489746,6.469121932983398,0.0126350037753582,0.010711669921875,0.04443359375,0.0,0.0,194.693115234375,0.38025999069213867,0.19630549848079681,231,288,389,1.0,0.986328125,0.91796875,0.79296875
Jonnester/LR-AttnRes-tail-r512,Full r=512,sliced_lr_attnres,46,512,0.39259371161460876,7.478536605834961,0.014606516808271408,0.013641357421875,0.040771484375,0.0,0.0,237.34603881835938,0.46356648206710815,0.16545522212982178,257,309,394,0.998046875,0.994140625,0.94140625,0.849609375
Jonnester/LR-AttnRes-tail-r512,Full r=512,sliced_lr_attnres,47,512,0.3508104085922241,6.543144702911377,0.012779579497873783,0.011077880859375,0.043701171875,0.0,0.0,210.74520874023438,0.41161173582077026,0.18383631110191345,246,300,388,0.998046875,0.984375,0.90625,0.8046875
Jonnester/LR-AttnRes-tail-r512,Full r=512,sliced_lr_attnres,48,512,0.36821332573890686,7.014840126037598,0.013700859621167183,0.013885498046875,0.04248046875,0.0,0.0,238.87965393066406,0.46656182408332825,0.16536395251750946,260,309,389,0.998046875,0.97265625,0.904296875,0.826171875
Jonnester/LR-AttnRes-tail-r64-n4,n=4 r=64,sliced_lr_attnres,1,64,0.30525562167167664,2.34405517578125,0.03662586212158203,0.0367431640625,0.059814453125,0.0,0.0,49.84589767456055,0.7788421511650085,0.04585845023393631,48,54,60,1.0,1.0,1.0,1.0
Jonnester/LR-AttnRes-tail-r64-n4,n=4 r=64,sliced_lr_attnres,2,64,0.21095575392246246,1.4813671112060547,0.023146361112594604,0.02496337890625,0.052001953125,0.0,0.0,37.21653747558594,0.5815083980560303,0.13969005644321442,37,42,51,1.0,0.984375,0.953125,0.890625
Jonnester/LR-AttnRes-tail-r64-n4,n=4 r=64,sliced_lr_attnres,3,64,0.29962125420570374,2.1952056884765625,0.03430008888244629,0.036376953125,0.05908203125,0.0,0.0,43.38488006591797,0.6778887510299683,0.09619971364736557,41,47,55,1.0,1.0,0.984375,0.9375
Jonnester/LR-AttnRes-tail-r64-n4,n=4 r=64,sliced_lr_attnres,4,64,0.19463126361370087,1.3201024532318115,0.020626600831747055,0.01849365234375,0.05615234375,0.0,0.0,28.67455291748047,0.4480398893356323,0.17391689121723175,34,40,51,1.0,0.984375,0.953125,0.859375
Jonnester/LR-AttnRes-tail-r64-n4,n=4 r=64,sliced_lr_attnres,5,64,0.3118870258331299,2.254058837890625,0.035219669342041016,0.0361328125,0.0625,0.0,0.0,40.21239471435547,0.6283186674118042,0.1104051023721695,39,46,55,1.0,1.0,0.984375,0.953125
Jonnester/LR-AttnRes-tail-r64-n4,n=4 r=64,sliced_lr_attnres,6,64,0.20846620202064514,1.3641548156738281,0.021314918994903564,0.01776123046875,0.06201171875,0.0,0.0,23.681194305419922,0.3700186610221863,0.20803287625312805,31,39,50,1.0,1.0,0.96875,0.84375
Jonnester/LR-AttnRes-tail-r64-n4,n=4 r=64,sliced_lr_attnres,7,64,0.331957072019577,2.4557037353515625,0.038370370864868164,0.0380859375,0.0625,0.0,0.0,45.143470764160156,0.7053667306900024,0.08604935556650162,44,49,55,1.0,0.984375,0.96875,0.9375
Jonnester/LR-AttnRes-tail-r64-n4,n=4 r=64,sliced_lr_attnres,8,64,0.17536643147468567,1.1367378234863281,0.017761528491973877,0.0157470703125,0.046875,0.0,0.0,25.9127140045166,0.4048861563205719,0.21684686839580536,30,37,47,1.0,0.96875,0.875,0.8125
Jonnester/LR-AttnRes-tail-r64-n4,n=4 r=64,sliced_lr_attnres,9,64,0.3428501486778259,2.5070114135742188,0.03917205333709717,0.0421142578125,0.0625,0.0,0.0,43.02085494995117,0.6722008585929871,0.09824772924184799,41,47,55,1.0,1.0,0.96875,0.96875
Jonnester/LR-AttnRes-tail-r64-n4,n=4 r=64,sliced_lr_attnres,10,64,0.21388393640518188,1.4603023529052734,0.022817224264144897,0.0216064453125,0.057373046875,0.0,0.0,30.438003540039062,0.47559380531311035,0.16749347746372223,34,41,51,1.0,0.984375,0.9375,0.890625
Jonnester/LR-AttnRes-tail-r64-n4,n=4 r=64,sliced_lr_attnres,11,64,0.2955035865306854,2.0694923400878906,0.03233581781387329,0.0340576171875,0.0625,0.0,0.0,37.11368179321289,0.5799012780189514,0.14238956570625305,37,42,51,1.0,1.0,0.953125,0.890625
Jonnester/LR-AttnRes-tail-r64-n4,n=4 r=64,sliced_lr_attnres,12,64,0.16494496166706085,1.0351452827453613,0.01617414504289627,0.01409912109375,0.04931640625,0.0,0.0,24.608680725097656,0.3845106363296509,0.2463284283876419,27,33,44,1.0,0.921875,0.84375,0.75
Jonnester/LR-AttnRes-tail-r64-n4,n=4 r=64,sliced_lr_attnres,13,64,0.2540024220943451,1.7701606750488281,0.02765876054763794,0.026123046875,0.061279296875,0.0,0.0,34.67641067504883,0.5418189167976379,0.14727571606636047,37,42,51,0.984375,0.984375,0.9375,0.890625
Jonnester/LR-AttnRes-tail-r64-n4,n=4 r=64,sliced_lr_attnres,14,64,0.29868119955062866,2.1858654022216797,0.034154146909713745,0.036865234375,0.0625,0.0,0.0,42.43762969970703,0.6630879640579224,0.0973728746175766,41,46,57,1.0,0.984375,0.96875,0.953125
Jonnester/LR-AttnRes-tail-r64-n4,n=4 r=64,sliced_lr_attnres,15,64,0.2601858675479889,1.8625164031982422,0.029101818799972534,0.03057861328125,0.059814453125,0.0,0.0,38.5406494140625,0.6021976470947266,0.12022753804922104,39,45,53,1.0,0.984375,0.96875,0.921875
Jonnester/LR-AttnRes-tail-r64-n4,n=4 r=64,sliced_lr_attnres,16,64,0.29826366901397705,2.1402664184570312,0.03344166278839111,0.0347900390625,0.0625,0.0,0.0,38.915184020996094,0.608049750328064,0.11774955689907074,39,44,54,1.0,1.0,0.96875,0.921875
Jonnester/LR-AttnRes-tail-r64-n4,n=4 r=64,sliced_lr_attnres,17,64,0.29211777448654175,2.0892562866210938,0.03264462947845459,0.031982421875,0.0625,0.0,0.0,39.13245391845703,0.6114445924758911,0.12112821638584137,38,45,53,1.0,1.0,0.984375,0.9375
Jonnester/LR-AttnRes-tail-r64-n4,n=4 r=64,sliced_lr_attnres,18,64,0.31652265787124634,2.279552459716797,0.03561800718307495,0.039794921875,0.0625,0.0,0.0,41.66437530517578,0.6510058641433716,0.1140197366476059,40,44,52,1.0,0.984375,0.984375,0.953125
Jonnester/LR-AttnRes-tail-r64-n4,n=4 r=64,sliced_lr_attnres,19,64,0.2917274236679077,2.045902729034424,0.03196723014116287,0.0335693359375,0.0625,0.0,0.0,37.97895431518555,0.5934211611747742,0.1409910023212433,36,42,51,0.984375,0.984375,0.921875,0.890625
Jonnester/LR-AttnRes-tail-r64-n4,n=4 r=64,sliced_lr_attnres,20,64,0.2957838177680969,2.1272659301757812,0.03323853015899658,0.03564453125,0.0625,0.0,0.0,39.70317459106445,0.6203621029853821,0.11543403565883636,39,44,54,1.0,1.0,0.953125,0.953125
Jonnester/LR-AttnRes-tail-r64-n4,n=4 r=64,sliced_lr_attnres,21,64,0.3111359179019928,2.242259979248047,0.03503531217575073,0.0380859375,0.0625,0.0,0.0,40.91181564331055,0.6392471194267273,0.11333008855581284,40,45,54,1.0,1.0,0.9375,0.921875
Jonnester/LR-AttnRes-tail-r64-n4,n=4 r=64,sliced_lr_attnres,22,64,0.3402613401412964,2.5118560791015625,0.039247751235961914,0.0384521484375,0.0625,0.0,0.0,44.04578399658203,0.6882153749465942,0.0882660299539566,43,49,55,1.0,1.0,0.984375,0.953125
Jonnester/LR-AttnRes-tail-r64-n4,n=4 r=64,sliced_lr_attnres,23,64,0.3476918637752533,2.5041232109069824,0.0391269251704216,0.04345703125,0.0625,0.0,0.0,43.326324462890625,0.676973819732666,0.11398090422153473,39,44,53,1.0,0.96875,0.953125,0.90625
Jonnester/LR-AttnRes-tail-r64-n4,n=4 r=64,sliced_lr_attnres,24,64,0.3278639018535614,2.4462890625,0.0382232666015625,0.0400390625,0.0625,0.0,0.0,45.24644088745117,0.7069756388664246,0.07695797830820084,44,50,57,1.0,1.0,1.0,0.96875
Jonnester/LR-AttnRes-tail-r64-n4,n=4 r=64,sliced_lr_attnres,25,64,0.31950172781944275,2.318182945251465,0.03622160851955414,0.0345458984375,0.0625,0.0,0.0,41.719173431396484,0.6518620848655701,0.10634006559848785,42,48,54,1.0,0.984375,0.953125,0.9375
Jonnester/LR-AttnRes-tail-r64-n4,n=4 r=64,sliced_lr_attnres,26,64,0.2705875337123871,1.9801177978515625,0.030939340591430664,0.033203125,0.0625,0.0,0.0,41.50502395629883,0.6485159993171692,0.09745059907436371,43,47,54,1.0,1.0,0.96875,0.953125
Jonnester/LR-AttnRes-tail-r64-n4,n=4 r=64,sliced_lr_attnres,27,64,0.32585614919662476,2.3345565795898438,0.03647744655609131,0.0367431640625,0.0625,0.0,0.0,40.31020736694336,0.62984699010849,0.11937461793422699,39,45,52,1.0,1.0,0.984375,0.921875
Jonnester/LR-AttnRes-tail-r64-n4,n=4 r=64,sliced_lr_attnres,28,64,0.331312894821167,2.479766845703125,0.03874635696411133,0.03662109375,0.0625,0.0,0.0,45.08650588989258,0.7044766545295715,0.07361895591020584,45,51,58,1.0,1.0,1.0,0.96875
Jonnester/LR-AttnRes-tail-r64-n4,n=4 r=64,sliced_lr_attnres,29,64,0.29687488079071045,2.134429931640625,0.033350467681884766,0.0355224609375,0.0625,0.0,0.0,39.58128356933594,0.618457555770874,0.11576264351606369,39,44,53,1.0,1.0,1.0,0.96875
Jonnester/LR-AttnRes-tail-r64-n4,n=4 r=64,sliced_lr_attnres,30,64,0.28264832496643066,2.0295515060424805,0.03171174228191376,0.0330810546875,0.0625,0.0,0.0,39.16603088378906,0.6119692325592041,0.11707387864589691,41,46,53,1.0,0.984375,0.953125,0.890625
Jonnester/LR-AttnRes-tail-r64-n4,n=4 r=64,sliced_lr_attnres,31,64,0.30420225858688354,2.1710853576660156,0.033923208713531494,0.037841796875,0.0625,0.0,0.0,40.33572769165039,0.6302457451820374,0.12328863143920898,39,44,52,0.984375,0.96875,0.953125,0.9375
Jonnester/LR-AttnRes-tail-r64-n4,n=4 r=64,sliced_lr_attnres,32,64,0.24886256456375122,1.7634429931640625,0.027553796768188477,0.029541015625,0.0625,0.0,0.0,36.166419982910156,0.5651003122329712,0.13056980073451996,39,45,53,1.0,1.0,0.953125,0.890625
Jonnester/LR-AttnRes-tail-r64-n4,n=4 r=64,sliced_lr_attnres,33,64,0.3315333425998688,2.37457275390625,0.037102699279785156,0.0399169921875,0.0625,0.0,0.0,40.56203842163086,0.6337818503379822,0.11965785920619965,38,44,52,1.0,1.0,1.0,0.96875
Jonnester/LR-AttnRes-tail-r64-n4,n=4 r=64,sliced_lr_attnres,34,64,0.29002249240875244,2.040740966796875,0.03188657760620117,0.03125,0.0625,0.0,0.0,34.66355514526367,0.5416180491447449,0.13764402270317078,37,43,55,1.0,1.0,0.96875,0.9375
Jonnester/LR-AttnRes-tail-r64-n4,n=4 r=64,sliced_lr_attnres,35,64,0.35281094908714294,2.5458831787109375,0.0397794246673584,0.044189453125,0.0625,0.0,0.0,43.57841110229492,0.6809126734733582,0.11200026422739029,40,45,52,1.0,1.0,0.9375,0.90625
Jonnester/LR-AttnRes-tail-r64-n4,n=4 r=64,sliced_lr_attnres,36,64,0.24659079313278198,1.6981124877929688,0.026533007621765137,0.02606201171875,0.0625,0.0,0.0,30.85218048095703,0.4820653200149536,0.15909168124198914,34,42,52,1.0,1.0,0.96875,0.90625
Jonnester/LR-AttnRes-tail-r64-n4,n=4 r=64,sliced_lr_attnres,37,64,0.34618473052978516,2.5218048095703125,0.03940320014953613,0.042724609375,0.0625,0.0,0.0,43.72415542602539,0.6831899285316467,0.10220514237880707,41,45,53,1.0,1.0,0.984375,0.953125
Jonnester/LR-AttnRes-tail-r64-n4,n=4 r=64,sliced_lr_attnres,38,64,0.3230751156806946,2.2494354248046875,0.03514742851257324,0.0352783203125,0.0625,0.0,0.0,38.40536117553711,0.6000837683677673,0.14820323884487152,37,42,49,1.0,0.984375,0.921875,0.859375
Jonnester/LR-AttnRes-tail-r64-n4,n=4 r=64,sliced_lr_attnres,39,64,0.3764909505844116,2.7023773193359375,0.04222464561462402,0.05078125,0.06298828125,0.0,0.0,44.04918670654297,0.6882685422897339,0.11745691299438477,39,44,50,1.0,1.0,0.984375,0.9375
Jonnester/LR-AttnRes-tail-r64-n4,n=4 r=64,sliced_lr_attnres,40,64,0.31450697779655457,2.1749134063720703,0.0339830219745636,0.0347900390625,0.0625,0.0,0.0,36.37830352783203,0.5684109926223755,0.15495565533638,35,41,50,1.0,0.953125,0.90625,0.875
Jonnester/LR-AttnRes-tail-r64-n4,n=4 r=64,sliced_lr_attnres,41,64,0.37367552518844604,2.6607131958007812,0.04157364368438721,0.049072265625,0.0625,0.0,0.0,43.41146469116211,0.678304135799408,0.12565946578979492,39,43,49,1.0,1.0,0.96875,0.921875
Jonnester/LR-AttnRes-tail-r64-n4,n=4 r=64,sliced_lr_attnres,42,64,0.3372402787208557,2.3367767333984375,0.036512136459350586,0.0362548828125,0.0625,0.0,0.0,36.76348114013672,0.5744293928146362,0.15298353135585785,33,40,51,1.0,1.0,0.984375,0.890625
Jonnester/LR-AttnRes-tail-r64-n4,n=4 r=64,sliced_lr_attnres,43,64,0.3736349642276764,2.650461196899414,0.041413456201553345,0.0479736328125,0.0634765625,0.0,0.0,43.10728073120117,0.6735512614250183,0.12946878373622894,38,43,49,1.0,0.984375,0.953125,0.875
Jonnester/LR-AttnRes-tail-r64-n4,n=4 r=64,sliced_lr_attnres,44,64,0.35545650124549866,2.555389404296875,0.03992795944213867,0.0440673828125,0.0625,0.0,0.0,41.70439910888672,0.651631236076355,0.11585208028554916,38,43,53,1.0,0.984375,0.96875,0.96875
Jonnester/LR-AttnRes-tail-r64-n4,n=4 r=64,sliced_lr_attnres,45,64,0.3571487367153168,2.557373046875,0.039958953857421875,0.041748046875,0.06298828125,0.0,0.0,41.84557342529297,0.6538370847702026,0.11992474645376205,39,44,51,1.0,1.0,0.984375,0.9375
Jonnester/LR-AttnRes-tail-r64-n4,n=4 r=64,sliced_lr_attnres,46,64,0.364169180393219,2.5755538940429688,0.04024302959442139,0.044921875,0.0625,0.0,0.0,41.2092399597168,0.643894374370575,0.13251277804374695,37,42,50,1.0,1.0,0.953125,0.90625
Jonnester/LR-AttnRes-tail-r64-n4,n=4 r=64,sliced_lr_attnres,47,64,0.2884579002857208,2.0473251342773438,0.031989455223083496,0.0321044921875,0.0625,0.0,0.0,36.397987365722656,0.5687185525894165,0.1289309710264206,40,46,54,1.0,0.984375,0.9375,0.890625
Jonnester/LR-AttnRes-tail-r64-n4,n=4 r=64,sliced_lr_attnres,48,64,0.358247846364975,2.6941566467285156,0.04209619760513306,0.0386962890625,0.0625,0.0,0.0,46.11323547363281,0.7205193042755127,0.06851843744516373,48,55,60,1.0,1.0,0.96875,0.96875
Jonnester/LR-AttnRes-tail-r64-n8,n=8 r=64,sliced_lr_attnres,1,64,0.31005558371543884,2.3362808227539062,0.036504387855529785,0.038330078125,0.0625,0.0,0.0,46.51634216308594,0.7268178462982178,0.06642307341098785,45,51,58,1.0,1.0,0.984375,0.984375
Jonnester/LR-AttnRes-tail-r64-n8,n=8 r=64,sliced_lr_attnres,2,64,0.22287850081920624,1.6134777069091797,0.025210589170455933,0.0272216796875,0.047119140625,0.0,0.0,41.179012298583984,0.6434220671653748,0.10867568105459213,40,46,54,1.0,0.984375,0.953125,0.9375
Jonnester/LR-AttnRes-tail-r64-n8,n=8 r=64,sliced_lr_attnres,3,64,0.3216778039932251,2.3893280029296875,0.03733325004577637,0.03857421875,0.0625,0.0,0.0,45.21228790283203,0.7064419984817505,0.08175631612539291,44,49,56,1.0,1.0,0.984375,0.953125
Jonnester/LR-AttnRes-tail-r64-n8,n=8 r=64,sliced_lr_attnres,4,64,0.22647710144519806,1.4993438720703125,0.023427248001098633,0.020263671875,0.060791015625,0.0,0.0,28.114938735961914,0.4392959177494049,0.19710159301757812,31,38,49,1.0,0.984375,0.90625,0.84375
Jonnester/LR-AttnRes-tail-r64-n8,n=8 r=64,sliced_lr_attnres,5,64,0.3555205464363098,2.6093292236328125,0.040770769119262695,0.0430908203125,0.0625,0.0,0.0,44.884918212890625,0.701326847076416,0.09436266869306564,42,47,54,1.0,1.0,0.96875,0.96875
Jonnester/LR-AttnRes-tail-r64-n8,n=8 r=64,sliced_lr_attnres,6,64,0.1461392492055893,0.9656848907470703,0.015088826417922974,0.01385498046875,0.04931640625,0.0,0.0,23.955081939697266,0.3742981553077698,0.198860302567482,32,39,50,1.0,0.96875,0.90625,0.84375
Jonnester/LR-AttnRes-tail-r64-n8,n=8 r=64,sliced_lr_attnres,7,64,0.2412099540233612,1.6432437896728516,0.025675684213638306,0.02655029296875,0.0625,0.0,0.0,31.369935989379883,0.49015524983406067,0.16964223980903625,34,40,51,1.0,0.96875,0.921875,0.90625
Jonnester/LR-AttnRes-tail-r64-n8,n=8 r=64,sliced_lr_attnres,8,64,0.20930922031402588,1.4774246215820312,0.02308475971221924,0.02337646484375,0.044921875,0.0,0.0,37.299354553222656,0.582802414894104,0.13448940217494965,37,44,52,1.0,0.984375,0.953125,0.90625
Jonnester/LR-AttnRes-tail-r64-n8,n=8 r=64,sliced_lr_attnres,9,64,0.20891426503658295,1.4226741790771484,0.022229284048080444,0.02081298828125,0.050048828125,0.0,0.0,32.62699508666992,0.5097967982292175,0.1700218766927719,33,40,50,1.0,0.984375,0.96875,0.890625
Jonnester/LR-AttnRes-tail-r64-n8,n=8 r=64,sliced_lr_attnres,10,64,0.23992322385311127,1.7614974975585938,0.027523398399353027,0.0306396484375,0.04833984375,0.0,0.0,44.102210998535156,0.6890970468521118,0.09401117265224457,42,47,55,1.0,1.0,0.984375,0.953125
Jonnester/LR-AttnRes-tail-r64-n8,n=8 r=64,sliced_lr_attnres,11,64,0.2622808814048767,1.8058013916015625,0.028215646743774414,0.028076171875,0.0625,0.0,0.0,32.25182342529297,0.5039347410202026,0.15928705036640167,33,40,53,1.0,1.0,0.984375,0.9375
Jonnester/LR-AttnRes-tail-r64-n8,n=8 r=64,sliced_lr_attnres,12,64,0.3017420172691345,2.1957550048828125,0.034308671951293945,0.038330078125,0.0625,0.0,0.0,43.73447799682617,0.6833512187004089,0.1032959371805191,41,46,53,1.0,1.0,0.984375,0.90625
Jonnester/LR-AttnRes-tail-r64-n8,n=8 r=64,sliced_lr_attnres,13,64,0.2569594979286194,1.783327341079712,0.0278644897043705,0.02972412109375,0.0625,0.0,0.0,34.81875228881836,0.5440430045127869,0.1514127552509308,36,42,50,0.984375,0.984375,0.953125,0.890625
Jonnester/LR-AttnRes-tail-r64-n8,n=8 r=64,sliced_lr_attnres,14,64,0.3109411597251892,2.3249740600585938,0.03632771968841553,0.0379638671875,0.0625,0.0,0.0,46.8035774230957,0.7313058972358704,0.0746835321187973,45,50,57,1.0,1.0,0.984375,0.953125
Jonnester/LR-AttnRes-tail-r64-n8,n=8 r=64,sliced_lr_attnres,15,64,0.24508142471313477,1.715198278427124,0.026799973100423813,0.02972412109375,0.053466796875,0.0,0.0,38.39739990234375,0.5999593734741211,0.14307382702827454,37,42,50,0.984375,0.96875,0.921875,0.890625
Jonnester/LR-AttnRes-tail-r64-n8,n=8 r=64,sliced_lr_attnres,16,64,0.2543416917324066,1.8332233428955078,0.02864411473274231,0.032470703125,0.056884765625,0.0,0.0,42.303977966308594,0.6609996557235718,0.11318308860063553,41,45,52,1.0,0.984375,0.921875,0.90625
Jonnester/LR-AttnRes-tail-r64-n8,n=8 r=64,sliced_lr_attnres,17,64,0.2977728545665741,2.1589508056640625,0.03373360633850098,0.03564453125,0.0625,0.0,0.0,41.2691535949707,0.6448305249214172,0.10709606111049652,39,45,54,1.0,1.0,1.0,0.96875
Jonnester/LR-AttnRes-tail-r64-n8,n=8 r=64,sliced_lr_attnres,18,64,0.35940220952033997,2.6928672790527344,0.042076051235198975,0.0455322265625,0.0625,0.0,0.0,48.23037338256836,0.7535995841026306,0.07248163223266602,44,49,56,1.0,1.0,0.984375,0.96875
Jonnester/LR-AttnRes-tail-r64-n8,n=8 r=64,sliced_lr_attnres,19,64,0.34144362807273865,2.5138092041015625,0.039278268814086914,0.041015625,0.0625,0.0,0.0,44.013545989990234,0.6877116560935974,0.09110049158334732,42,48,55,1.0,1.0,0.984375,0.96875
Jonnester/LR-AttnRes-tail-r64-n8,n=8 r=64,sliced_lr_attnres,20,64,0.3152533173561096,2.3014016151428223,0.0359594002366066,0.0335693359375,0.0625,0.0,0.0,40.61499786376953,0.6346093416213989,0.09997626394033432,44,49,55,1.0,0.984375,0.96875,0.9375
Jonnester/LR-AttnRes-tail-r64-n8,n=8 r=64,sliced_lr_attnres,21,64,0.2753911316394806,1.9045677185058594,0.029758870601654053,0.031005859375,0.06201171875,0.0,0.0,36.201499938964844,0.5656484365463257,0.1548765003681183,33,39,51,1.0,0.984375,0.9375,0.90625
Jonnester/LR-AttnRes-tail-r64-n8,n=8 r=64,sliced_lr_attnres,22,64,0.2981528341770172,2.159404754638672,0.03374069929122925,0.037109375,0.0625,0.0,0.0,41.63962936401367,0.6506192088127136,0.10819857567548752,40,46,54,1.0,0.984375,0.9375,0.921875
Jonnester/LR-AttnRes-tail-r64-n8,n=8 r=64,sliced_lr_attnres,23,64,0.3559373915195465,2.497882843017578,0.03902941942214966,0.046875,0.0625,0.0,0.0,41.136756896972656,0.6427618265151978,0.14032016694545746,37,41,49,1.0,0.984375,0.9375,0.890625
Jonnester/LR-AttnRes-tail-r64-n8,n=8 r=64,sliced_lr_attnres,24,64,0.3208081126213074,2.359649658203125,0.03686952590942383,0.039306640625,0.0625,0.0,0.0,44.67000198364258,0.6979687809944153,0.09209565073251724,43,48,54,1.0,1.0,0.984375,0.921875
Jonnester/LR-AttnRes-tail-r64-n8,n=8 r=64,sliced_lr_attnres,25,64,0.35074660181999207,2.598621368408203,0.040603458881378174,0.0447998046875,0.0625,0.0,0.0,46.5966796875,0.7280731201171875,0.08445310592651367,43,48,55,1.0,1.0,0.984375,0.953125
Jonnester/LR-AttnRes-tail-r64-n8,n=8 r=64,sliced_lr_attnres,26,64,0.3047780692577362,2.2307891845703125,0.03485608100891113,0.0367431640625,0.0625,0.0,0.0,41.64651107788086,0.6507267355918884,0.09723015874624252,40,47,56,1.0,1.0,1.0,0.96875
Jonnester/LR-AttnRes-tail-r64-n8,n=8 r=64,sliced_lr_attnres,27,64,0.31453800201416016,2.2308740615844727,0.034857407212257385,0.0390625,0.0625,0.0,0.0,39.706214904785156,0.6204096078872681,0.12963683903217316,38,44,52,0.984375,0.984375,0.953125,0.90625
Jonnester/LR-AttnRes-tail-r64-n8,n=8 r=64,sliced_lr_attnres,28,64,0.3272022604942322,2.4045257568359375,0.03757071495056152,0.0390625,0.0625,0.0,0.0,43.39323806762695,0.6780193448066711,0.09303651750087738,42,47,55,1.0,1.0,0.96875,0.953125
Jonnester/LR-AttnRes-tail-r64-n8,n=8 r=64,sliced_lr_attnres,29,64,0.33475983142852783,2.4188270568847656,0.03779417276382446,0.0394287109375,0.0625,0.0,0.0,42.89033508300781,0.6701614856719971,0.11063439399003983,41,46,52,0.984375,0.984375,0.9375,0.90625
Jonnester/LR-AttnRes-tail-r64-n8,n=8 r=64,sliced_lr_attnres,30,64,0.2855815291404724,2.038909912109375,0.031857967376708984,0.0318603515625,0.0625,0.0,0.0,36.61607360839844,0.5721261501312256,0.12292827665805817,39,45,54,1.0,1.0,0.984375,0.9375
Jonnester/LR-AttnRes-tail-r64-n8,n=8 r=64,sliced_lr_attnres,31,64,0.37466442584991455,2.7448902130126953,0.042888909578323364,0.044921875,0.0625,0.0,0.0,45.31593322753906,0.7080614566802979,0.0962480828166008,41,47,54,1.0,0.96875,0.953125,0.953125
Jonnester/LR-AttnRes-tail-r64-n8,n=8 r=64,sliced_lr_attnres,32,64,0.3003022372722626,2.124835968017578,0.03320056200027466,0.0341796875,0.0625,0.0,0.0,37.9411735534668,0.5928308367729187,0.1320488154888153,38,44,52,1.0,1.0,0.9375,0.90625
Jonnester/LR-AttnRes-tail-r64-n8,n=8 r=64,sliced_lr_attnres,33,64,0.3478381037712097,2.517608642578125,0.0393376350402832,0.0421142578125,0.0625,0.0,0.0,42.57046890258789,0.6651635766029358,0.10887499898672104,40,45,53,1.0,1.0,1.0,0.953125
Jonnester/LR-AttnRes-tail-r64-n8,n=8 r=64,sliced_lr_attnres,34,64,0.33946582674980164,2.409454345703125,0.03764772415161133,0.041259765625,0.0625,0.0,0.0,41.20725631713867,0.6438633799552917,0.128888338804245,38,44,51,1.0,1.0,0.9375,0.890625
Jonnester/LR-AttnRes-tail-r64-n8,n=8 r=64,sliced_lr_attnres,35,64,0.35738202929496765,2.6556549072265625,0.04149460792541504,0.0443115234375,0.064453125,0.0,0.0,46.29977035522461,0.7234339118003845,0.08130604773759842,43,48,56,1.0,1.0,0.984375,0.96875
Jonnester/LR-AttnRes-tail-r64-n8,n=8 r=64,sliced_lr_attnres,36,64,0.2907284200191498,2.122039794921875,0.0331568717956543,0.0347900390625,0.05908203125,0.0,0.0,41.13704299926758,0.6427662968635559,0.1001364141702652,40,46,56,1.0,1.0,1.0,0.984375
Jonnester/LR-AttnRes-tail-r64-n8,n=8 r=64,sliced_lr_attnres,37,64,0.3804885149002075,2.8159332275390625,0.04399895668029785,0.0506591796875,0.0625,0.0,0.0,47.34360122680664,0.7397437691688538,0.0855947881937027,42,47,55,1.0,0.984375,0.984375,0.984375
Jonnester/LR-AttnRes-tail-r64-n8,n=8 r=64,sliced_lr_attnres,38,64,0.33259469270706177,2.42034912109375,0.037817955017089844,0.041015625,0.0625,0.0,0.0,41.94548797607422,0.6553982496261597,0.10326099395751953,40,45,55,1.0,1.0,1.0,0.96875
Jonnester/LR-AttnRes-tail-r64-n8,n=8 r=64,sliced_lr_attnres,39,64,0.38107773661613464,2.8487548828125,0.04451179504394531,0.04931640625,0.0625,0.0,0.0,47.67817306518555,0.7449714541435242,0.0749254897236824,43,49,56,1.0,1.0,0.984375,0.96875
Jonnester/LR-AttnRes-tail-r64-n8,n=8 r=64,sliced_lr_attnres,40,64,0.3441583812236786,2.5507659912109375,0.0398557186126709,0.040283203125,0.0625,0.0,0.0,44.763099670410156,0.6994234323501587,0.08405644446611404,43,48,57,1.0,1.0,0.96875,0.96875
Jonnester/LR-AttnRes-tail-r64-n8,n=8 r=64,sliced_lr_attnres,41,64,0.3765356242656708,2.757568359375,0.043087005615234375,0.048828125,0.0625,0.0,0.0,44.78984069824219,0.6998412609100342,0.09663915634155273,40,45,54,1.0,1.0,1.0,0.984375
Jonnester/LR-AttnRes-tail-r64-n8,n=8 r=64,sliced_lr_attnres,42,64,0.36329737305641174,2.604724884033203,0.0406988263130188,0.0467529296875,0.0625,0.0,0.0,43.5969123840332,0.6812017560005188,0.11861753463745117,39,44,50,1.0,1.0,0.984375,0.9375
Jonnester/LR-AttnRes-tail-r64-n8,n=8 r=64,sliced_lr_attnres,43,64,0.3697968125343323,2.7188262939453125,0.04248166084289551,0.0447998046875,0.0625,0.0,0.0,45.28972244262695,0.7076519131660461,0.09254046529531479,42,48,55,1.0,1.0,0.953125,0.9375
Jonnester/LR-AttnRes-tail-r64-n8,n=8 r=64,sliced_lr_attnres,44,64,0.3833020329475403,2.86480712890625,0.044762611389160156,0.0452880859375,0.0625,0.0,0.0,47.11212158203125,0.7361268997192383,0.07513999938964844,43,49,57,1.0,1.0,0.984375,0.984375
Jonnester/LR-AttnRes-tail-r64-n8,n=8 r=64,sliced_lr_attnres,45,64,0.34525778889656067,2.499359130859375,0.039052486419677734,0.0416259765625,0.0625,0.0,0.0,41.20621871948242,0.6438471674919128,0.10869856923818588,39,44,55,1.0,1.0,1.0,0.984375
Jonnester/LR-AttnRes-tail-r64-n8,n=8 r=64,sliced_lr_attnres,46,64,0.39147672057151794,2.8672103881835938,0.04480016231536865,0.05078125,0.0634765625,0.0,0.0,45.87236022949219,0.7167556285858154,0.09655870497226715,41,46,54,1.0,1.0,0.96875,0.953125
Jonnester/LR-AttnRes-tail-r64-n8,n=8 r=64,sliced_lr_attnres,47,64,0.34692445397377014,2.4544830322265625,0.03835129737854004,0.0352783203125,0.06298828125,0.0,0.0,38.72196578979492,0.6050307154655457,0.132145956158638,37,43,54,1.0,1.0,0.9375,0.9375
Jonnester/LR-AttnRes-tail-r64-n8,n=8 r=64,sliced_lr_attnres,48,64,0.3590390384197235,2.6690673828125,0.04170417785644531,0.0361328125,0.06298828125,0.0,0.0,42.893978118896484,0.6702184081077576,0.08086858689785004,44,51,59,1.0,1.0,1.0,1.0
Jonnester/LR-AttnRes-tail-r64-n16,n=16 r=64,sliced_lr_attnres,1,64,0.3186761736869812,2.436054229736328,0.03806334733963013,0.0389404296875,0.060546875,0.0,0.0,50.813758850097656,0.7939649820327759,0.050815172493457794,48,53,59,1.0,0.984375,0.96875,0.96875
Jonnester/LR-AttnRes-tail-r64-n16,n=16 r=64,sliced_lr_attnres,2,64,0.20345832407474518,1.4932861328125,0.023332595825195312,0.02490234375,0.03955078125,0.0,0.0,44.307621002197266,0.6923065781593323,0.09435449540615082,41,47,55,1.0,1.0,0.96875,0.9375
Jonnester/LR-AttnRes-tail-r64-n16,n=16 r=64,sliced_lr_attnres,3,64,0.33810827136039734,2.4801578521728516,0.038752466440200806,0.0423583984375,0.0625,0.0,0.0,46.177677154541016,0.7215262055397034,0.09494352340698242,43,48,54,1.0,0.984375,0.9375,0.921875
Jonnester/LR-AttnRes-tail-r64-n16,n=16 r=64,sliced_lr_attnres,4,64,0.216072216629982,1.63275146484375,0.025511741638183594,0.027099609375,0.043701171875,0.0,0.0,47.21797561645508,0.7377808690071106,0.06335598975419998,44,50,59,1.0,1.0,1.0,1.0
Jonnester/LR-AttnRes-tail-r64-n16,n=16 r=64,sliced_lr_attnres,5,64,0.20442228019237518,1.3651199340820312,0.02132999897003174,0.020263671875,0.055419921875,0.0,0.0,28.833499908447266,0.4505234360694885,0.18886558711528778,33,39,48,1.0,0.96875,0.921875,0.84375
Jonnester/LR-AttnRes-tail-r64-n16,n=16 r=64,sliced_lr_attnres,6,64,0.2521604299545288,1.7497749328613281,0.027340233325958252,0.03082275390625,0.06005859375,0.0,0.0,35.76114273071289,0.5587678551673889,0.15155233442783356,36,41,50,1.0,0.984375,0.921875,0.875
Jonnester/LR-AttnRes-tail-r64-n16,n=16 r=64,sliced_lr_attnres,7,64,0.31141197681427,2.2751922607421875,0.03554987907409668,0.0389404296875,0.0625,0.0,0.0,42.226417541503906,0.6597877740859985,0.09913533180952072,40,46,56,1.0,1.0,0.984375,0.953125
Jonnester/LR-AttnRes-tail-r64-n16,n=16 r=64,sliced_lr_attnres,8,64,0.22471792995929718,1.653273582458496,0.025832399725914,0.02960205078125,0.047607421875,0.0,0.0,43.78168869018555,0.6840888857841492,0.09184204041957855,42,48,56,1.0,0.984375,0.96875,0.9375
Jonnester/LR-AttnRes-tail-r64-n16,n=16 r=64,sliced_lr_attnres,9,64,0.24490045011043549,1.6892662048339844,0.026394784450531006,0.02801513671875,0.0625,0.0,0.0,33.925411224365234,0.5300845503807068,0.15746185183525085,36,41,49,1.0,0.984375,0.9375,0.875
Jonnester/LR-AttnRes-tail-r64-n16,n=16 r=64,sliced_lr_attnres,10,64,0.2727552056312561,2.0111541748046875,0.03142428398132324,0.0333251953125,0.059814453125,0.0,0.0,43.73086166381836,0.6832947134971619,0.08950328826904297,43,48,55,1.0,1.0,0.984375,0.953125
Jonnester/LR-AttnRes-tail-r64-n16,n=16 r=64,sliced_lr_attnres,11,64,0.2664138674736023,1.8994255065917969,0.029678523540496826,0.0322265625,0.06005859375,0.0,0.0,39.773921966552734,0.6214675307273865,0.12434224039316177,40,45,51,1.0,0.984375,0.921875,0.875
Jonnester/LR-AttnRes-tail-r64-n16,n=16 r=64,sliced_lr_attnres,12,64,0.28187859058380127,2.0513572692871094,0.032052457332611084,0.0355224609375,0.061767578125,0.0,0.0,42.38977813720703,0.6623402833938599,0.10322148352861404,42,47,54,1.0,1.0,0.953125,0.921875
Jonnester/LR-AttnRes-tail-r64-n16,n=16 r=64,sliced_lr_attnres,13,64,0.3020680546760559,2.1521263122558594,0.0336269736289978,0.0362548828125,0.06201171875,0.0,0.0,40.656002044677734,0.6352500319480896,0.1250513643026352,40,45,51,1.0,0.984375,0.90625,0.84375
Jonnester/LR-AttnRes-tail-r64-n16,n=16 r=64,sliced_lr_attnres,14,64,0.2865958511829376,2.10626220703125,0.03291034698486328,0.03466796875,0.059326171875,0.0,0.0,44.38120651245117,0.6934563517570496,0.09296546876430511,43,48,55,1.0,1.0,0.96875,0.9375
Jonnester/LR-AttnRes-tail-r64-n16,n=16 r=64,sliced_lr_attnres,15,64,0.3199414312839508,2.324014186859131,0.03631272166967392,0.0396728515625,0.0625,0.0,0.0,43.080753326416016,0.6731367707252502,0.10516084730625153,41,46,54,1.0,0.984375,0.953125,0.90625
Jonnester/LR-AttnRes-tail-r64-n16,n=16 r=64,sliced_lr_attnres,16,64,0.28708773851394653,2.1613616943359375,0.03377127647399902,0.032470703125,0.0625,0.0,0.0,43.083351135253906,0.6731773614883423,0.06734637171030045,48,53,58,1.0,1.0,1.0,0.984375
Jonnester/LR-AttnRes-tail-r64-n16,n=16 r=64,sliced_lr_attnres,17,64,0.26691141724586487,1.8616275787353516,0.029087930917739868,0.03082275390625,0.054443359375,0.0,0.0,37.36811828613281,0.5838768482208252,0.14647115767002106,35,40,52,1.0,0.984375,0.953125,0.9375
Jonnester/LR-AttnRes-tail-r64-n16,n=16 r=64,sliced_lr_attnres,18,64,0.3145919740200043,2.324047088623047,0.03631323575973511,0.0399169921875,0.0625,0.0,0.0,45.35975646972656,0.7087461948394775,0.08750050514936447,44,49,55,1.0,0.984375,0.9375,0.9375
Jonnester/LR-AttnRes-tail-r64-n16,n=16 r=64,sliced_lr_attnres,19,64,0.30679598450660706,2.2247390747070312,0.03476154804229736,0.0382080078125,0.0625,0.0,0.0,41.48545455932617,0.6482102274894714,0.1069248765707016,40,45,55,1.0,1.0,0.953125,0.9375
Jonnester/LR-AttnRes-tail-r64-n16,n=16 r=64,sliced_lr_attnres,20,64,0.31779029965400696,2.4138736724853516,0.03771677613258362,0.0350341796875,0.0625,0.0,0.0,47.61066818237305,0.7439166903495789,0.0577419139444828,50,55,59,1.0,0.984375,0.96875,0.96875
Jonnester/LR-AttnRes-tail-r64-n16,n=16 r=64,sliced_lr_attnres,21,64,0.3282981812953949,2.358057975769043,0.036844655871391296,0.0418701171875,0.0625,0.0,0.0,42.07499313354492,0.6574217677116394,0.1167612075805664,39,44,52,1.0,0.984375,0.984375,0.9375
Jonnester/LR-AttnRes-tail-r64-n16,n=16 r=64,sliced_lr_attnres,22,64,0.3574223816394806,2.742462158203125,0.04285097122192383,0.041015625,0.0625,0.0,0.0,49.70411682128906,0.7766268253326416,0.04673017933964729,49,54,60,1.0,1.0,1.0,0.984375
Jonnester/LR-AttnRes-tail-r64-n16,n=16 r=64,sliced_lr_attnres,23,64,0.317310094833374,2.3066577911376953,0.03604152798652649,0.037841796875,0.0625,0.0,0.0,41.74416732788086,0.6522526144981384,0.10436970740556717,41,46,54,1.0,0.984375,0.984375,0.953125
Jonnester/LR-AttnRes-tail-r64-n16,n=16 r=64,sliced_lr_attnres,24,64,0.3130570352077484,2.2846527099609375,0.03569769859313965,0.03857421875,0.0625,0.0,0.0,42.91343688964844,0.6705224514007568,0.10030283033847809,41,46,54,1.0,1.0,1.0,0.953125
Jonnester/LR-AttnRes-tail-r64-n16,n=16 r=64,sliced_lr_attnres,25,64,0.31822696328163147,2.345216989517212,0.036644015461206436,0.0386962890625,0.0625,0.0,0.0,45.640403747558594,0.713131308555603,0.09005192667245865,45,49,54,0.984375,0.984375,0.96875,0.953125
Jonnester/LR-AttnRes-tail-r64-n16,n=16 r=64,sliced_lr_attnres,26,64,0.26831120252609253,1.951913833618164,0.030498653650283813,0.033935546875,0.05419921875,0.0,0.0,44.240413665771484,0.6912564635276794,0.10359811782836914,41,46,53,1.0,0.984375,0.953125,0.90625
Jonnester/LR-AttnRes-tail-r64-n16,n=16 r=64,sliced_lr_attnres,27,64,0.31319767236709595,2.281839370727539,0.0356537401676178,0.0384521484375,0.0625,0.0,0.0,43.983421325683594,0.6872409582138062,0.1020541861653328,42,47,54,1.0,0.984375,0.921875,0.921875
Jonnester/LR-AttnRes-tail-r64-n16,n=16 r=64,sliced_lr_attnres,28,64,0.3206945061683655,2.2992916107177734,0.03592643141746521,0.0369873046875,0.0625,0.0,0.0,40.71219253540039,0.6361280083656311,0.11861065775156021,40,45,52,1.0,0.984375,0.96875,0.9375
Jonnester/LR-AttnRes-tail-r64-n16,n=16 r=64,sliced_lr_attnres,29,64,0.3289574086666107,2.3970794677734375,0.03745436668395996,0.041259765625,0.0625,0.0,0.0,42.84431076049805,0.669442355632782,0.101871557533741,40,46,55,1.0,1.0,0.96875,0.9375
Jonnester/LR-AttnRes-tail-r64-n16,n=16 r=64,sliced_lr_attnres,30,64,0.2967087924480438,2.065826416015625,0.03227853775024414,0.0325927734375,0.0625,0.0,0.0,36.94915771484375,0.5773305892944336,0.14821842312812805,36,41,49,1.0,1.0,0.984375,0.90625
Jonnester/LR-AttnRes-tail-r64-n16,n=16 r=64,sliced_lr_attnres,31,64,0.3549957573413849,2.6185455322265625,0.04091477394104004,0.041748046875,0.0625,0.0,0.0,44.266414642333984,0.6916627287864685,0.08910389989614487,42,48,56,1.0,1.0,0.984375,0.953125
Jonnester/LR-AttnRes-tail-r64-n16,n=16 r=64,sliced_lr_attnres,32,64,0.2700403034687042,1.9534063339233398,0.030521973967552185,0.03106689453125,0.0625,0.0,0.0,40.52354049682617,0.6331803202629089,0.10946308076381683,41,47,54,1.0,0.984375,0.9375,0.9375
Jonnester/LR-AttnRes-tail-r64-n16,n=16 r=64,sliced_lr_attnres,33,64,0.3528269827365875,2.5143585205078125,0.03928685188293457,0.040771484375,0.0625,0.0,0.0,40.06134796142578,0.6259585618972778,0.12481123954057693,36,43,53,1.0,1.0,1.0,0.953125
Jonnester/LR-AttnRes-tail-r64-n16,n=16 r=64,sliced_lr_attnres,34,64,0.3352859616279602,2.4986495971679688,0.03904139995574951,0.0406494140625,0.062255859375,0.0,0.0,46.8560676574707,0.7321260571479797,0.07824373245239258,44,49,56,1.0,1.0,0.96875,0.953125
Jonnester/LR-AttnRes-tail-r64-n16,n=16 r=64,sliced_lr_attnres,35,64,0.33447790145874023,2.350749969482422,0.03673046827316284,0.03955078125,0.0625,0.0,0.0,38.94540786743164,0.6085219979286194,0.13884033262729645,37,42,51,1.0,1.0,0.953125,0.90625
Jonnester/LR-AttnRes-tail-r64-n16,n=16 r=64,sliced_lr_attnres,36,64,0.30539438128471375,2.1357879638671875,0.033371686935424805,0.0361328125,0.0625,0.0,0.0,37.0277099609375,0.5785579681396484,0.1437799632549286,36,42,50,1.0,1.0,0.96875,0.9375
Jonnester/LR-AttnRes-tail-r64-n16,n=16 r=64,sliced_lr_attnres,37,64,0.35604315996170044,2.5347137451171875,0.039604902267456055,0.0433349609375,0.0625,0.0,0.0,41.2299690246582,0.6442182660102844,0.12584011256694794,38,43,52,1.0,1.0,0.96875,0.890625
Jonnester/LR-AttnRes-tail-r64-n16,n=16 r=64,sliced_lr_attnres,38,64,0.32681670784950256,2.3729476928710938,0.03707730770111084,0.0399169921875,0.0625,0.0,0.0,41.66978073120117,0.6510903239250183,0.10560131072998047,40,46,54,1.0,1.0,0.984375,0.953125
Jonnester/LR-AttnRes-tail-r64-n16,n=16 r=64,sliced_lr_attnres,39,64,0.3565427362918854,2.530681610107422,0.03954190015792847,0.0433349609375,0.0625,0.0,0.0,41.45698165893555,0.6477653384208679,0.12888070940971375,38,43,52,1.0,0.984375,0.90625,0.890625
Jonnester/LR-AttnRes-tail-r64-n16,n=16 r=64,sliced_lr_attnres,40,64,0.30517682433128357,2.1305694580078125,0.03329014778137207,0.037353515625,0.0625,0.0,0.0,38.23442459106445,0.5974128842353821,0.14551053941249847,38,43,49,1.0,0.984375,0.90625,0.859375
Jonnester/LR-AttnRes-tail-r64-n16,n=16 r=64,sliced_lr_attnres,41,64,0.34501394629478455,2.4416122436523438,0.03815019130706787,0.0416259765625,0.0625,0.0,0.0,40.13741683959961,0.6271471381187439,0.13187845051288605,37,43,51,1.0,0.984375,0.984375,0.90625
Jonnester/LR-AttnRes-tail-r64-n16,n=16 r=64,sliced_lr_attnres,42,64,0.34490570425987244,2.5910186767578125,0.04048466682434082,0.04345703125,0.0625,0.0,0.0,47.91428756713867,0.7486607432365417,0.06967823952436447,45,50,57,1.0,1.0,0.96875,0.96875
Jonnester/LR-AttnRes-tail-r64-n16,n=16 r=64,sliced_lr_attnres,43,64,0.3440811336040497,2.52142333984375,0.039397239685058594,0.0433349609375,0.0625,0.0,0.0,43.5927734375,0.6811370849609375,0.09600134938955307,41,47,55,1.0,1.0,0.984375,0.96875
Jonnester/LR-AttnRes-tail-r64-n16,n=16 r=64,sliced_lr_attnres,44,64,0.3880535364151001,2.8738842010498047,0.0449044406414032,0.0501708984375,0.0625,0.0,0.0,47.97487258911133,0.7496073842048645,0.08487197011709213,43,49,55,1.0,0.96875,0.9375,0.9375
Jonnester/LR-AttnRes-tail-r64-n16,n=16 r=64,sliced_lr_attnres,45,64,0.3321510851383209,2.359832763671875,0.03687238693237305,0.041015625,0.0625,0.0,0.0,39.976131439208984,0.6246270537376404,0.12790046632289886,37,43,52,1.0,1.0,0.953125,0.921875
Jonnester/LR-AttnRes-tail-r64-n16,n=16 r=64,sliced_lr_attnres,46,64,0.3814227283000946,2.8022308349609375,0.04378485679626465,0.049072265625,0.0625,0.0,0.0,45.84527587890625,0.7163324356079102,0.09331642091274261,42,47,54,1.0,1.0,0.984375,0.96875
Jonnester/LR-AttnRes-tail-r64-n16,n=16 r=64,sliced_lr_attnres,47,64,0.31411799788475037,2.1827774047851562,0.034105896949768066,0.0322265625,0.0625,0.0,0.0,35.227657318115234,0.5504321455955505,0.15015581250190735,36,42,51,1.0,1.0,0.96875,0.921875
Jonnester/LR-AttnRes-tail-r64-n16,n=16 r=64,sliced_lr_attnres,48,64,0.32560598850250244,2.3849258422851562,0.037264466285705566,0.03125,0.0625,0.0,0.0,39.191688537597656,0.6123701333999634,0.09648915380239487,44,50,58,1.0,1.0,0.984375,0.96875
Jonnester/LR-AttnRes-Full-16,Full r=16,lr_attnres,1,16,0.2504897117614746,1.001953125,0.0626220703125,0.0625,0.06298828125,0.0,0.0,15.999267578125,0.9999542236328125,7.62939453125e-06,15,16,16,1.0,1.0,1.0,1.0
Jonnester/LR-AttnRes-Full-16,Full r=16,lr_attnres,2,16,0.13612297177314758,0.5102081298828125,0.03188800811767578,0.03173828125,0.06201171875,0.0,0.0,10.723932266235352,0.6702457666397095,0.0839529037475586,13,14,15,1.0,1.0,0.9375,0.9375
Jonnester/LR-AttnRes-Full-16,Full r=16,lr_attnres,3,16,0.19576884806156158,0.7569580078125,0.04730987548828125,0.0472412109375,0.0625,0.0,0.0,13.057611465454102,0.8161007165908813,0.04446975514292717,13,14,16,1.0,1.0,1.0,1.0
Jonnester/LR-AttnRes-Full-16,Full r=16,lr_attnres,4,16,0.20563852787017822,0.78167724609375,0.048854827880859375,0.058349609375,0.0625,0.0,0.0,12.577911376953125,0.7861194610595703,0.06626009941101074,12,13,15,1.0,1.0,1.0,1.0
Jonnester/LR-AttnRes-Full-16,Full r=16,lr_attnres,5,16,0.2042730748653412,0.77044677734375,0.048152923583984375,0.0550537109375,0.0625,0.0,0.0,12.534648895263672,0.7834155559539795,0.07611632347106934,11,13,15,1.0,1.0,1.0,0.9375
Jonnester/LR-AttnRes-Full-16,Full r=16,lr_attnres,6,16,0.241837278008461,0.96142578125,0.060089111328125,0.0625,0.06298828125,0.0,0.0,15.494623184204102,0.9684139490127563,0.008164326660335064,14,15,16,1.0,1.0,1.0,1.0
Jonnester/LR-AttnRes-Full-16,Full r=16,lr_attnres,7,16,0.22005625069141388,0.823516845703125,0.05146980285644531,0.0625,0.0625,0.0,0.0,12.82982349395752,0.801863968372345,0.08589950948953629,12,12,14,1.0,1.0,1.0,0.9375
Jonnester/LR-AttnRes-Full-16,Full r=16,lr_attnres,8,16,0.22543108463287354,0.8841552734375,0.05525970458984375,0.0625,0.0625,0.0,0.0,14.394250869750977,0.899640679359436,0.025978485122323036,13,14,16,1.0,1.0,1.0,1.0
Jonnester/LR-AttnRes-Full-16,Full r=16,lr_attnres,9,16,0.2175641506910324,0.818634033203125,0.05116462707519531,0.0625,0.0634765625,0.0,0.0,12.944511413574219,0.8090319633483887,0.07909170538187027,12,12,14,1.0,1.0,1.0,0.9375
Jonnester/LR-AttnRes-Full-16,Full r=16,lr_attnres,10,16,0.23164249956607819,0.91650390625,0.057281494140625,0.062255859375,0.0625,0.0,0.0,14.952376365661621,0.9345235228538513,0.01448512077331543,13,15,16,1.0,1.0,1.0,1.0
Jonnester/LR-AttnRes-Full-16,Full r=16,lr_attnres,11,16,0.22859881818294525,0.89111328125,0.055694580078125,0.0625,0.06298828125,0.0,0.0,14.335601806640625,0.8959751129150391,0.03394882008433342,13,14,15,1.0,1.0,1.0,1.0
Jonnester/LR-AttnRes-Full-16,Full r=16,lr_attnres,12,16,0.20628249645233154,0.80322265625,0.050201416015625,0.051513671875,0.0625,0.0,0.0,13.47885799407959,0.8424286246299744,0.035400230437517166,13,15,16,1.0,1.0,1.0,1.0
Jonnester/LR-AttnRes-Full-16,Full r=16,lr_attnres,13,16,0.22339580953121185,0.8505859375,0.05316162109375,0.0625,0.0625,0.0,0.0,13.449440002441406,0.8405900001525879,0.06415709108114243,12,13,15,1.0,1.0,1.0,1.0
Jonnester/LR-AttnRes-Full-16,Full r=16,lr_attnres,14,16,0.21093100309371948,0.80987548828125,0.050617218017578125,0.0623779296875,0.0625,0.0,0.0,13.034213066101074,0.8146383166313171,0.053490638732910156,12,14,15,1.0,1.0,1.0,1.0
Jonnester/LR-AttnRes-Full-16,Full r=16,lr_attnres,15,16,0.22934390604496002,0.88873291015625,0.055545806884765625,0.0625,0.0625,0.0,0.0,14.231149673461914,0.8894468545913696,0.04162995144724846,13,14,15,1.0,1.0,1.0,1.0
Jonnester/LR-AttnRes-Full-16,Full r=16,lr_attnres,16,16,0.21712256968021393,0.842529296875,0.0526580810546875,0.0537109375,0.08203125,0.0,0.0,12.963838577270508,0.8102399110794067,0.039856117218732834,13,14,16,1.0,1.0,1.0,1.0
Jonnester/LR-AttnRes-Full-16,Full r=16,lr_attnres,17,16,0.23007377982139587,0.9066162109375,0.05666351318359375,0.0625,0.0625,0.0,0.0,14.819645881652832,0.926227867603302,0.019818147644400597,13,14,16,1.0,1.0,1.0,1.0
Jonnester/LR-AttnRes-Full-16,Full r=16,lr_attnres,18,16,0.20906293392181396,0.804931640625,0.0503082275390625,0.0625,0.0625,0.0,0.0,12.867362976074219,0.8042101860046387,0.04993724822998047,12,14,16,1.0,1.0,1.0,1.0
Jonnester/LR-AttnRes-Full-16,Full r=16,lr_attnres,19,16,0.22885161638259888,0.864837646484375,0.05405235290527344,0.0625,0.06298828125,0.0,0.0,13.693414688110352,0.855838418006897,0.07365592569112778,13,13,14,1.0,1.0,1.0,0.9375
Jonnester/LR-AttnRes-Full-16,Full r=16,lr_attnres,20,16,0.2143564373254776,0.809814453125,0.0506134033203125,0.0625,0.0625,0.0,0.0,12.792152404785156,0.7995095252990723,0.07403755187988281,11,13,15,1.0,1.0,1.0,1.0
Jonnester/LR-AttnRes-Full-16,Full r=16,lr_attnres,21,16,0.23275843262672424,0.8958473205566406,0.05599045753479004,0.0625,0.0625,0.0,0.0,14.40620231628418,0.9003876447677612,0.05039048194885254,13,14,15,1.0,0.9375,0.9375,0.9375
Jonnester/LR-AttnRes-Full-16,Full r=16,lr_attnres,22,16,0.22685043513774872,0.86297607421875,0.053936004638671875,0.0625,0.0625,0.0,0.0,13.50971508026123,0.8443571925163269,0.06527892500162125,12,13,14,1.0,1.0,1.0,1.0
Jonnester/LR-AttnRes-Full-16,Full r=16,lr_attnres,23,16,0.22358478605747223,0.8428955078125,0.05268096923828125,0.0625,0.06298828125,0.0,0.0,13.373893737792969,0.8358683586120605,0.07669520378112793,12,13,14,1.0,1.0,0.9375,0.9375
Jonnester/LR-AttnRes-Full-16,Full r=16,lr_attnres,24,16,0.23174971342086792,0.891632080078125,0.05572700500488281,0.0625,0.0673828125,0.0,0.0,14.260337829589844,0.8912711143493652,0.05086922645568848,13,14,15,1.0,1.0,0.9375,0.9375
Jonnester/LR-AttnRes-Full-16,Full r=16,lr_attnres,25,16,0.26655685901641846,1.05859375,0.066162109375,0.0625,0.0947265625,0.0,0.0,14.847347259521484,0.9279592037200928,0.009546041488647461,15,16,16,1.0,1.0,1.0,1.0
Jonnester/LR-AttnRes-Full-16,Full r=16,lr_attnres,26,16,0.21004903316497803,0.8055419921875,0.05034637451171875,0.0579833984375,0.0625,0.0,0.0,12.980511665344238,0.8112819790840149,0.054993707686662674,12,13,16,1.0,1.0,1.0,1.0
Jonnester/LR-AttnRes-Full-16,Full r=16,lr_attnres,27,16,0.25799325108528137,0.973052978515625,0.06081581115722656,0.0625,0.10888671875,0.0,0.0,11.775296211242676,0.7359560132026672,0.07612601667642593,13,14,15,1.0,1.0,0.9375,0.9375
Jonnester/LR-AttnRes-Full-16,Full r=16,lr_attnres,28,16,0.21321015059947968,0.8106689453125,0.05066680908203125,0.0572509765625,0.0625,0.0,0.0,13.285761833190918,0.8303601145744324,0.06593132019042969,12,13,14,1.0,1.0,1.0,1.0
Jonnester/LR-AttnRes-Full-16,Full r=16,lr_attnres,29,16,0.2776781916618347,1.0599365234375,0.06624603271484375,0.062744140625,0.1083984375,0.0,0.0,12.073537826538086,0.7545961141586304,0.060953378677368164,13,14,15,1.0,1.0,1.0,1.0
Jonnester/LR-AttnRes-Full-16,Full r=16,lr_attnres,30,16,0.2489948272705078,0.995849609375,0.0622406005859375,0.0625,0.0625,0.0,0.0,15.984308242797852,0.9990192651748657,0.0001736481935949996,15,16,16,1.0,1.0,1.0,1.0
Jonnester/LR-AttnRes-Full-16,Full r=16,lr_attnres,31,16,0.2897554337978363,1.126708984375,0.0704193115234375,0.065185546875,0.10107421875,0.0,0.0,13.341558456420898,0.8338474035263062,0.037172477692365646,13,14,16,1.0,1.0,1.0,1.0
Jonnester/LR-AttnRes-Full-16,Full r=16,lr_attnres,32,16,0.20755109190940857,0.7896728515625,0.04935455322265625,0.0611572265625,0.0625,0.0,0.0,12.474483489990234,0.7796552181243896,0.06509486585855484,11,13,15,1.0,1.0,1.0,1.0
Jonnester/LR-AttnRes-Full-16,Full r=16,lr_attnres,33,16,0.2892414331436157,1.13671875,0.071044921875,0.06787109375,0.091796875,0.0,0.0,14.102953910827637,0.8814346194267273,0.023333391174674034,14,15,16,1.0,1.0,1.0,1.0
Jonnester/LR-AttnRes-Full-16,Full r=16,lr_attnres,34,16,0.2093433141708374,0.797332763671875,0.04983329772949219,0.0540771484375,0.0625,0.0,0.0,13.372964859008789,0.8358103036880493,0.06375566869974136,12,13,15,1.0,1.0,0.9375,0.9375
Jonnester/LR-AttnRes-Full-16,Full r=16,lr_attnres,35,16,0.30229905247688293,1.179931640625,0.0737457275390625,0.06689453125,0.1123046875,0.0,0.0,13.020657539367676,0.8137910962104797,0.03226892277598381,14,15,16,1.0,1.0,1.0,1.0
Jonnester/LR-AttnRes-Full-16,Full r=16,lr_attnres,36,16,0.2234649956226349,0.8631591796875,0.05394744873046875,0.0625,0.06298828125,0.0,0.0,13.685098648071289,0.8553186655044556,0.045795124024152756,12,13,15,1.0,1.0,1.0,1.0
Jonnester/LR-AttnRes-Full-16,Full r=16,lr_attnres,37,16,0.31456607580184937,1.232421875,0.0770263671875,0.074462890625,0.107421875,0.0,0.0,13.690774917602539,0.8556734323501587,0.02738420106470585,14,15,16,1.0,1.0,1.0,1.0
Jonnester/LR-AttnRes-Full-16,Full r=16,lr_attnres,38,16,0.26881933212280273,1.06005859375,0.066253662109375,0.062744140625,0.09033203125,0.0,0.0,14.42111587524414,0.9013197422027588,0.018871068954467773,14,15,16,1.0,1.0,1.0,1.0
Jonnester/LR-AttnRes-Full-16,Full r=16,lr_attnres,39,16,0.31155598163604736,1.2012939453125,0.07508087158203125,0.0732421875,0.12109375,0.0,0.0,12.412055015563965,0.7757534384727478,0.0480705089867115,13,14,15,1.0,1.0,1.0,1.0
Jonnester/LR-AttnRes-Full-16,Full r=16,lr_attnres,40,16,0.27163487672805786,1.04083251953125,0.06505203247070312,0.063720703125,0.09228515625,0.0,0.0,13.49647045135498,0.8435294032096863,0.05608876422047615,13,14,15,1.0,1.0,0.9375,0.9375
Jonnester/LR-AttnRes-Full-16,Full r=16,lr_attnres,41,16,0.3109051287174225,1.1805419921875,0.07378387451171875,0.066650390625,0.125,0.0,0.0,11.954599380493164,0.7471624612808228,0.06762894243001938,13,14,15,1.0,1.0,1.0,0.9375
Jonnester/LR-AttnRes-Full-16,Full r=16,lr_attnres,42,16,0.29625582695007324,1.12725830078125,0.07045364379882812,0.064697265625,0.125,0.0,0.0,11.827105522155762,0.7391940951347351,0.06499449163675308,13,14,15,1.0,1.0,1.0,0.9375
Jonnester/LR-AttnRes-Full-16,Full r=16,lr_attnres,43,16,0.31303369998931885,1.224365234375,0.0765228271484375,0.068603515625,0.10302734375,0.0,0.0,13.61766529083252,0.8511040806770325,0.029570341110229492,14,15,16,1.0,1.0,1.0,1.0
Jonnester/LR-AttnRes-Full-16,Full r=16,lr_attnres,44,16,0.2569844424724579,1.0062255859375,0.06288909912109375,0.06494140625,0.07763671875,0.0,0.0,14.471317291259766,0.9044573307037354,0.028162797912955284,13,14,15,1.0,1.0,1.0,1.0
Jonnester/LR-AttnRes-Full-16,Full r=16,lr_attnres,45,16,0.296785831451416,1.1484375,0.07177734375,0.068115234375,0.125,0.0,0.0,11.959007263183594,0.7474379539489746,0.04347221180796623,13,15,16,1.0,1.0,1.0,1.0
Jonnester/LR-AttnRes-Full-16,Full r=16,lr_attnres,46,16,0.25418463349342346,0.995361328125,0.0622100830078125,0.06298828125,0.083984375,0.0,0.0,14.623167991638184,0.9139479994773865,0.028033733367919922,14,15,15,1.0,1.0,1.0,1.0
Jonnester/LR-AttnRes-Full-16,Full r=16,lr_attnres,47,16,0.2466360479593277,0.910400390625,0.0569000244140625,0.0625,0.125,0.0,0.0,8.80671215057373,0.5504195094108582,0.10290980339050293,11,13,15,1.0,1.0,1.0,1.0
Jonnester/LR-AttnRes-Full-16,Full r=16,lr_attnres,48,16,0.2887748181819916,1.043212890625,0.0652008056640625,0.0625,0.125,0.0,0.0,8.823383331298828,0.5514614582061768,0.1291506290435791,10,12,16,1.0,1.0,1.0,1.0
Jonnester/LR-AttnRes-Full-32,Full r=32,lr_attnres,1,32,0.3187378942966461,1.78564453125,0.0558013916015625,0.06005859375,0.0625,0.0,0.0,29.988658905029297,0.9371455907821655,0.011728799901902676,27,29,32,1.0,1.0,1.0,1.0
Jonnester/LR-AttnRes-Full-32,Full r=32,lr_attnres,2,32,0.16954579949378967,0.8930206298828125,0.02790689468383789,0.031494140625,0.053466796875,0.0,0.0,23.082550048828125,0.7213296890258789,0.0836871862411499,23,25,28,1.0,1.0,0.96875,0.9375
Jonnester/LR-AttnRes-Full-32,Full r=32,lr_attnres,3,32,0.2539050281047821,1.328582763671875,0.041518211364746094,0.0423583984375,0.0625,0.0,0.0,22.582393646240234,0.7056998014450073,0.09110373258590698,22,24,28,1.0,1.0,1.0,0.96875
Jonnester/LR-AttnRes-Full-32,Full r=32,lr_attnres,4,32,0.27937352657318115,1.51312255859375,0.04728507995605469,0.0474853515625,0.0625,0.0,0.0,25.58330535888672,0.79947829246521,0.05169304087758064,24,26,30,1.0,1.0,1.0,1.0
Jonnester/LR-AttnRes-Full-32,Full r=32,lr_attnres,5,32,0.24806153774261475,1.33331298828125,0.04166603088378906,0.0418701171875,0.0625,0.0,0.0,24.358976364135742,0.7612180113792419,0.06053994223475456,23,26,30,1.0,1.0,1.0,1.0
Jonnester/LR-AttnRes-Full-32,Full r=32,lr_attnres,6,32,0.2989804744720459,1.622894287109375,0.05071544647216797,0.054931640625,0.0625,0.0,0.0,26.921056747436523,0.8412830233573914,0.049123238772153854,24,26,29,1.0,1.0,1.0,0.96875
Jonnester/LR-AttnRes-Full-32,Full r=32,lr_attnres,7,32,0.2976725399494171,1.5928955078125,0.049777984619140625,0.060791015625,0.0625,0.0,0.0,25.485950469970703,0.7964359521865845,0.06564237177371979,22,25,29,1.0,1.0,1.0,1.0
Jonnester/LR-AttnRes-Full-32,Full r=32,lr_attnres,8,32,0.3007854223251343,1.6767578125,0.052398681640625,0.0540771484375,0.0625,0.0,0.0,28.907333374023438,0.9033541679382324,0.017663493752479553,27,29,32,1.0,1.0,1.0,1.0
Jonnester/LR-AttnRes-Full-32,Full r=32,lr_attnres,9,32,0.3104146420955658,1.69293212890625,0.05290412902832031,0.0625,0.0625,0.0,0.0,27.109703063964844,0.8471782207489014,0.04360826313495636,24,26,30,1.0,1.0,1.0,1.0
Jonnester/LR-AttnRes-Full-32,Full r=32,lr_attnres,10,32,0.2974114418029785,1.61102294921875,0.05034446716308594,0.0552978515625,0.0625,0.0,0.0,26.517620086669922,0.8286756277084351,0.05154518038034439,24,26,29,1.0,1.0,1.0,1.0
Jonnester/LR-AttnRes-Full-32,Full r=32,lr_attnres,11,32,0.3102715313434601,1.666656494140625,0.05208301544189453,0.06103515625,0.0625,0.0,0.0,27.18677520751953,0.8495867252349854,0.061253324151039124,24,26,29,1.0,1.0,0.96875,0.9375
Jonnester/LR-AttnRes-Full-32,Full r=32,lr_attnres,12,32,0.2543099522590637,1.3997802734375,0.043743133544921875,0.0406494140625,0.0625,0.0,0.0,26.012142181396484,0.8128794431686401,0.03277428820729256,26,29,32,1.0,1.0,1.0,1.0
Jonnester/LR-AttnRes-Full-32,Full r=32,lr_attnres,13,32,0.29627904295921326,1.5611572265625,0.048786163330078125,0.0621337890625,0.0625,0.0,0.0,24.860780715942383,0.7768993973731995,0.08324114978313446,22,24,27,1.0,1.0,1.0,0.96875
Jonnester/LR-AttnRes-Full-32,Full r=32,lr_attnres,14,32,0.29649439454078674,1.642333984375,0.05132293701171875,0.0484619140625,0.0625,0.0,0.0,27.736507415771484,0.8667658567428589,0.02527039684355259,26,29,32,1.0,1.0,1.0,1.0
Jonnester/LR-AttnRes-Full-32,Full r=32,lr_attnres,15,32,0.300518274307251,1.5526809692382812,0.04852128028869629,0.0625,0.0625,0.0,0.0,24.8397216796875,0.7762413024902344,0.10525918751955032,22,24,26,1.0,1.0,0.875,0.875
Jonnester/LR-AttnRes-Full-32,Full r=32,lr_attnres,16,32,0.3037884831428528,1.6591339111328125,0.05184793472290039,0.0625,0.0625,0.0,0.0,27.256004333496094,0.8517501354217529,0.04195468872785568,25,28,31,1.0,1.0,0.96875,0.96875
Jonnester/LR-AttnRes-Full-32,Full r=32,lr_attnres,17,32,0.3061584532260895,1.628631591796875,0.050894737243652344,0.0625,0.0625,0.0,0.0,25.691242218017578,0.8028513193130493,0.07242725044488907,22,24,28,1.0,1.0,1.0,1.0
Jonnester/LR-AttnRes-Full-32,Full r=32,lr_attnres,18,32,0.31156209111213684,1.71441650390625,0.05357551574707031,0.0621337890625,0.0625,0.0,0.0,28.144519805908203,0.8795162439346313,0.03311382979154587,25,28,31,1.0,1.0,1.0,1.0
Jonnester/LR-AttnRes-Full-32,Full r=32,lr_attnres,19,32,0.31527969241142273,1.7174072265625,0.053668975830078125,0.0625,0.0625,0.0,0.0,27.307968139648438,0.8533740043640137,0.04500984027981758,24,26,30,1.0,1.0,1.0,1.0
Jonnester/LR-AttnRes-Full-32,Full r=32,lr_attnres,20,32,0.30619484186172485,1.67041015625,0.0522003173828125,0.059814453125,0.0625,0.0,0.0,27.395782470703125,0.8561182022094727,0.04326329380273819,24,27,29,1.0,1.0,1.0,1.0
Jonnester/LR-AttnRes-Full-32,Full r=32,lr_attnres,21,32,0.31022942066192627,1.6601104736328125,0.05187845230102539,0.0625,0.0625,0.0,0.0,26.709543228149414,0.8346732258796692,0.06562782824039459,23,26,28,1.0,0.96875,0.96875,0.96875
Jonnester/LR-AttnRes-Full-32,Full r=32,lr_attnres,22,32,0.3136041462421417,1.7225341796875,0.053829193115234375,0.0615234375,0.0625,0.0,0.0,28.10079574584961,0.8781498670578003,0.035249579697847366,25,27,30,1.0,1.0,1.0,1.0
Jonnester/LR-AttnRes-Full-32,Full r=32,lr_attnres,23,32,0.30943477153778076,1.6910400390625,0.052845001220703125,0.0625,0.0625,0.0,0.0,27.57891082763672,0.8618409633636475,0.041212841868400574,24,27,30,1.0,1.0,1.0,0.96875
Jonnester/LR-AttnRes-Full-32,Full r=32,lr_attnres,24,32,0.3286132216453552,1.79888916015625,0.05621528625488281,0.0625,0.06298828125,0.0,0.0,28.982933044433594,0.9057166576385498,0.03922617807984352,26,28,29,1.0,1.0,1.0,0.9375
Jonnester/LR-AttnRes-Full-32,Full r=32,lr_attnres,25,32,0.3124086856842041,1.6963844299316406,0.05301201343536377,0.0625,0.0634765625,0.0,0.0,27.53325080871582,0.8604140877723694,0.04871038347482681,24,27,30,1.0,0.96875,0.96875,0.96875
Jonnester/LR-AttnRes-Full-32,Full r=32,lr_attnres,26,32,0.29926273226737976,1.58526611328125,0.04953956604003906,0.0614013671875,0.0625,0.0,0.0,25.705829620361328,0.8033071756362915,0.0772228017449379,23,25,28,1.0,1.0,0.96875,0.9375
Jonnester/LR-AttnRes-Full-32,Full r=32,lr_attnres,27,32,0.3216230571269989,1.77606201171875,0.05550193786621094,0.0625,0.0625,0.0,0.0,28.832735061645508,0.9010229706764221,0.028918514028191566,25,28,30,1.0,1.0,1.0,1.0
Jonnester/LR-AttnRes-Full-32,Full r=32,lr_attnres,28,32,0.30753782391548157,1.69061279296875,0.05283164978027344,0.0623779296875,0.0625,0.0,0.0,27.754579544067383,0.8673306107521057,0.034272629767656326,25,28,31,1.0,1.0,1.0,1.0
Jonnester/LR-AttnRes-Full-32,Full r=32,lr_attnres,29,32,0.32232630252838135,1.7774658203125,0.055545806884765625,0.0625,0.06396484375,0.0,0.0,28.777925491333008,0.8993101716041565,0.03057044744491577,25,27,30,1.0,1.0,1.0,1.0
Jonnester/LR-AttnRes-Full-32,Full r=32,lr_attnres,30,32,0.31904667615890503,1.7035298347473145,0.05323530733585358,0.0625,0.06298828125,0.0,0.0,27.037656784057617,0.8449267745018005,0.06816118210554123,24,25,28,1.0,0.96875,0.96875,0.9375
Jonnester/LR-AttnRes-Full-32,Full r=32,lr_attnres,31,32,0.31058984994888306,1.6131134033203125,0.050409793853759766,0.0625,0.06494140625,0.0,0.0,25.246129989624023,0.7889415621757507,0.09945443272590637,23,24,26,1.0,1.0,0.96875,0.9375
Jonnester/LR-AttnRes-Full-32,Full r=32,lr_attnres,32,32,0.32540959119796753,1.79925537109375,0.05622673034667969,0.0625,0.06396484375,0.0,0.0,29.013145446777344,0.906660795211792,0.027411673218011856,25,28,30,1.0,1.0,1.0,1.0
Jonnester/LR-AttnRes-Full-32,Full r=32,lr_attnres,33,32,0.3212333917617798,1.7452392578125,0.054538726806640625,0.0625,0.07080078125,0.0,0.0,27.41650390625,0.8567657470703125,0.04808434471487999,24,26,29,1.0,1.0,1.0,1.0
Jonnester/LR-AttnRes-Full-32,Full r=32,lr_attnres,34,32,0.28695201873779297,1.513986587524414,0.04731208086013794,0.053466796875,0.0625,0.0,0.0,24.576862335205078,0.7680269479751587,0.08176277577877045,22,25,28,1.0,0.96875,0.9375,0.9375
Jonnester/LR-AttnRes-Full-32,Full r=32,lr_attnres,35,32,0.31941500306129456,1.7125930786132812,0.05351853370666504,0.0623779296875,0.08935546875,0.0,0.0,25.299753189086914,0.7906172871589661,0.06339020282030106,23,26,29,1.0,0.96875,0.96875,0.96875
Jonnester/LR-AttnRes-Full-32,Full r=32,lr_attnres,36,32,0.25505098700523376,1.3320198059082031,0.04162561893463135,0.044921875,0.0625,0.0,0.0,23.052474975585938,0.7203898429870605,0.09325852990150452,22,25,28,1.0,0.96875,0.96875,0.9375
Jonnester/LR-AttnRes-Full-32,Full r=32,lr_attnres,37,32,0.32410478591918945,1.689117431640625,0.05278491973876953,0.06298828125,0.07958984375,0.0,0.0,24.503517150878906,0.7657349109649658,0.09560408443212509,22,23,27,1.0,1.0,0.96875,0.9375
Jonnester/LR-AttnRes-Full-32,Full r=32,lr_attnres,38,32,0.32537856698036194,1.8150634765625,0.056720733642578125,0.0625,0.06298828125,0.0,0.0,29.560321807861328,0.9237600564956665,0.016865737736225128,26,28,31,1.0,1.0,1.0,1.0
Jonnester/LR-AttnRes-Full-32,Full r=32,lr_attnres,39,32,0.32930028438568115,1.7816162109375,0.055675506591796875,0.062744140625,0.08154296875,0.0,0.0,26.230201721191406,0.8196938037872314,0.05294245854020119,23,25,30,1.0,1.0,1.0,1.0
Jonnester/LR-AttnRes-Full-32,Full r=32,lr_attnres,40,32,0.3191000819206238,1.72869873046875,0.05402183532714844,0.0625,0.06298828125,0.0,0.0,27.419591903686523,0.8568622469902039,0.05141575634479523,24,26,29,1.0,1.0,1.0,0.96875
Jonnester/LR-AttnRes-Full-32,Full r=32,lr_attnres,41,32,0.330305814743042,1.7945098876953125,0.056078433990478516,0.0625,0.0771484375,0.0,0.0,27.223127365112305,0.8507227301597595,0.04809683561325073,24,27,29,1.0,1.0,0.96875,0.96875
Jonnester/LR-AttnRes-Full-32,Full r=32,lr_attnres,42,32,0.34084758162498474,1.894317626953125,0.059197425842285156,0.0625,0.0654296875,0.0,0.0,30.276992797851562,0.9461560249328613,0.02129901759326458,27,29,31,1.0,1.0,1.0,0.96875
Jonnester/LR-AttnRes-Full-32,Full r=32,lr_attnres,43,32,0.3342342972755432,1.81304931640625,0.05665779113769531,0.0625,0.076171875,0.0,0.0,27.1278133392334,0.8477441668510437,0.04989806190133095,24,26,29,1.0,1.0,1.0,1.0
Jonnester/LR-AttnRes-Full-32,Full r=32,lr_attnres,44,32,0.3387888967990875,1.88311767578125,0.05884742736816406,0.0625,0.06298828125,0.0,0.0,30.140380859375,0.9418869018554688,0.021145937964320183,27,29,30,1.0,1.0,1.0,1.0
Jonnester/LR-AttnRes-Full-32,Full r=32,lr_attnres,45,32,0.3341885805130005,1.83343505859375,0.05729484558105469,0.0625,0.0751953125,0.0,0.0,28.472549438476562,0.8897671699523926,0.036639586091041565,25,27,30,1.0,1.0,0.96875,0.96875
Jonnester/LR-AttnRes-Full-32,Full r=32,lr_attnres,46,32,0.3327636122703552,1.841522216796875,0.057547569274902344,0.0625,0.06982421875,0.0,0.0,29.387771606445312,0.918367862701416,0.02637595124542713,26,28,31,1.0,1.0,1.0,0.96875
Jonnester/LR-AttnRes-Full-32,Full r=32,lr_attnres,47,32,0.29394879937171936,1.580810546875,0.04940032958984375,0.0584716796875,0.078125,0.0,0.0,24.29827308654785,0.7593210339546204,0.0599140040576458,23,27,30,1.0,1.0,1.0,1.0
Jonnester/LR-AttnRes-Full-32,Full r=32,lr_attnres,48,32,0.29047891497612,1.55322265625,0.0485382080078125,0.043701171875,0.09033203125,0.0,0.0,22.125713348388672,0.691428542137146,0.06651365011930466,24,28,32,1.0,1.0,1.0,1.0
Jonnester/LR-AttnRes-Full-64,Full r=64,lr_attnres,1,64,0.3662354052066803,2.82598876953125,0.04415607452392578,0.0419921875,0.0625,0.0,0.0,49.947608947753906,0.7804313898086548,0.040526051074266434,50,57,62,1.0,1.0,1.0,1.0
Jonnester/LR-AttnRes-Full-64,Full r=64,lr_attnres,2,64,0.18654446303844452,1.3010826110839844,0.020329415798187256,0.0196533203125,0.053955078125,0.0,0.0,32.3172492980957,0.5049570202827454,0.14647838473320007,36,43,52,1.0,1.0,0.9375,0.859375
Jonnester/LR-AttnRes-Full-64,Full r=64,lr_attnres,3,64,0.23770403861999512,1.7964019775390625,0.02806878089904785,0.03118896484375,0.043701171875,0.0,0.0,49.116600036621094,0.7674468755722046,0.06324209272861481,44,49,58,1.0,1.0,0.984375,0.984375
Jonnester/LR-AttnRes-Full-64,Full r=64,lr_attnres,4,64,0.26627302169799805,1.9322738647460938,0.030191779136657715,0.03057861328125,0.054443359375,0.0,0.0,41.28631591796875,0.6450986862182617,0.10618012398481369,41,46,55,1.0,1.0,0.96875,0.9375
Jonnester/LR-AttnRes-Full-64,Full r=64,lr_attnres,5,64,0.2586308717727661,1.901641845703125,0.029713153839111328,0.03009033203125,0.04931640625,0.0,0.0,43.4918098449707,0.6795595288276672,0.0924677848815918,41,47,56,1.0,1.0,1.0,0.96875
Jonnester/LR-AttnRes-Full-64,Full r=64,lr_attnres,6,64,0.2925615906715393,2.160201072692871,0.03375314176082611,0.036376953125,0.054443359375,0.0,0.0,46.85527801513672,0.7321137189865112,0.08803599327802658,43,48,55,0.984375,0.96875,0.953125,0.9375
Jonnester/LR-AttnRes-Full-64,Full r=64,lr_attnres,7,64,0.31168487668037415,2.345947265625,0.036655426025390625,0.0372314453125,0.0615234375,0.0,0.0,47.157501220703125,0.7368359565734863,0.0676194578409195,45,51,58,1.0,1.0,0.984375,0.96875
Jonnester/LR-AttnRes-Full-64,Full r=64,lr_attnres,8,64,0.27987542748451233,2.0980453491210938,0.03278195858001709,0.0345458984375,0.0625,0.0,0.0,44.85147476196289,0.7008042931556702,0.07194941490888596,45,51,57,1.0,1.0,0.984375,0.96875
Jonnester/LR-AttnRes-Full-64,Full r=64,lr_attnres,9,64,0.2777934968471527,2.0071487426757812,0.03136169910430908,0.033203125,0.060546875,0.0,0.0,40.11781311035156,0.6268408298492432,0.1106676384806633,40,45,54,1.0,1.0,0.984375,0.953125
Jonnester/LR-AttnRes-Full-64,Full r=64,lr_attnres,10,64,0.2849474847316742,2.1492385864257812,0.03358185291290283,0.0322265625,0.0625,0.0,0.0,45.42925262451172,0.7098320722579956,0.06534603983163834,49,54,58,1.0,1.0,0.96875,0.953125
Jonnester/LR-AttnRes-Full-64,Full r=64,lr_attnres,11,64,0.2741320729255676,1.9918186664581299,0.03112216666340828,0.035888671875,0.053466796875,0.0,0.0,45.6043815612793,0.712568461894989,0.10487018525600433,42,46,52,0.984375,0.984375,0.921875,0.90625
Jonnester/LR-AttnRes-Full-64,Full r=64,lr_attnres,12,64,0.3148498833179474,2.44140625,0.03814697265625,0.040283203125,0.062255859375,0.0,0.0,53.44647216796875,0.8351011276245117,0.03511551395058632,50,55,60,1.0,1.0,1.0,1.0
Jonnester/LR-AttnRes-Full-64,Full r=64,lr_attnres,13,64,0.30487433075904846,2.1621055603027344,0.033782899379730225,0.039306640625,0.0625,0.0,0.0,40.379638671875,0.6309318542480469,0.12974391877651215,37,42,51,1.0,1.0,0.9375,0.90625
Jonnester/LR-AttnRes-Full-64,Full r=64,lr_attnres,14,64,0.30166375637054443,2.259918212890625,0.035311222076416016,0.0364990234375,0.0625,0.0,0.0,45.739227294921875,0.7146754264831543,0.07264089584350586,46,51,56,1.0,1.0,0.984375,0.953125
Jonnester/LR-AttnRes-Full-64,Full r=64,lr_attnres,15,64,0.3121953308582306,2.2430152893066406,0.03504711389541626,0.0361328125,0.0625,0.0,0.0,39.950462341308594,0.6242259740829468,0.11647803336381912,39,44,54,1.0,0.984375,0.96875,0.953125
Jonnester/LR-AttnRes-Full-64,Full r=64,lr_attnres,16,64,0.3225642144680023,2.425506591796875,0.03789854049682617,0.0379638671875,0.0625,0.0,0.0,46.88406753540039,0.7325635552406311,0.06864949315786362,45,50,57,1.0,1.0,1.0,0.984375
Jonnester/LR-AttnRes-Full-64,Full r=64,lr_attnres,17,64,0.33163943886756897,2.4561767578125,0.03837776184082031,0.0413818359375,0.0625,0.0,0.0,44.75055694580078,0.6992274522781372,0.08483342081308365,42,48,56,1.0,1.0,1.0,0.953125
Jonnester/LR-AttnRes-Full-64,Full r=64,lr_attnres,18,64,0.32939988374710083,2.472198486328125,0.03862810134887695,0.0390625,0.0625,0.0,0.0,45.3890266418457,0.7092035412788391,0.07069158554077148,45,50,59,1.0,1.0,0.984375,0.984375
Jonnester/LR-AttnRes-Full-64,Full r=64,lr_attnres,19,64,0.33595648407936096,2.42718505859375,0.037924766540527344,0.040771484375,0.0625,0.0,0.0,42.763668060302734,0.6681823134422302,0.1107570081949234,40,45,52,1.0,1.0,0.96875,0.9375
Jonnester/LR-AttnRes-Full-64,Full r=64,lr_attnres,20,64,0.32428285479545593,2.40069580078125,0.03751087188720703,0.038818359375,0.0625,0.0,0.0,43.81736755371094,0.6846463680267334,0.08527258783578873,43,49,56,1.0,1.0,1.0,0.953125
Jonnester/LR-AttnRes-Full-64,Full r=64,lr_attnres,21,64,0.3394032120704651,2.501434326171875,0.03908491134643555,0.041015625,0.0625,0.0,0.0,43.786231994628906,0.6841598749160767,0.08998625725507736,41,47,56,1.0,1.0,0.984375,0.96875
Jonnester/LR-AttnRes-Full-64,Full r=64,lr_attnres,22,64,0.3289443850517273,2.485881805419922,0.03884190320968628,0.036376953125,0.0625,0.0,0.0,46.21585464477539,0.7221227288246155,0.06326436996459961,49,54,59,1.0,1.0,0.96875,0.96875
Jonnester/LR-AttnRes-Full-64,Full r=64,lr_attnres,23,64,0.32382750511169434,2.355316162109375,0.036801815032958984,0.039794921875,0.0625,0.0,0.0,42.76531219482422,0.6682080030441284,0.10380478948354721,40,45,54,1.0,1.0,0.96875,0.96875
Jonnester/LR-AttnRes-Full-64,Full r=64,lr_attnres,24,64,0.35386666655540466,2.66351318359375,0.041617393493652344,0.04150390625,0.0625,0.0,0.0,46.57363510131836,0.7277130484580994,0.06758805364370346,46,51,58,1.0,1.0,1.0,0.984375
Jonnester/LR-AttnRes-Full-64,Full r=64,lr_attnres,25,64,0.34475377202033997,2.541473388671875,0.03971052169799805,0.043212890625,0.0625,0.0,0.0,45.65428924560547,0.7133482694625854,0.08973557502031326,42,47,55,1.0,1.0,1.0,0.953125
Jonnester/LR-AttnRes-Full-64,Full r=64,lr_attnres,26,64,0.34035375714302063,2.5223388671875,0.03941154479980469,0.0418701171875,0.0625,0.0,0.0,46.47100830078125,0.726109504699707,0.08415242284536362,43,49,55,1.0,1.0,0.984375,0.953125
Jonnester/LR-AttnRes-Full-64,Full r=64,lr_attnres,27,64,0.34909960627555847,2.567291259765625,0.04011392593383789,0.0421142578125,0.0625,0.0,0.0,45.501441955566406,0.7109600305557251,0.09228052198886871,43,47,54,1.0,1.0,0.984375,0.921875
Jonnester/LR-AttnRes-Full-64,Full r=64,lr_attnres,28,64,0.38239479064941406,2.85675048828125,0.04463672637939453,0.0491943359375,0.0625,0.0,0.0,47.916168212890625,0.748690128326416,0.07561663538217545,43,50,56,1.0,1.0,0.984375,0.953125
Jonnester/LR-AttnRes-Full-64,Full r=64,lr_attnres,29,64,0.3362977206707001,2.4168777465820312,0.03776371479034424,0.0418701171875,0.06298828125,0.0,0.0,42.099117279052734,0.657798707485199,0.11618280410766602,39,44,52,1.0,1.0,0.96875,0.921875
Jonnester/LR-AttnRes-Full-64,Full r=64,lr_attnres,30,64,0.34164196252822876,2.583311080932617,0.040364235639572144,0.0418701171875,0.0625,0.0,0.0,48.33024597167969,0.7551600933074951,0.06264897435903549,47,52,58,1.0,0.984375,0.984375,0.984375
Jonnester/LR-AttnRes-Full-64,Full r=64,lr_attnres,31,64,0.3494616150856018,2.5644607543945312,0.04006969928741455,0.04052734375,0.0625,0.0,0.0,43.05702209472656,0.6727659702301025,0.09452588111162186,41,47,56,1.0,1.0,0.984375,0.953125
Jonnester/LR-AttnRes-Full-64,Full r=64,lr_attnres,32,64,0.33769652247428894,2.4966659545898438,0.03901040554046631,0.04248046875,0.0625,0.0,0.0,45.503684997558594,0.710995078086853,0.08668231964111328,42,48,55,1.0,1.0,0.984375,0.953125
Jonnester/LR-AttnRes-Full-64,Full r=64,lr_attnres,33,64,0.3659003973007202,2.6547794342041016,0.04148092865943909,0.043701171875,0.0625,0.0,0.0,43.47248840332031,0.6792576313018799,0.10636138916015625,40,46,53,1.0,0.984375,0.984375,0.921875
Jonnester/LR-AttnRes-Full-64,Full r=64,lr_attnres,34,64,0.31333255767822266,2.2647247314453125,0.03538632392883301,0.03662109375,0.0625,0.0,0.0,41.19843673706055,0.643725574016571,0.1103053092956543,41,46,53,1.0,1.0,0.953125,0.921875
Jonnester/LR-AttnRes-Full-64,Full r=64,lr_attnres,35,64,0.35766923427581787,2.577545166015625,0.04027414321899414,0.0452880859375,0.06298828125,0.0,0.0,42.70003128051758,0.6671879887580872,0.11335638910531998,39,45,53,1.0,1.0,0.953125,0.921875
Jonnester/LR-AttnRes-Full-64,Full r=64,lr_attnres,36,64,0.3723408579826355,2.7218360900878906,0.04252868890762329,0.04443359375,0.0625,0.0,0.0,44.120574951171875,0.6893839836120605,0.09856203943490982,41,46,54,1.0,1.0,0.984375,0.96875
Jonnester/LR-AttnRes-Full-64,Full r=64,lr_attnres,37,64,0.36720380187034607,2.6588668823242188,0.04154479503631592,0.048828125,0.0625,0.0,0.0,43.59060287475586,0.6811031699180603,0.1084502786397934,39,43,54,1.0,1.0,0.96875,0.953125
Jonnester/LR-AttnRes-Full-64,Full r=64,lr_attnres,38,64,0.34336015582084656,2.5234642028808594,0.03942912817001343,0.0401611328125,0.0625,0.0,0.0,44.00313949584961,0.6875490546226501,0.09295409172773361,43,49,55,1.0,0.984375,0.96875,0.9375
Jonnester/LR-AttnRes-Full-64,Full r=64,lr_attnres,39,64,0.3645229637622833,2.66741943359375,0.041678428649902344,0.043212890625,0.06396484375,0.0,0.0,44.334747314453125,0.6927304267883301,0.09749113023281097,41,47,55,1.0,1.0,0.984375,0.921875
Jonnester/LR-AttnRes-Full-64,Full r=64,lr_attnres,40,64,0.3935287892818451,2.9652862548828125,0.046332597732543945,0.0487060546875,0.0625,0.0,0.0,50.35629653930664,0.7868171334266663,0.0664115622639656,46,51,57,1.0,0.984375,0.96875,0.953125
Jonnester/LR-AttnRes-Full-64,Full r=64,lr_attnres,41,64,0.3679274618625641,2.674527645111084,0.04178949445486069,0.0472412109375,0.06298828125,0.0,0.0,43.56879425048828,0.6807624101638794,0.10440410673618317,39,45,55,0.984375,0.984375,0.96875,0.9375
Jonnester/LR-AttnRes-Full-64,Full r=64,lr_attnres,42,64,0.4007982015609741,2.9979419708251953,0.04684284329414368,0.0533447265625,0.0625,0.0,0.0,50.01828384399414,0.7815356850624084,0.07429593056440353,45,50,55,1.0,0.984375,0.953125,0.953125
Jonnester/LR-AttnRes-Full-64,Full r=64,lr_attnres,43,64,0.3806579113006592,2.8699951171875,0.04484367370605469,0.047607421875,0.0625,0.0,0.0,48.28574752807617,0.7544648051261902,0.06577641516923904,44,49,58,1.0,1.0,1.0,1.0
Jonnester/LR-AttnRes-Full-64,Full r=64,lr_attnres,44,64,0.37643012404441833,2.800445556640625,0.043756961822509766,0.0478515625,0.0625,0.0,0.0,46.60677719116211,0.728230893611908,0.08007383346557617,43,49,56,1.0,1.0,1.0,0.953125
Jonnester/LR-AttnRes-Full-64,Full r=64,lr_attnres,45,64,0.3693723678588867,2.750518798828125,0.04297685623168945,0.0452880859375,0.0625,0.0,0.0,46.46550750732422,0.7260235548019409,0.07907629013061523,43,49,56,1.0,1.0,0.984375,0.96875
Jonnester/LR-AttnRes-Full-64,Full r=64,lr_attnres,46,64,0.41814985871315,3.0871658325195312,0.048236966133117676,0.0614013671875,0.0634765625,0.0,0.0,49.341312408447266,0.7709580063819885,0.08815465867519379,42,47,54,1.0,1.0,0.9375,0.921875
Jonnester/LR-AttnRes-Full-64,Full r=64,lr_attnres,47,64,0.3454926013946533,2.494781494140625,0.038980960845947266,0.036376953125,0.0625,0.0,0.0,40.66301727294922,0.6353596448898315,0.1112942025065422,40,46,54,1.0,1.0,1.0,0.953125
Jonnester/LR-AttnRes-Full-64,Full r=64,lr_attnres,48,64,0.33314159512519836,2.5228271484375,0.03941917419433594,0.0323486328125,0.0625,0.0,0.0,43.666378021240234,0.6822871565818787,0.06102323532104492,51,56,61,1.0,1.0,1.0,1.0
Jonnester/LR-AttnRes-n4-r32,n=4 r=32,lr_attnres,1,32,0.31033608317375183,1.7261962890625,0.053943634033203125,0.0555419921875,0.0625,0.0,0.0,29.13310432434082,0.9104095101356506,0.020294731482863426,26,29,31,1.0,1.0,1.0,1.0
Jonnester/LR-AttnRes-n4-r32,n=4 r=32,lr_attnres,2,32,0.21753260493278503,1.1483306884765625,0.03588533401489258,0.035888671875,0.0625,0.0,0.0,21.94230842590332,0.6856971383094788,0.0811629518866539,23,25,29,1.0,1.0,0.96875,0.96875
Jonnester/LR-AttnRes-n4-r32,n=4 r=32,lr_attnres,3,32,0.279354065656662,1.507781982421875,0.047118186950683594,0.04931640625,0.0625,0.0,0.0,25.493871688842773,0.7966834902763367,0.05571725219488144,23,26,30,1.0,1.0,1.0,1.0
Jonnester/LR-AttnRes-n4-r32,n=4 r=32,lr_attnres,4,32,0.22888270020484924,1.1479954719543457,0.0358748584985733,0.037353515625,0.0625,0.0,0.0,20.311904907226562,0.6347470283508301,0.1376904547214508,21,24,26,1.0,0.9375,0.90625,0.84375
Jonnester/LR-AttnRes-n4-r32,n=4 r=32,lr_attnres,5,32,0.2904490828514099,1.5997314453125,0.049991607666015625,0.0526123046875,0.0625,0.0,0.0,27.365476608276367,0.8551711440086365,0.03201042488217354,25,28,31,1.0,1.0,1.0,1.0
Jonnester/LR-AttnRes-n4-r32,n=4 r=32,lr_attnres,6,32,0.22895358502864838,1.1900787353515625,0.03718996047973633,0.0374755859375,0.06201171875,0.0,0.0,20.770912170410156,0.6490910053253174,0.09855366498231888,21,24,29,1.0,1.0,0.96875,0.96875
Jonnester/LR-AttnRes-n4-r32,n=4 r=32,lr_attnres,7,32,0.30385729670524597,1.6796875,0.052490234375,0.0570068359375,0.0625,0.0,0.0,28.09019660949707,0.8778186440467834,0.027695000171661377,25,28,31,1.0,1.0,1.0,1.0
Jonnester/LR-AttnRes-n4-r32,n=4 r=32,lr_attnres,8,32,0.22617776691913605,1.1604828834533691,0.036265090107917786,0.0404052734375,0.0625,0.0,0.0,21.757076263427734,0.6799086332321167,0.11295394599437714,21,24,27,1.0,0.96875,0.90625,0.875
Jonnester/LR-AttnRes-n4-r32,n=4 r=32,lr_attnres,9,32,0.3073422312736511,1.6978759765625,0.053058624267578125,0.05859375,0.0625,0.0,0.0,28.15521240234375,0.8798503875732422,0.028446679934859276,25,28,31,1.0,1.0,1.0,1.0
Jonnester/LR-AttnRes-n4-r32,n=4 r=32,lr_attnres,10,32,0.21292497217655182,1.048187255859375,0.03275585174560547,0.0357666015625,0.062255859375,0.0,0.0,18.177892684936523,0.5680591464042664,0.15762853622436523,18,20,26,1.0,1.0,1.0,0.875
Jonnester/LR-AttnRes-n4-r32,n=4 r=32,lr_attnres,11,32,0.3275972306728363,1.81024169921875,0.05657005310058594,0.0625,0.06298828125,0.0,0.0,28.97844886779785,0.9055765271186829,0.028138983994722366,25,27,30,1.0,1.0,1.0,1.0
Jonnester/LR-AttnRes-n4-r32,n=4 r=32,lr_attnres,12,32,0.260819673538208,1.3589630126953125,0.042467594146728516,0.0404052734375,0.0625,0.0,0.0,21.959592819213867,0.6862372756004333,0.09588003903627396,21,24,28,1.0,1.0,1.0,0.96875
Jonnester/LR-AttnRes-n4-r32,n=4 r=32,lr_attnres,13,32,0.2330048829317093,1.1888885498046875,0.037152767181396484,0.034423828125,0.0625,0.0,0.0,20.065778732299805,0.6270555853843689,0.11905789375305176,21,24,27,1.0,1.0,0.96875,0.90625
Jonnester/LR-AttnRes-n4-r32,n=4 r=32,lr_attnres,14,32,0.20859041810035706,1.0544357299804688,0.03295111656188965,0.03515625,0.0625,0.0,0.0,20.005306243896484,0.6251658201217651,0.12922896444797516,20,22,27,1.0,1.0,0.96875,0.875
Jonnester/LR-AttnRes-n4-r32,n=4 r=32,lr_attnres,15,32,0.21543295681476593,1.0748786926269531,0.033589959144592285,0.0384521484375,0.0625,0.0,0.0,20.49704933166504,0.6405327916145325,0.14332973957061768,20,22,25,1.0,0.96875,0.90625,0.875
Jonnester/LR-AttnRes-n4-r32,n=4 r=32,lr_attnres,16,32,0.24124965071678162,1.2650604248046875,0.039533138275146484,0.041748046875,0.0625,0.0,0.0,23.26728630065918,0.7271026968955994,0.08870206773281097,22,25,28,1.0,1.0,0.9375,0.9375
Jonnester/LR-AttnRes-n4-r32,n=4 r=32,lr_attnres,17,32,0.24530398845672607,1.2862014770507812,0.040193796157836914,0.0433349609375,0.0625,0.0,0.0,23.53879737854004,0.7355874180793762,0.08880630135536194,22,25,28,1.0,1.0,0.96875,0.9375
Jonnester/LR-AttnRes-n4-r32,n=4 r=32,lr_attnres,18,32,0.2717454731464386,1.477142333984375,0.04616069793701172,0.0474853515625,0.0625,0.0,0.0,26.301477432250977,0.821921169757843,0.04747786000370979,24,28,31,1.0,1.0,0.96875,0.96875
Jonnester/LR-AttnRes-n4-r32,n=4 r=32,lr_attnres,19,32,0.2889227569103241,1.57501220703125,0.04921913146972656,0.053955078125,0.0625,0.0,0.0,26.676895141601562,0.8336529731750488,0.0441344678401947,24,27,30,1.0,1.0,1.0,1.0
Jonnester/LR-AttnRes-n4-r32,n=4 r=32,lr_attnres,20,32,0.26529255509376526,1.4072341918945312,0.0439760684967041,0.046142578125,0.0625,0.0,0.0,24.792329788208008,0.7747603058815002,0.07567182928323746,23,26,29,1.0,1.0,0.96875,0.9375
Jonnester/LR-AttnRes-n4-r32,n=4 r=32,lr_attnres,21,32,0.29435983300209045,1.6295166015625,0.050922393798828125,0.05322265625,0.0625,0.0,0.0,28.06311798095703,0.8769724369049072,0.025995248928666115,26,28,31,1.0,1.0,1.0,1.0
Jonnester/LR-AttnRes-n4-r32,n=4 r=32,lr_attnres,22,32,0.29378947615623474,1.6013336181640625,0.05004167556762695,0.0518798828125,0.0625,0.0,0.0,27.046289443969727,0.845196545124054,0.04428703710436821,25,27,30,1.0,1.0,1.0,0.96875
Jonnester/LR-AttnRes-n4-r32,n=4 r=32,lr_attnres,23,32,0.33345162868499756,1.8525390625,0.057891845703125,0.0625,0.0625,0.0,0.0,29.639156341552734,0.926223635673523,0.021733274683356285,26,28,31,1.0,1.0,1.0,1.0
Jonnester/LR-AttnRes-n4-r32,n=4 r=32,lr_attnres,24,32,0.33513984084129333,1.8514060974121094,0.05785644054412842,0.0625,0.0625,0.0,0.0,29.80710220336914,0.9314719438552856,0.028468796983361244,27,28,30,1.0,1.0,0.96875,0.96875
Jonnester/LR-AttnRes-n4-r32,n=4 r=32,lr_attnres,25,32,0.25491517782211304,1.287750244140625,0.04024219512939453,0.0423583984375,0.0634765625,0.0,0.0,21.457796096801758,0.6705561280250549,0.12995310127735138,20,23,25,1.0,1.0,1.0,0.875
Jonnester/LR-AttnRes-n4-r32,n=4 r=32,lr_attnres,26,32,0.2875988185405731,1.5838623046875,0.049495697021484375,0.0537109375,0.0625,0.0,0.0,27.301856994628906,0.8531830310821533,0.03213769942522049,26,28,31,1.0,1.0,1.0,1.0
Jonnester/LR-AttnRes-n4-r32,n=4 r=32,lr_attnres,27,32,0.28821513056755066,1.499176025390625,0.04684925079345703,0.059326171875,0.0625,0.0,0.0,23.806983947753906,0.7439682483673096,0.09776286780834198,21,23,27,1.0,1.0,1.0,0.96875
Jonnester/LR-AttnRes-n4-r32,n=4 r=32,lr_attnres,28,32,0.28205907344818115,1.49810791015625,0.04681587219238281,0.0531005859375,0.0625,0.0,0.0,24.73911476135254,0.7730973362922668,0.07419755309820175,22,25,28,1.0,1.0,1.0,1.0
Jonnester/LR-AttnRes-n4-r32,n=4 r=32,lr_attnres,29,32,0.2951498329639435,1.583404541015625,0.04948139190673828,0.054443359375,0.0625,0.0,0.0,26.204444885253906,0.8188889026641846,0.06272606551647186,24,26,28,1.0,1.0,1.0,0.96875
Jonnester/LR-AttnRes-n4-r32,n=4 r=32,lr_attnres,30,32,0.2828514873981476,1.5326309204101562,0.04789471626281738,0.05126953125,0.0625,0.0,0.0,26.17529296875,0.8179779052734375,0.05118342116475105,24,27,30,1.0,1.0,0.96875,0.96875
Jonnester/LR-AttnRes-n4-r32,n=4 r=32,lr_attnres,31,32,0.31995338201522827,1.75384521484375,0.05480766296386719,0.0625,0.06298828125,0.0,0.0,27.99254035949707,0.8747668862342834,0.03764110803604126,24,27,30,1.0,1.0,1.0,1.0
Jonnester/LR-AttnRes-n4-r32,n=4 r=32,lr_attnres,32,32,0.2949632406234741,1.59442138671875,0.04982566833496094,0.0576171875,0.0625,0.0,0.0,25.955366134643555,0.8111051917076111,0.05397685244679451,23,26,29,1.0,1.0,1.0,1.0
Jonnester/LR-AttnRes-n4-r32,n=4 r=32,lr_attnres,33,32,0.32751354575157166,1.8193359375,0.056854248046875,0.0625,0.0625,0.0,0.0,29.449247360229492,0.9202889800071716,0.02187304198741913,26,28,31,1.0,1.0,1.0,1.0
Jonnester/LR-AttnRes-n4-r32,n=4 r=32,lr_attnres,34,32,0.2571098804473877,1.37628173828125,0.04300880432128906,0.041015625,0.06298828125,0.0,0.0,24.195390701293945,0.7561059594154358,0.06527170538902283,24,27,29,1.0,1.0,1.0,0.96875
Jonnester/LR-AttnRes-n4-r32,n=4 r=32,lr_attnres,35,32,0.33953002095222473,1.8775634765625,0.058673858642578125,0.0625,0.06396484375,0.0,0.0,29.738197326660156,0.9293186664581299,0.027264021337032318,27,28,30,1.0,1.0,1.0,1.0
Jonnester/LR-AttnRes-n4-r32,n=4 r=32,lr_attnres,36,32,0.29129350185394287,1.564666748046875,0.048895835876464844,0.0545654296875,0.0625,0.0,0.0,25.622392654418945,0.800699770450592,0.06128814071416855,23,26,29,1.0,1.0,1.0,0.96875
Jonnester/LR-AttnRes-n4-r32,n=4 r=32,lr_attnres,37,32,0.2964909076690674,1.6151123046875,0.050472259521484375,0.059814453125,0.0625,0.0,0.0,26.192541122436523,0.8185169100761414,0.044971954077482224,23,27,30,1.0,1.0,1.0,1.0
Jonnester/LR-AttnRes-n4-r32,n=4 r=32,lr_attnres,38,32,0.2806397080421448,1.501800537109375,0.04693126678466797,0.0504150390625,0.0625,0.0,0.0,25.720293045043945,0.8037591576576233,0.06560366600751877,24,26,28,1.0,1.0,1.0,0.96875
Jonnester/LR-AttnRes-n4-r32,n=4 r=32,lr_attnres,39,32,0.30860015749931335,1.654754638671875,0.051711082458496094,0.0625,0.06494140625,0.0,0.0,26.519826889038086,0.8287445902824402,0.06328790634870529,23,26,28,1.0,1.0,1.0,0.96875
Jonnester/LR-AttnRes-n4-r32,n=4 r=32,lr_attnres,40,32,0.3131715953350067,1.6847991943359375,0.05264997482299805,0.062255859375,0.0625,0.0,0.0,27.154495239257812,0.8485779762268066,0.05949479714035988,24,26,29,1.0,1.0,0.96875,0.9375
Jonnester/LR-AttnRes-n4-r32,n=4 r=32,lr_attnres,41,32,0.32278838753700256,1.747802734375,0.05461883544921875,0.0625,0.06396484375,0.0,0.0,28.096288681030273,0.878009021282196,0.05199920013546944,25,27,29,1.0,1.0,0.96875,0.96875
Jonnester/LR-AttnRes-n4-r32,n=4 r=32,lr_attnres,42,32,0.28460216522216797,1.51025390625,0.0471954345703125,0.05419921875,0.0625,0.0,0.0,24.5471134185791,0.7670972943305969,0.07522467523813248,22,25,28,1.0,1.0,1.0,1.0
Jonnester/LR-AttnRes-n4-r32,n=4 r=32,lr_attnres,43,32,0.3247266411781311,1.761007308959961,0.05503147840499878,0.0625,0.06494140625,0.0,0.0,28.065292358398438,0.8770403861999512,0.05020749941468239,25,27,29,1.0,0.96875,0.96875,0.96875
Jonnester/LR-AttnRes-n4-r32,n=4 r=32,lr_attnres,44,32,0.30642881989479065,1.6619415283203125,0.051935672760009766,0.0609130859375,0.06298828125,0.0,0.0,27.16530418395996,0.8489157557487488,0.05009240657091141,24,26,29,1.0,1.0,1.0,0.96875
Jonnester/LR-AttnRes-n4-r32,n=4 r=32,lr_attnres,45,32,0.31912297010421753,1.74188232421875,0.05443382263183594,0.0625,0.0625,0.0,0.0,27.902788162231445,0.8719621300697327,0.042627934366464615,25,26,29,1.0,1.0,1.0,1.0
Jonnester/LR-AttnRes-n4-r32,n=4 r=32,lr_attnres,46,32,0.33132052421569824,1.836273193359375,0.05738353729248047,0.0625,0.06298828125,0.0,0.0,29.62313461303711,0.9257229566574097,0.02460196428000927,26,28,31,1.0,1.0,1.0,1.0
Jonnester/LR-AttnRes-n4-r32,n=4 r=32,lr_attnres,47,32,0.2639339566230774,1.44189453125,0.0450592041015625,0.0455322265625,0.0625,0.0,0.0,26.38633155822754,0.8245728611946106,0.041608698666095734,25,27,30,1.0,1.0,1.0,1.0
Jonnester/LR-AttnRes-n4-r32,n=4 r=32,lr_attnres,48,32,0.3020733892917633,1.661865234375,0.05193328857421875,0.0594482421875,0.06787109375,0.0,0.0,27.07480812072754,0.8460877537727356,0.033354252576828,25,28,32,1.0,1.0,1.0,1.0
Jonnester/LR-AttnRes-LR-n8-r32,n=8 r=32,lr_attnres,1,32,0.32649117708206177,1.8236083984375,0.056987762451171875,0.0621337890625,0.0625,0.0,0.0,29.80744743347168,0.93148273229599,0.015327666886150837,26,29,31,1.0,1.0,1.0,1.0
Jonnester/LR-AttnRes-LR-n8-r32,n=8 r=32,lr_attnres,2,32,0.1845848262310028,0.954345703125,0.02982330322265625,0.026611328125,0.0625,0.0,0.0,18.6408634185791,0.5825269818305969,0.10449665039777756,22,25,29,1.0,1.0,1.0,1.0
Jonnester/LR-AttnRes-LR-n8-r32,n=8 r=32,lr_attnres,3,32,0.32395318150520325,1.81396484375,0.0566864013671875,0.061767578125,0.0625,0.0,0.0,29.997421264648438,0.9374194145202637,0.012323406524956226,26,29,32,1.0,1.0,1.0,1.0
Jonnester/LR-AttnRes-LR-n8-r32,n=8 r=32,lr_attnres,4,32,0.182001531124115,0.8703751564025879,0.02719922363758087,0.0272216796875,0.0625,0.0,0.0,15.605058670043945,0.4876580834388733,0.18781204521656036,18,20,25,0.96875,0.96875,0.90625,0.84375
Jonnester/LR-AttnRes-LR-n8-r32,n=8 r=32,lr_attnres,5,32,0.34068378806114197,1.921630859375,0.06005096435546875,0.062255859375,0.0625,0.0,0.0,31.392189025878906,0.9810059070587158,0.003509373404085636,28,30,32,1.0,1.0,1.0,1.0
Jonnester/LR-AttnRes-LR-n8-r32,n=8 r=32,lr_attnres,6,32,0.22803384065628052,1.156890869140625,0.03615283966064453,0.032958984375,0.0625,0.0,0.0,19.38254737854004,0.6057046055793762,0.12530438601970673,20,23,28,1.0,1.0,1.0,0.90625
Jonnester/LR-AttnRes-LR-n8-r32,n=8 r=32,lr_attnres,7,32,0.1987386792898178,1.01507568359375,0.03172111511230469,0.0325927734375,0.0625,0.0,0.0,19.27347755432129,0.6022961735725403,0.11794742196798325,20,23,28,1.0,1.0,0.96875,0.96875
Jonnester/LR-AttnRes-LR-n8-r32,n=8 r=32,lr_attnres,8,32,0.21128810942173004,1.0580978393554688,0.0330655574798584,0.0394287109375,0.062255859375,0.0,0.0,20.012531280517578,0.6253916025161743,0.13936665654182434,19,22,26,1.0,1.0,0.9375,0.90625
Jonnester/LR-AttnRes-LR-n8-r32,n=8 r=32,lr_attnres,9,32,0.2608235478401184,1.3726768493652344,0.042896151542663574,0.047607421875,0.0625,0.0,0.0,24.063596725463867,0.7519873976707458,0.08460596948862076,22,24,28,1.0,1.0,0.96875,0.96875
Jonnester/LR-AttnRes-LR-n8-r32,n=8 r=32,lr_attnres,10,32,0.2626712918281555,1.40911865234375,0.04403495788574219,0.0440673828125,0.0625,0.0,0.0,24.62854766845703,0.7696421146392822,0.06276416033506393,24,26,29,1.0,1.0,1.0,1.0
Jonnester/LR-AttnRes-LR-n8-r32,n=8 r=32,lr_attnres,11,32,0.3074638247489929,1.619424819946289,0.05060702562332153,0.0625,0.0625,0.0,0.0,25.902118682861328,0.8094412088394165,0.08370725065469742,23,25,28,1.0,0.96875,0.9375,0.90625
Jonnester/LR-AttnRes-LR-n8-r32,n=8 r=32,lr_attnres,12,32,0.32825711369514465,1.837158203125,0.05741119384765625,0.0625,0.0625,0.0,0.0,30.08343505859375,0.9401073455810547,0.012916271574795246,26,29,31,1.0,1.0,1.0,1.0
Jonnester/LR-AttnRes-LR-n8-r32,n=8 r=32,lr_attnres,13,32,0.2926425635814667,1.5702323913574219,0.049069762229919434,0.0555419921875,0.06298828125,0.0,0.0,25.987869262695312,0.8121209144592285,0.06252148002386093,23,26,29,1.0,1.0,0.96875,0.96875
Jonnester/LR-AttnRes-LR-n8-r32,n=8 r=32,lr_attnres,14,32,0.25647294521331787,1.3227996826171875,0.04133749008178711,0.0465087890625,0.0625,0.0,0.0,21.82841682434082,0.6821380257606506,0.10719608515501022,20,23,28,1.0,1.0,1.0,0.9375
Jonnester/LR-AttnRes-LR-n8-r32,n=8 r=32,lr_attnres,15,32,0.27914202213287354,1.51324462890625,0.04728889465332031,0.051025390625,0.0625,0.0,0.0,25.860267639160156,0.8081333637237549,0.050634585320949554,23,26,30,1.0,1.0,1.0,1.0
Jonnester/LR-AttnRes-LR-n8-r32,n=8 r=32,lr_attnres,16,32,0.290831059217453,1.580413818359375,0.04938793182373047,0.0531005859375,0.062255859375,0.0,0.0,27.19682502746582,0.8499007821083069,0.04782712832093239,24,27,29,1.0,1.0,1.0,0.96875
Jonnester/LR-AttnRes-LR-n8-r32,n=8 r=32,lr_attnres,17,32,0.3187072277069092,1.7291259765625,0.054035186767578125,0.0625,0.0625,0.0,0.0,27.333471298217773,0.8541709780693054,0.04969388619065285,24,26,29,1.0,1.0,1.0,1.0
Jonnester/LR-AttnRes-LR-n8-r32,n=8 r=32,lr_attnres,18,32,0.3409620225429535,1.922119140625,0.06006622314453125,0.0625,0.0625,0.0,0.0,31.292469024658203,0.9778896570205688,0.004190195817500353,28,30,32,1.0,1.0,1.0,1.0
Jonnester/LR-AttnRes-LR-n8-r32,n=8 r=32,lr_attnres,19,32,0.3079589009284973,1.6565589904785156,0.05176746845245361,0.0625,0.0625,0.0,0.0,26.44213104248047,0.8263165950775146,0.059632111340761185,23,26,29,1.0,0.96875,0.96875,0.96875
Jonnester/LR-AttnRes-LR-n8-r32,n=8 r=32,lr_attnres,20,32,0.3015063405036926,1.64520263671875,0.05141258239746094,0.0606689453125,0.0625,0.0,0.0,26.825923919677734,0.8383101224899292,0.042999833822250366,24,27,31,1.0,1.0,1.0,1.0
Jonnester/LR-AttnRes-LR-n8-r32,n=8 r=32,lr_attnres,21,32,0.2796774208545685,1.4518051147460938,0.04536890983581543,0.0526123046875,0.0625,0.0,0.0,23.323213577270508,0.7288504242897034,0.10003654658794403,21,24,28,1.0,1.0,0.96875,0.90625
Jonnester/LR-AttnRes-LR-n8-r32,n=8 r=32,lr_attnres,22,32,0.312774658203125,1.6783370971679688,0.05244803428649902,0.0625,0.0625,0.0,0.0,27.24904441833496,0.8515326380729675,0.06246526911854744,24,26,29,1.0,1.0,0.96875,0.9375
Jonnester/LR-AttnRes-LR-n8-r32,n=8 r=32,lr_attnres,23,32,0.3169245719909668,1.732421875,0.05413818359375,0.0625,0.0625,0.0,0.0,27.504770278930664,0.8595240712165833,0.04090749844908714,24,26,30,1.0,1.0,1.0,1.0
Jonnester/LR-AttnRes-LR-n8-r32,n=8 r=32,lr_attnres,24,32,0.30865752696990967,1.680419921875,0.05251312255859375,0.0615234375,0.0625,0.0,0.0,27.238611221313477,0.8512066006660461,0.04564622417092323,24,26,29,1.0,1.0,1.0,1.0
Jonnester/LR-AttnRes-LR-n8-r32,n=8 r=32,lr_attnres,25,32,0.30874189734458923,1.67877197265625,0.05246162414550781,0.0625,0.0625,0.0,0.0,26.835315704345703,0.8386036157608032,0.04711190238595009,23,27,30,1.0,1.0,1.0,1.0
Jonnester/LR-AttnRes-LR-n8-r32,n=8 r=32,lr_attnres,26,32,0.29873302578926086,1.586029052734375,0.04956340789794922,0.0625,0.0625,0.0,0.0,25.332075119018555,0.7916273474693298,0.07465740293264389,22,25,28,1.0,1.0,1.0,0.96875
Jonnester/LR-AttnRes-LR-n8-r32,n=8 r=32,lr_attnres,27,32,0.2819836437702179,1.4989013671875,0.046840667724609375,0.0523681640625,0.0625,0.0,0.0,23.972713470458984,0.7491472959518433,0.07328828424215317,22,26,29,1.0,1.0,1.0,1.0
Jonnester/LR-AttnRes-LR-n8-r32,n=8 r=32,lr_attnres,28,32,0.3027345836162567,1.6669921875,0.052093505859375,0.053955078125,0.0625,0.0,0.0,27.94744873046875,0.8733577728271484,0.03229784592986107,25,28,30,1.0,1.0,1.0,1.0
Jonnester/LR-AttnRes-LR-n8-r32,n=8 r=32,lr_attnres,29,32,0.3204309344291687,1.761962890625,0.05506134033203125,0.0625,0.0625,0.0,0.0,28.245038986206055,0.8826574683189392,0.03395530954003334,24,27,30,1.0,1.0,1.0,1.0
Jonnester/LR-AttnRes-LR-n8-r32,n=8 r=32,lr_attnres,30,32,0.29556843638420105,1.552764892578125,0.048523902893066406,0.060302734375,0.0625,0.0,0.0,25.03009605407715,0.7821905016899109,0.08661802858114243,22,24,27,1.0,1.0,0.96875,0.9375
Jonnester/LR-AttnRes-LR-n8-r32,n=8 r=32,lr_attnres,31,32,0.3300095200538635,1.8358154296875,0.057369232177734375,0.0625,0.06298828125,0.0,0.0,29.550832748413086,0.9234635233879089,0.02017185650765896,26,28,31,1.0,1.0,1.0,1.0
Jonnester/LR-AttnRes-LR-n8-r32,n=8 r=32,lr_attnres,32,32,0.26957833766937256,1.43756103515625,0.04492378234863281,0.0445556640625,0.0625,0.0,0.0,23.5888614654541,0.7371519207954407,0.06962337344884872,23,26,30,1.0,1.0,1.0,1.0
Jonnester/LR-AttnRes-LR-n8-r32,n=8 r=32,lr_attnres,33,32,0.3042779266834259,1.6111907958984375,0.05034971237182617,0.0625,0.0634765625,0.0,0.0,25.84552764892578,0.8076727390289307,0.07767590135335922,23,25,27,1.0,1.0,0.9375,0.9375
Jonnester/LR-AttnRes-LR-n8-r32,n=8 r=32,lr_attnres,34,32,0.28092125058174133,1.50604248046875,0.04706382751464844,0.0543212890625,0.0625,0.0,0.0,24.577503204345703,0.7680469751358032,0.06351286917924881,22,26,30,1.0,1.0,1.0,1.0
Jonnester/LR-AttnRes-LR-n8-r32,n=8 r=32,lr_attnres,35,32,0.333232581615448,1.844970703125,0.05765533447265625,0.0625,0.07421875,0.0,0.0,28.98429298400879,0.9057591557502747,0.025826092809438705,25,28,30,1.0,1.0,1.0,1.0
Jonnester/LR-AttnRes-LR-n8-r32,n=8 r=32,lr_attnres,36,32,0.30533725023269653,1.625579833984375,0.05079936981201172,0.0615234375,0.0625,0.0,0.0,26.057159423828125,0.8142862319946289,0.07150129228830338,23,25,28,1.0,1.0,1.0,0.96875
Jonnester/LR-AttnRes-LR-n8-r32,n=8 r=32,lr_attnres,37,32,0.33460158109664917,1.8685302734375,0.058391571044921875,0.0625,0.0634765625,0.0,0.0,30.03986167907715,0.9387456774711609,0.015570648945868015,26,28,31,1.0,1.0,1.0,1.0
Jonnester/LR-AttnRes-LR-n8-r32,n=8 r=32,lr_attnres,38,32,0.2668960392475128,1.4178466796875,0.044307708740234375,0.046630859375,0.0625,0.0,0.0,24.318578720092773,0.7599555850028992,0.07397668808698654,23,25,29,1.0,1.0,1.0,0.96875
Jonnester/LR-AttnRes-LR-n8-r32,n=8 r=32,lr_attnres,39,32,0.3267461657524109,1.79534912109375,0.05610466003417969,0.0625,0.064453125,0.0,0.0,28.582033157348633,0.8931885361671448,0.03483569994568825,25,27,29,1.0,1.0,1.0,1.0
Jonnester/LR-AttnRes-LR-n8-r32,n=8 r=32,lr_attnres,40,32,0.3209805488586426,1.72613525390625,0.05394172668457031,0.0625,0.0625,0.0,0.0,27.213207244873047,0.8504127264022827,0.059946052730083466,24,26,27,1.0,1.0,1.0,1.0
Jonnester/LR-AttnRes-LR-n8-r32,n=8 r=32,lr_attnres,41,32,0.3246445953845978,1.7627792358398438,0.05508685111999512,0.0625,0.064453125,0.0,0.0,28.372922897338867,0.8866538405418396,0.04874110221862793,25,27,29,1.0,1.0,0.96875,0.96875
Jonnester/LR-AttnRes-LR-n8-r32,n=8 r=32,lr_attnres,42,32,0.3185870349407196,1.741119384765625,0.05440998077392578,0.0621337890625,0.0625,0.0,0.0,28.215808868408203,0.8817440271377563,0.04117044806480408,25,27,30,1.0,1.0,1.0,0.96875
Jonnester/LR-AttnRes-LR-n8-r32,n=8 r=32,lr_attnres,43,32,0.30142346024513245,1.6148681640625,0.050464630126953125,0.0625,0.06396484375,0.0,0.0,25.83997344970703,0.8074991703033447,0.0642881989479065,23,26,30,1.0,1.0,1.0,0.9375
Jonnester/LR-AttnRes-LR-n8-r32,n=8 r=32,lr_attnres,44,32,0.2987307608127594,1.5763092041015625,0.04925966262817383,0.0616455078125,0.0625,0.0,0.0,25.293956756591797,0.7904361486434937,0.08163570612668991,22,25,28,1.0,1.0,0.96875,0.9375
Jonnester/LR-AttnRes-LR-n8-r32,n=8 r=32,lr_attnres,45,32,0.31341567635536194,1.6980438232421875,0.05306386947631836,0.0625,0.0634765625,0.0,0.0,27.206722259521484,0.8502100706100464,0.0513199120759964,24,26,29,1.0,1.0,0.96875,0.96875
Jonnester/LR-AttnRes-LR-n8-r32,n=8 r=32,lr_attnres,46,32,0.3363369405269623,1.8697509765625,0.058429718017578125,0.0625,0.0634765625,0.0,0.0,29.7147274017334,0.9285852313041687,0.020978523418307304,26,28,31,1.0,1.0,1.0,1.0
Jonnester/LR-AttnRes-LR-n8-r32,n=8 r=32,lr_attnres,47,32,0.2635646462440491,1.40423583984375,0.04388236999511719,0.045654296875,0.0625,0.0,0.0,24.010452270507812,0.7503266334533691,0.07064701616764069,23,26,29,1.0,1.0,1.0,0.96875
Jonnester/LR-AttnRes-LR-n8-r32,n=8 r=32,lr_attnres,48,32,0.30555278062820435,1.675537109375,0.05236053466796875,0.062255859375,0.06298828125,0.0,0.0,26.954469680786133,0.8423271775245667,0.03719855844974518,24,28,32,1.0,1.0,1.0,1.0
Jonnester/LR-AttnRes-n16-r32,n=16 r=32,lr_attnres,1,32,0.32037362456321716,1.794189453125,0.05606842041015625,0.0614013671875,0.0625,0.0,0.0,29.980854034423828,0.9369016885757446,0.012143600732088089,27,29,32,1.0,1.0,1.0,1.0
Jonnester/LR-AttnRes-n16-r32,n=16 r=32,lr_attnres,2,32,0.18974918127059937,1.020751953125,0.03189849853515625,0.03173828125,0.052734375,0.0,0.0,24.30223274230957,0.7594447731971741,0.05956248193979263,24,26,29,1.0,1.0,1.0,1.0
Jonnester/LR-AttnRes-n16-r32,n=16 r=32,lr_attnres,3,32,0.28810128569602966,1.5863037109375,0.049571990966796875,0.051513671875,0.0625,0.0,0.0,27.077686309814453,0.8461776971817017,0.03238058090209961,25,28,31,1.0,1.0,1.0,1.0
Jonnester/LR-AttnRes-n16-r32,n=16 r=32,lr_attnres,4,32,0.15218739211559296,0.7306365966796875,0.022832393646240234,0.019775390625,0.062255859375,0.0,0.0,13.844795227050781,0.4326498508453369,0.18380503356456757,17,21,26,1.0,1.0,0.9375,0.84375
Jonnester/LR-AttnRes-n16-r32,n=16 r=32,lr_attnres,5,32,0.25252044200897217,1.295318603515625,0.04047870635986328,0.0418701171875,0.0625,0.0,0.0,21.430988311767578,0.6697183847427368,0.11322979629039764,20,23,27,1.0,1.0,0.96875,0.9375
Jonnester/LR-AttnRes-n16-r32,n=16 r=32,lr_attnres,6,32,0.24726541340351105,1.293243408203125,0.040413856506347656,0.041015625,0.0625,0.0,0.0,22.235218048095703,0.6948505640029907,0.09162215888500214,22,24,28,1.0,1.0,1.0,0.96875
Jonnester/LR-AttnRes-n16-r32,n=16 r=32,lr_attnres,7,32,0.26451870799064636,1.3634185791015625,0.04260683059692383,0.04638671875,0.0625,0.0,0.0,22.15721893310547,0.6924130916595459,0.10790915787220001,20,23,28,1.0,1.0,0.96875,0.9375
Jonnester/LR-AttnRes-n16-r32,n=16 r=32,lr_attnres,8,32,0.23324336111545563,1.2203369140625,0.038135528564453125,0.03857421875,0.061767578125,0.0,0.0,21.982454299926758,0.6869516968727112,0.09122496843338013,21,24,29,1.0,1.0,0.96875,0.96875
Jonnester/LR-AttnRes-n16-r32,n=16 r=32,lr_attnres,9,32,0.302269846200943,1.629608154296875,0.050925254821777344,0.0589599609375,0.0625,0.0,0.0,26.52947998046875,0.8290462493896484,0.057038042694330215,23,26,29,1.0,1.0,0.96875,0.96875
Jonnester/LR-AttnRes-n16-r32,n=16 r=32,lr_attnres,10,32,0.2732083797454834,1.4991455078125,0.046848297119140625,0.04638671875,0.0625,0.0,0.0,26.209136962890625,0.819035530090332,0.0364338755607605,25,28,31,1.0,1.0,1.0,1.0
Jonnester/LR-AttnRes-n16-r32,n=16 r=32,lr_attnres,11,32,0.2670353353023529,1.405487060546875,0.043921470642089844,0.0494384765625,0.0625,0.0,0.0,23.47381019592285,0.7335565686225891,0.08451074361801147,21,24,28,1.0,1.0,1.0,1.0
Jonnester/LR-AttnRes-n16-r32,n=16 r=32,lr_attnres,12,32,0.276700884103775,1.484405517578125,0.046387672424316406,0.048828125,0.0625,0.0,0.0,25.044523239135742,0.7826413512229919,0.06274542212486267,23,26,29,1.0,1.0,1.0,1.0
Jonnester/LR-AttnRes-n16-r32,n=16 r=32,lr_attnres,13,32,0.32536643743515015,1.78265380859375,0.05570793151855469,0.0625,0.0625,0.0,0.0,28.501739501953125,0.8906793594360352,0.03821093589067459,25,27,30,1.0,1.0,1.0,0.96875
Jonnester/LR-AttnRes-n16-r32,n=16 r=32,lr_attnres,14,32,0.24396158754825592,1.27215576171875,0.03975486755371094,0.04345703125,0.0625,0.0,0.0,23.382658004760742,0.7307080626487732,0.09497404843568802,22,25,27,1.0,1.0,0.96875,0.90625
Jonnester/LR-AttnRes-n16-r32,n=16 r=32,lr_attnres,15,32,0.29282206296920776,1.6063232421875,0.050197601318359375,0.0526123046875,0.0625,0.0,0.0,26.97459602355957,0.8429561257362366,0.036761026829481125,25,28,31,1.0,1.0,1.0,1.0
Jonnester/LR-AttnRes-n16-r32,n=16 r=32,lr_attnres,16,32,0.25914278626441956,1.3980712890625,0.043689727783203125,0.043212890625,0.0625,0.0,0.0,24.10044288635254,0.7531388401985168,0.05623321980237961,24,27,30,1.0,1.0,1.0,1.0
Jonnester/LR-AttnRes-n16-r32,n=16 r=32,lr_attnres,17,32,0.25377586483955383,1.3492431640625,0.042163848876953125,0.046142578125,0.0625,0.0,0.0,24.371002197265625,0.7615938186645508,0.07304970920085907,23,25,29,1.0,1.0,1.0,0.96875
Jonnester/LR-AttnRes-n16-r32,n=16 r=32,lr_attnres,18,32,0.27464115619659424,1.481536865234375,0.04629802703857422,0.0489501953125,0.0625,0.0,0.0,26.035873413085938,0.8136210441589355,0.05634882301092148,24,27,29,1.0,1.0,0.96875,0.96875
Jonnester/LR-AttnRes-n16-r32,n=16 r=32,lr_attnres,19,32,0.3002444803714752,1.633544921875,0.05104827880859375,0.06005859375,0.0625,0.0,0.0,26.66020393371582,0.8331313729286194,0.04641295596957207,24,26,30,1.0,1.0,1.0,1.0
Jonnester/LR-AttnRes-n16-r32,n=16 r=32,lr_attnres,20,32,0.2591089904308319,1.3816146850585938,0.043175458908081055,0.04248046875,0.0625,0.0,0.0,24.455322265625,0.7642288208007812,0.0697205439209938,24,26,29,1.0,0.96875,0.96875,0.9375
Jonnester/LR-AttnRes-n16-r32,n=16 r=32,lr_attnres,21,32,0.310690701007843,1.721435546875,0.05379486083984375,0.058837890625,0.0625,0.0,0.0,28.641252517700195,0.8950391411781311,0.024948466569185257,25,28,31,1.0,1.0,1.0,1.0
Jonnester/LR-AttnRes-n16-r32,n=16 r=32,lr_attnres,22,32,0.3041384220123291,1.6605300903320312,0.05189156532287598,0.059326171875,0.0625,0.0,0.0,27.54026222229004,0.8606331944465637,0.04231829196214676,25,27,30,1.0,1.0,0.96875,0.96875
Jonnester/LR-AttnRes-n16-r32,n=16 r=32,lr_attnres,23,32,0.3106077015399933,1.72216796875,0.0538177490234375,0.0625,0.0625,0.0,0.0,28.3133602142334,0.8847925066947937,0.02412419021129608,26,28,32,1.0,1.0,1.0,1.0
Jonnester/LR-AttnRes-n16-r32,n=16 r=32,lr_attnres,24,32,0.2834802269935608,1.5272254943847656,0.047725796699523926,0.051025390625,0.0625,0.0,0.0,25.43202781677246,0.7947508692741394,0.05785873532295227,23,27,30,1.0,1.0,0.96875,0.96875
Jonnester/LR-AttnRes-n16-r32,n=16 r=32,lr_attnres,25,32,0.307755708694458,1.7115478515625,0.053485870361328125,0.05810546875,0.0625,0.0,0.0,28.70016860961914,0.8968802690505981,0.020500851795077324,26,29,32,1.0,1.0,1.0,1.0
Jonnester/LR-AttnRes-n16-r32,n=16 r=32,lr_attnres,26,32,0.2778455913066864,1.517578125,0.04742431640625,0.04638671875,0.0625,0.0,0.0,25.556398391723633,0.7986374497413635,0.04185362532734871,25,28,31,1.0,1.0,1.0,1.0
Jonnester/LR-AttnRes-n16-r32,n=16 r=32,lr_attnres,27,32,0.3254826068878174,1.7884521484375,0.055889129638671875,0.0625,0.0625,0.0,0.0,28.72197914123535,0.8975618481636047,0.03480549156665802,25,27,30,1.0,1.0,1.0,1.0
Jonnester/LR-AttnRes-n16-r32,n=16 r=32,lr_attnres,28,32,0.2855749726295471,1.55853271484375,0.04870414733886719,0.05029296875,0.0625,0.0,0.0,26.205795288085938,0.8189311027526855,0.04280323535203934,24,27,31,1.0,1.0,1.0,1.0
Jonnester/LR-AttnRes-n16-r32,n=16 r=32,lr_attnres,29,32,0.29185280203819275,1.59283447265625,0.04977607727050781,0.052978515625,0.0625,0.0,0.0,26.43709945678711,0.8261593580245972,0.0427735410630703,24,27,31,1.0,1.0,1.0,1.0
Jonnester/LR-AttnRes-n16-r32,n=16 r=32,lr_attnres,30,32,0.25380876660346985,1.361968994140625,0.04256153106689453,0.04345703125,0.0625,0.0,0.0,24.534788131713867,0.7667121291160583,0.062430866062641144,24,27,29,1.0,1.0,1.0,1.0
Jonnester/LR-AttnRes-n16-r32,n=16 r=32,lr_attnres,31,32,0.32321685552597046,1.7965087890625,0.056140899658203125,0.0625,0.06396484375,0.0,0.0,29.072105407714844,0.9085032939910889,0.021181469783186913,26,28,31,1.0,1.0,1.0,1.0
Jonnester/LR-AttnRes-n16-r32,n=16 r=32,lr_attnres,32,32,0.23198357224464417,1.16986083984375,0.03655815124511719,0.0419921875,0.0625,0.0,0.0,21.133405685424805,0.6604189276695251,0.1318472921848297,21,23,26,1.0,1.0,0.90625,0.84375
Jonnester/LR-AttnRes-n16-r32,n=16 r=32,lr_attnres,33,32,0.28674155473709106,1.52117919921875,0.04753684997558594,0.054931640625,0.06396484375,0.0,0.0,25.209754943847656,0.7878048419952393,0.07554475963115692,23,25,28,1.0,1.0,1.0,0.96875
Jonnester/LR-AttnRes-n16-r32,n=16 r=32,lr_attnres,34,32,0.26092401146888733,1.4136962890625,0.044178009033203125,0.0467529296875,0.0625,0.0,0.0,25.244396209716797,0.7888873815536499,0.05128264054656029,24,26,30,1.0,1.0,1.0,1.0
Jonnester/LR-AttnRes-n16-r32,n=16 r=32,lr_attnres,35,32,0.31211578845977783,1.6368827819824219,0.051152586936950684,0.0625,0.06298828125,0.0,0.0,26.113985061645508,0.8160620331764221,0.08855359256267548,23,25,27,1.0,1.0,0.90625,0.90625
Jonnester/LR-AttnRes-n16-r32,n=16 r=32,lr_attnres,36,32,0.26826170086860657,1.43853759765625,0.04495429992675781,0.0460205078125,0.0625,0.0,0.0,25.008214950561523,0.7815067172050476,0.06322145462036133,23,26,29,1.0,1.0,1.0,1.0
Jonnester/LR-AttnRes-n16-r32,n=16 r=32,lr_attnres,37,32,0.3244766592979431,1.767303466796875,0.055228233337402344,0.0625,0.0634765625,0.0,0.0,28.039091110229492,0.8762215971946716,0.04514346644282341,25,26,29,1.0,1.0,1.0,1.0
Jonnester/LR-AttnRes-n16-r32,n=16 r=32,lr_attnres,38,32,0.29506081342697144,1.57354736328125,0.04917335510253906,0.0577392578125,0.0625,0.0,0.0,25.98366928100586,0.8119896650314331,0.0695522129535675,23,26,29,1.0,1.0,0.96875,0.9375
Jonnester/LR-AttnRes-n16-r32,n=16 r=32,lr_attnres,39,32,0.3145539164543152,1.7002029418945312,0.0531313419342041,0.0625,0.06396484375,0.0,0.0,27.065322875976562,0.8457913398742676,0.054055798798799515,24,26,29,1.0,1.0,0.96875,0.96875
Jonnester/LR-AttnRes-n16-r32,n=16 r=32,lr_attnres,40,32,0.3087700307369232,1.69580078125,0.0529937744140625,0.0609130859375,0.0625,0.0,0.0,27.656009674072266,0.8642503023147583,0.03537542000412941,25,27,30,1.0,1.0,1.0,1.0
Jonnester/LR-AttnRes-n16-r32,n=16 r=32,lr_attnres,41,32,0.311206191778183,1.68524169921875,0.05266380310058594,0.0625,0.06396484375,0.0,0.0,26.69771385192871,0.8343035578727722,0.051893528550863266,23,26,29,1.0,1.0,1.0,1.0
Jonnester/LR-AttnRes-n16-r32,n=16 r=32,lr_attnres,42,32,0.32237404584884644,1.771087646484375,0.05534648895263672,0.0625,0.0625,0.0,0.0,28.526838302612305,0.8914636969566345,0.03499441221356392,25,27,31,1.0,1.0,1.0,0.96875
Jonnester/LR-AttnRes-n16-r32,n=16 r=32,lr_attnres,43,32,0.31458622217178345,1.720001220703125,0.053750038146972656,0.0625,0.0634765625,0.0,0.0,27.78993797302246,0.8684355616569519,0.04066062718629837,25,27,30,1.0,1.0,1.0,0.96875
Jonnester/LR-AttnRes-n16-r32,n=16 r=32,lr_attnres,44,32,0.3243870437145233,1.76153564453125,0.05504798889160156,0.0625,0.06298828125,0.0,0.0,28.01655387878418,0.8755173087120056,0.04863860458135605,25,26,29,1.0,1.0,1.0,1.0
Jonnester/LR-AttnRes-n16-r32,n=16 r=32,lr_attnres,45,32,0.298920601606369,1.6029815673828125,0.05009317398071289,0.0550537109375,0.06298828125,0.0,0.0,26.9053897857666,0.8407934308052063,0.06319452077150345,24,26,28,1.0,1.0,0.96875,0.9375
Jonnester/LR-AttnRes-n16-r32,n=16 r=32,lr_attnres,46,32,0.3040274679660797,1.6712646484375,0.052227020263671875,0.060546875,0.064453125,0.0,0.0,27.20195198059082,0.8500609993934631,0.03430846706032753,24,28,31,1.0,1.0,1.0,1.0
Jonnester/LR-AttnRes-n16-r32,n=16 r=32,lr_attnres,47,32,0.24065537750720978,1.2554473876953125,0.039232730865478516,0.0364990234375,0.0625,0.0,0.0,21.25824546813965,0.664320170879364,0.09449924528598785,23,26,29,1.0,1.0,0.96875,0.96875
Jonnester/LR-AttnRes-n16-r32,n=16 r=32,lr_attnres,48,32,0.2858412265777588,1.54541015625,0.0482940673828125,0.05224609375,0.068359375,0.0,0.0,24.483551025390625,0.765110969543457,0.05375321954488754,24,28,32,1.0,1.0,1.0,1.0
